"SCOPE","AGGREGATION LEVEL","YEAR","DISTRICT NUMBER","DISTRICT NAME","CAMPUS NUMBER","CAMPUS NAME","COUNTY NUMBER","COUNTY NAME","REGION","TOTAL  ENROLLMENT","TOTAL  G & T  STUDENTS","TOTAL  CTE  STUDENTS","TOTAL  ELL  STUDENTS","TOTAL  BILINGUAL  STUDENTS","TOTAL  ESL  STUDENTS","TOTAL  ECONOMICALLY  DISADVANTAGED  STUDENTS","TOTAL  TITLE I  STUDENTS","TOTAL  AT RISK  STUDENTS","TOTAL MILITARY CONNECTED STUDENTS","TOTAL FOSTER CARE STUDENTS","TOTAL STUDENTS RECEIVING SPECIAL EDUCATION SERVICES","TOTAL DYSLEXIC STUDENTS"
"COUNTY","CAMPUS","2014-2015",227803,"WAYSIDE SCHOOLS",227803001,"SCI-TECH PREPARATORY",227,"TRAVIS COUNTY",13,252,0,52,59,0,59,144,252,144,0,-9999999,33,5
"COUNTY","CAMPUS","2014-2015",227803,"WAYSIDE SCHOOLS",227803101,"EDEN PARK ACADEMY",227,"TRAVIS COUNTY",13,439,0,0,29,0,29,175,439,136,0,0,31,5
"COUNTY","CAMPUS","2014-2015",227803,"WAYSIDE SCHOOLS",227803102,"REAL LEARNING ACADEMY",227,"TRAVIS COUNTY",13,677,0,0,293,127,161,495,677,416,-9999999,0,28,9
"COUNTY","CAMPUS","2014-2015",227804,"NYOS CHARTER SCHOOL",227804101,"NYOS CHARTER SCHOOL",227,"TRAVIS COUNTY",13,597,-9999999,226,64,0,64,211,597,204,6,0,56,17
"COUNTY","CAMPUS","2014-2015",227804,"NYOS CHARTER SCHOOL",227804102,"NYOS - MAGNOLIA MCCULLOUGH CAMPUS",227,"TRAVIS COUNTY",13,325,0,0,111,0,111,164,325,215,-9999999,-9999999,15,-9999999
"COUNTY","CAMPUS","2014-2015",227805,"TEXAS EMPOWERMENT ACADEMY",227805041,"TEXAS EMPOWERMENT ACADEMY",227,"TRAVIS COUNTY",13,108,0,0,0,0,0,108,108,40,0,0,11,-9999999
"COUNTY","CAMPUS","2014-2015",227805,"TEXAS EMPOWERMENT ACADEMY",227805101,"TEXAS EMPOWERMENT ACADEMY EL",227,"TRAVIS COUNTY",13,163,0,0,0,0,0,163,163,68,0,0,-9999999,-9999999
"COUNTY","CAMPUS","2014-2015",227806,"UNIVERSITY OF TEXAS UNIVERSITY CHA",227806005,"SETTLEMENT HOME",227,"TRAVIS COUNTY",13,34,0,27,0,0,0,32,-9999999,34,0,34,17,-9999999
"COUNTY","CAMPUS","2014-2015",227806,"UNIVERSITY OF TEXAS UNIVERSITY CHA",227806009,"PATHFINDER CAMP",227,"TRAVIS COUNTY",13,18,0,0,-9999999,0,-9999999,18,0,18,0,17,12,-9999999
"COUNTY","CAMPUS","2014-2015",227806,"UNIVERSITY OF TEXAS UNIVERSITY CHA",227806015,"GEORGE M KOZMETSKY SCHOOL",227,"TRAVIS COUNTY",13,56,0,0,13,0,13,38,55,54,0,13,5,-9999999
"COUNTY","CAMPUS","2014-2015",227806,"UNIVERSITY OF TEXAS UNIVERSITY CHA",227806017,"ANNUNCIATION MATERNITY HOME",227,"TRAVIS COUNTY",13,11,0,7,-9999999,0,-9999999,-9999999,0,11,0,0,-9999999,0
"COUNTY","CAMPUS","2014-2015",227806,"UNIVERSITY OF TEXAS UNIVERSITY CHA",227806023,"PATHWAYS 3H CAMPUS",227,"TRAVIS COUNTY",13,23,0,0,0,0,0,23,0,23,0,18,17,-9999999
"COUNTY","CAMPUS","2014-2015",227806,"UNIVERSITY OF TEXAS UNIVERSITY CHA",227806024,"TNC CAMPUS (TEXAS NEUROREHABILITAT",227,"TRAVIS COUNTY",13,72,0,40,-9999999,0,-9999999,11,0,63,0,-9999999,61,0
"COUNTY","CAMPUS","2014-2015",227806,"UNIVERSITY OF TEXAS UNIVERSITY CHA",227806025,"METHODIST CHILDREN'S HOME",227,"TRAVIS COUNTY",13,117,0,59,9,0,8,117,0,117,0,11,22,-9999999
"COUNTY","CAMPUS","2014-2015",227806,"UNIVERSITY OF TEXAS UNIVERSITY CHA",227806029,"DEPELCHIN-RICHMOND",227,"TRAVIS COUNTY",13,16,0,0,-9999999,0,-9999999,16,0,16,0,15,6,-9999999
"COUNTY","CAMPUS","2014-2015",227806,"UNIVERSITY OF TEXAS UNIVERSITY CHA",227806030,"LAUREL RIDGE",227,"TRAVIS COUNTY",13,20,0,0,0,0,0,11,0,20,5,0,7,0
"COUNTY","CAMPUS","2014-2015",227806,"UNIVERSITY OF TEXAS UNIVERSITY CHA",227806031,"OLYMPIA HILLS",227,"TRAVIS COUNTY",13,22,0,0,0,0,0,0,0,-9999999,0,0,-9999999,-9999999
"COUNTY","CAMPUS","2014-2015",227806,"UNIVERSITY OF TEXAS UNIVERSITY CHA",227806032,"HELPING HAND",227,"TRAVIS COUNTY",13,20,0,0,-9999999,0,-9999999,18,-9999999,20,0,20,10,-9999999
"COUNTY","CAMPUS","2014-2015",227806,"UNIVERSITY OF TEXAS UNIVERSITY CHA",227806034,"UT - UNIVERSITY CHARTER SCHOOL AT",227,"TRAVIS COUNTY",13,9,0,0,0,0,0,-9999999,0,7,-9999999,0,-9999999,0
"COUNTY","CAMPUS","2014-2015",227806,"UNIVERSITY OF TEXAS UNIVERSITY CHA",227806035,"UT - UNIVERSITY CHARTER SCHOOL AT",227,"TRAVIS COUNTY",13,21,0,0,0,0,0,6,0,21,0,0,-9999999,0
"COUNTY","CAMPUS","2014-2015",227814,"CHAPARRAL STAR ACADEMY",227814001,"CHAPARRAL STAR ACADEMY",227,"TRAVIS COUNTY",13,362,0,91,0,0,0,0,0,81,0,0,9,0
"COUNTY","CAMPUS","2014-2015",227816,"HARMONY SCIENCE ACADEMY (AUSTIN)",227816001,"HARMONY SCIENCE ACADEMY - AUSTIN",227,"TRAVIS COUNTY",13,403,22,0,215,0,210,332,403,275,0,0,28,-9999999
"COUNTY","CAMPUS","2014-2015",227816,"HARMONY SCIENCE ACADEMY (AUSTIN)",227816002,"HARMONY SCIENCE ACADEMY NORTH AUST",227,"TRAVIS COUNTY",13,657,70,158,76,0,73,353,657,271,0,0,29,11
"COUNTY","CAMPUS","2014-2015",227816,"HARMONY SCIENCE ACADEMY (AUSTIN)",227816003,"HARMONY SCHOOL OF SCIENCE - AUSTIN",227,"TRAVIS COUNTY",13,564,66,0,150,0,148,231,564,201,0,0,25,-9999999
"COUNTY","CAMPUS","2014-2015",227816,"HARMONY SCIENCE ACADEMY (AUSTIN)",227816004,"HARMONY SCHOOL OF POLITICAL SCIENC",227,"TRAVIS COUNTY",13,816,72,20,125,0,108,221,0,247,0,0,32,10
"COUNTY","CAMPUS","2014-2015",227816,"HARMONY SCIENCE ACADEMY (AUSTIN)",227816005,"HARMONY SCHOOL OF INNOVATION - AUS",227,"TRAVIS COUNTY",13,394,16,0,194,0,189,265,0,217,0,0,23,0
"COUNTY","CAMPUS","2014-2015",227816,"HARMONY SCIENCE ACADEMY (AUSTIN)",227816101,"HARMONY SCHOOL OF EXCELLENCE",227,"TRAVIS COUNTY",13,610,28,49,145,0,143,401,610,351,0,0,53,18
"COUNTY","CAMPUS","2014-2015",227817,"CEDARS INTERNATIONAL ACADEMY",227817101,"CEDARS INTERNATIONAL ACADEMY",227,"TRAVIS COUNTY",13,392,12,0,127,0,126,325,392,171,-9999999,0,15,-9999999
"COUNTY","CAMPUS","2014-2015",227819,"UNIVERSITY OF TEXAS ELEMENTARY CHA",227819101,"UNIVERSITY OF TEXAS EL CHARTER SCH",227,"TRAVIS COUNTY",13,304,9,0,61,0,57,168,51,122,7,0,18,9
"COUNTY","CAMPUS","2014-2015",227820,"KIPP AUSTIN PUBLIC SCHOOLS INC",227820001,"KIPP AUSTIN COLLEGIATE",227,"TRAVIS COUNTY",13,566,0,0,133,0,128,525,566,317,0,0,53,-9999999
"COUNTY","CAMPUS","2014-2015",227820,"KIPP AUSTIN PUBLIC SCHOOLS INC",227820041,"KIPP AUSTIN COLLEGE PREP",227,"TRAVIS COUNTY",13,415,0,0,203,0,199,384,415,254,0,0,43,6
"COUNTY","CAMPUS","2014-2015",227820,"KIPP AUSTIN PUBLIC SCHOOLS INC",227820042,"KIPP AUSTIN ACADEMY OF ARTS & LETT",227,"TRAVIS COUNTY",13,412,0,0,162,0,157,376,412,219,0,0,24,-9999999
"COUNTY","CAMPUS","2014-2015",227820,"KIPP AUSTIN PUBLIC SCHOOLS INC",227820043,"KIPP AUSTIN BEACON PREP",227,"TRAVIS COUNTY",13,335,0,0,194,0,189,304,335,290,0,0,26,-9999999
"COUNTY","CAMPUS","2014-2015",227820,"KIPP AUSTIN PUBLIC SCHOOLS INC",227820044,"KIPP AUSTIN VISTA MIDDLE SCHOOLS",227,"TRAVIS COUNTY",13,337,0,0,183,0,179,296,336,234,0,0,38,7
"COUNTY","CAMPUS","2014-2015",227820,"KIPP AUSTIN PUBLIC SCHOOLS INC",227820101,"KIPP AUSTIN COMUNIDAD",227,"TRAVIS COUNTY",13,603,0,0,399,399,0,529,603,477,0,0,48,-9999999
"COUNTY","CAMPUS","2014-2015",227820,"KIPP AUSTIN PUBLIC SCHOOLS INC",227820102,"KIPP AUSTIN CONNECTIONS EL",227,"TRAVIS COUNTY",13,482,0,0,333,333,0,419,482,348,0,0,30,0
"COUNTY","CAMPUS","2014-2015",227820,"KIPP AUSTIN PUBLIC SCHOOLS INC",227820103,"KIPP AUSTIN OBRAS",227,"TRAVIS COUNTY",13,356,0,0,220,220,0,303,356,233,0,0,22,0
"COUNTY","CAMPUS","2014-2015",227820,"KIPP AUSTIN PUBLIC SCHOOLS INC",227820104,"KIPP AUSTIN LEADERSHIP EL",227,"TRAVIS COUNTY",13,355,0,0,202,202,0,302,355,234,0,0,21,0
"COUNTY","CAMPUS","2014-2015",227821,"AUSTIN DISCOVERY SCHOOL",227821101,"AUSTIN DISCOVERY SCH",227,"TRAVIS COUNTY",13,491,0,0,12,0,10,102,0,208,-9999999,-9999999,34,24
"COUNTY","CAMPUS","2014-2015",227824,"THE EAST AUSTIN COLLEGE PREP ACADE",227824001,"THE EAST AUSTIN COLLEGE PREP ACADE",227,"TRAVIS COUNTY",13,272,0,0,54,0,54,243,0,116,0,0,23,0
"COUNTY","CAMPUS","2014-2015",227824,"THE EAST AUSTIN COLLEGE PREP ACADE",227824002,"THE EAST AUSTIN COLLEGE PREP AT ML",227,"TRAVIS COUNTY",13,575,0,285,141,0,134,485,0,404,0,0,63,0
"COUNTY","CAMPUS","2014-2015",227825,"AUSTIN ACHIEVE PUBLIC SCHOOLS",227825001,"AUSTIN ACHIEVE PUBLIC SCHOOLS",227,"TRAVIS COUNTY",13,411,0,0,180,0,178,384,411,288,0,0,52,0
"COUNTY","CAMPUS","2014-2015",227826,"MONTESSORI FOR ALL",227826101,"MAGNOLIA MONTESSORI FOR ALL",227,"TRAVIS COUNTY",13,276,0,0,64,0,64,125,275,116,-9999999,-9999999,9,0
"COUNTY","CAMPUS","2014-2015",227827,"THE EXCEL CENTER (FOR ADULTS)",227827001,"THE EXCEL CENTER (FOR ADULTS)",227,"TRAVIS COUNTY",13,132,0,6,0,0,0,106,0,46,0,0,0,0
"COUNTY","CAMPUS","2014-2015",227901,"AUSTIN ISD",227901000,"NOT APPLICABLE",227,"TRAVIS COUNTY",13,21,0,0,0,0,0,21,0,0,0,0,0,0
"COUNTY","CAMPUS","2014-2015",227901,"AUSTIN ISD",227901002,"AUSTIN H S",227,"TRAVIS COUNTY",13,2085,161,1109,53,0,51,599,11,792,0,0,183,143
"COUNTY","CAMPUS","2014-2015",227901,"AUSTIN ISD",227901004,"LANIER H S",227,"TRAVIS COUNTY",13,1619,52,1048,530,0,517,1386,1619,1220,-9999999,9,200,122
"COUNTY","CAMPUS","2014-2015",227901,"AUSTIN ISD",227901005,"MCCALLUM H S",227,"TRAVIS COUNTY",13,1648,261,776,65,0,58,524,33,677,0,0,157,106
"COUNTY","CAMPUS","2014-2015",227901,"AUSTIN ISD",227901006,"REAGAN H S",227,"TRAVIS COUNTY",13,1229,96,847,354,0,346,1012,1229,879,0,6,159,76
"COUNTY","CAMPUS","2014-2015",227901,"AUSTIN ISD",227901007,"TRAVIS H S",227,"TRAVIS COUNTY",13,1329,83,861,305,0,288,1138,1329,1019,0,0,200,150
"COUNTY","CAMPUS","2014-2015",227901,"AUSTIN ISD",227901008,"CROCKETT H S",227,"TRAVIS COUNTY",13,1498,125,639,149,0,142,993,19,847,6,-9999999,231,137
"COUNTY","CAMPUS","2014-2015",227901,"AUSTIN ISD",227901009,"ANDERSON H S",227,"TRAVIS COUNTY",13,2224,205,1106,109,0,100,594,11,718,15,0,147,104
"COUNTY","CAMPUS","2014-2015",227901,"AUSTIN ISD",227901012,"ALTERNATIVE LEARNING CENTER",227,"TRAVIS COUNTY",13,166,9,-9999999,36,0,36,134,9,166,0,-9999999,31,14
"COUNTY","CAMPUS","2014-2015",227901,"AUSTIN ISD",227901013,"BOWIE H S",227,"TRAVIS COUNTY",13,2871,257,1858,41,0,35,408,-9999999,729,-9999999,0,215,139
"COUNTY","CAMPUS","2014-2015",227901,"AUSTIN ISD",227901014,"LBJ HIGH SCHOOL",227,"TRAVIS COUNTY",13,853,77,684,150,0,139,711,853,572,0,0,114,74
"COUNTY","CAMPUS","2014-2015",227901,"AUSTIN ISD",227901015,"GARZA INDEPENDENCE H S",227,"TRAVIS COUNTY",13,190,7,35,8,0,7,79,15,150,0,0,9,10
"COUNTY","CAMPUS","2014-2015",227901,"AUSTIN ISD",227901017,"AKINS H S",227,"TRAVIS COUNTY",13,2667,195,2087,322,0,298,1847,11,1555,7,-9999999,289,221
"COUNTY","CAMPUS","2014-2015",227901,"AUSTIN ISD",227901018,"LASA H S",227,"TRAVIS COUNTY",13,1002,502,549,0,0,0,119,0,41,0,0,9,12
"COUNTY","CAMPUS","2014-2015",227901,"AUSTIN ISD",227901019,"EASTSIDE MEMORIAL AT THE JOHNSTON",227,"TRAVIS COUNTY",13,625,33,399,144,0,142,553,625,500,0,0,110,82
"COUNTY","CAMPUS","2014-2015",227901,"AUSTIN ISD",227901025,"PREMIER H S AT TRAVIS",227,"TRAVIS COUNTY",13,133,0,-9999999,28,0,27,92,-9999999,127,0,-9999999,12,7
"COUNTY","CAMPUS","2014-2015",227901,"AUSTIN ISD",227901026,"PREMIER H S AT LANIER",227,"TRAVIS COUNTY",13,122,0,-9999999,45,0,44,76,-9999999,113,0,0,16,5
"COUNTY","CAMPUS","2014-2015",227901,"AUSTIN ISD",227901027,"TRAVIS COUNTY DAY SCHOOL",227,"TRAVIS COUNTY",13,15,0,0,-9999999,0,-9999999,7,0,15,0,0,7,-9999999
"COUNTY","CAMPUS","2014-2015",227901,"AUSTIN ISD",227901028,"RICHARDS SCH FOR YOUNG WOMEN LEADE",227,"TRAVIS COUNTY",13,764,235,764,20,0,20,451,0,94,-9999999,-9999999,7,7
"COUNTY","CAMPUS","2014-2015",227901,"AUSTIN ISD",227901029,"INTERNATIONAL H S",227,"TRAVIS COUNTY",13,368,0,0,356,0,356,343,10,356,0,0,-9999999,0
"COUNTY","CAMPUS","2014-2015",227901,"AUSTIN ISD",227901030,"TRAVIS COUNTY JUVENILE DETENTION C",227,"TRAVIS COUNTY",13,58,0,0,10,0,9,34,0,58,0,0,16,7
"COUNTY","CAMPUS","2014-2015",227901,"AUSTIN ISD",227901032,"PHOENIX ACADEMY",227,"TRAVIS COUNTY",13,32,0,0,-9999999,0,-9999999,-9999999,0,32,0,0,5,-9999999
"COUNTY","CAMPUS","2014-2015",227901,"AUSTIN ISD",227901035,"LEADERSHIP ACADEMY",227,"TRAVIS COUNTY",13,39,0,0,12,0,12,15,0,39,0,0,13,-9999999
"COUNTY","CAMPUS","2014-2015",227901,"AUSTIN ISD",227901036,"TRAVIS COUNTY J J A E P",227,"TRAVIS COUNTY",13,-9999999,0,0,-9999999,0,-9999999,-9999999,-9999999,-9999999,0,0,0,-9999999
"COUNTY","CAMPUS","2014-2015",227901,"AUSTIN ISD",227901043,"FULMORE M S",227,"TRAVIS COUNTY",13,952,223,278,217,0,210,684,952,442,0,0,124,81
"COUNTY","CAMPUS","2014-2015",227901,"AUSTIN ISD",227901044,"KEALING M S",227,"TRAVIS COUNTY",13,1188,498,316,76,0,74,395,1188,262,0,0,97,44
"COUNTY","CAMPUS","2014-2015",227901,"AUSTIN ISD",227901045,"LAMAR M S",227,"TRAVIS COUNTY",13,895,102,577,57,0,55,307,6,289,0,0,93,46
"COUNTY","CAMPUS","2014-2015",227901,"AUSTIN ISD",227901046,"BURNET M S",227,"TRAVIS COUNTY",13,1138,53,565,538,0,534,1056,1138,835,0,-9999999,159,74
"COUNTY","CAMPUS","2014-2015",227901,"AUSTIN ISD",227901047,"O HENRY M S",227,"TRAVIS COUNTY",13,891,97,331,55,0,54,265,-9999999,249,6,0,82,81
"COUNTY","CAMPUS","2014-2015",227901,"AUSTIN ISD",227901051,"MARTIN M S",227,"TRAVIS COUNTY",13,555,22,257,167,0,158,521,555,417,0,0,107,70
"COUNTY","CAMPUS","2014-2015",227901,"AUSTIN ISD",227901052,"MURCHISON M S",227,"TRAVIS COUNTY",13,1363,113,683,104,0,104,378,7,403,-9999999,0,119,64
"COUNTY","CAMPUS","2014-2015",227901,"AUSTIN ISD",227901053,"WEBB M S",227,"TRAVIS COUNTY",13,691,34,340,322,0,321,670,691,524,0,0,117,56
"COUNTY","CAMPUS","2014-2015",227901,"AUSTIN ISD",227901054,"BEDICHEK M S",227,"TRAVIS COUNTY",13,969,72,575,204,0,196,807,969,565,-9999999,0,166,108
"COUNTY","CAMPUS","2014-2015",227901,"AUSTIN ISD",227901055,"DOBIE M S",227,"TRAVIS COUNTY",13,691,23,302,270,0,266,633,691,463,0,0,120,50
"COUNTY","CAMPUS","2014-2015",227901,"AUSTIN ISD",227901057,"COVINGTON M S",227,"TRAVIS COUNTY",13,634,40,271,105,0,100,412,-9999999,319,-9999999,0,113,66
"COUNTY","CAMPUS","2014-2015",227901,"AUSTIN ISD",227901058,"MENDEZ M S",227,"TRAVIS COUNTY",13,842,40,402,338,0,328,801,842,642,-9999999,0,110,81
"COUNTY","CAMPUS","2014-2015",227901,"AUSTIN ISD",227901059,"BAILEY M S",227,"TRAVIS COUNTY",13,917,59,390,37,0,33,300,11,311,5,0,98,76
"COUNTY","CAMPUS","2014-2015",227901,"AUSTIN ISD",227901060,"SMALL M S",227,"TRAVIS COUNTY",13,1003,110,597,66,0,61,323,10,301,-9999999,0,108,62
"COUNTY","CAMPUS","2014-2015",227901,"AUSTIN ISD",227901061,"PAREDES M S",227,"TRAVIS COUNTY",13,1032,52,373,203,0,193,759,1032,585,-9999999,0,133,90
"COUNTY","CAMPUS","2014-2015",227901,"AUSTIN ISD",227901062,"GORZYCKI MIDDLE",227,"TRAVIS COUNTY",13,1330,185,584,25,0,22,61,-9999999,148,0,0,105,85
"COUNTY","CAMPUS","2014-2015",227901,"AUSTIN ISD",227901064,"SCHOOL FOR YOUNG MEN",227,"TRAVIS COUNTY",13,391,23,294,151,0,148,377,166,290,0,-9999999,80,58
"COUNTY","CAMPUS","2014-2015",227901,"AUSTIN ISD",227901065,"SADLER MEANS YWLA",227,"TRAVIS COUNTY",13,341,16,259,140,0,139,319,166,262,0,0,41,28
"COUNTY","CAMPUS","2014-2015",227901,"AUSTIN ISD",227901101,"ALLISON EL",227,"TRAVIS COUNTY",13,487,-9999999,0,207,185,18,466,487,350,0,0,41,13
"COUNTY","CAMPUS","2014-2015",227901,"AUSTIN ISD",227901102,"ANDREWS EL",227,"TRAVIS COUNTY",13,657,12,0,458,411,46,640,657,562,0,0,63,11
"COUNTY","CAMPUS","2014-2015",227901,"AUSTIN ISD",227901103,"BARTON HILLS EL",227,"TRAVIS COUNTY",13,419,17,0,8,0,6,34,-9999999,77,0,0,19,6
"COUNTY","CAMPUS","2014-2015",227901,"AUSTIN ISD",227901104,"BECKER EL",227,"TRAVIS COUNTY",13,344,41,0,64,200,-9999999,169,344,154,0,-9999999,23,7
"COUNTY","CAMPUS","2014-2015",227901,"AUSTIN ISD",227901105,"BLACKSHEAR EL",227,"TRAVIS COUNTY",13,276,14,0,86,34,51,252,276,167,0,0,30,18
"COUNTY","CAMPUS","2014-2015",227901,"AUSTIN ISD",227901106,"BLANTON EL",227,"TRAVIS COUNTY",13,542,19,0,329,361,12,472,542,405,0,0,49,15
"COUNTY","CAMPUS","2014-2015",227901,"AUSTIN ISD",227901107,"BRENTWOOD EL",227,"TRAVIS COUNTY",13,581,44,0,67,39,22,173,-9999999,198,5,7,61,30
"COUNTY","CAMPUS","2014-2015",227901,"AUSTIN ISD",227901108,"BROOKE EL",227,"TRAVIS COUNTY",13,347,-9999999,0,117,96,20,317,347,218,0,0,44,10
"COUNTY","CAMPUS","2014-2015",227901,"AUSTIN ISD",227901109,"BROWN EL",227,"TRAVIS COUNTY",13,411,12,0,276,258,18,392,411,330,-9999999,-9999999,40,10
"COUNTY","CAMPUS","2014-2015",227901,"AUSTIN ISD",227901110,"BRYKER WOODS EL",227,"TRAVIS COUNTY",13,393,23,0,7,-9999999,5,40,-9999999,67,-9999999,0,23,12
"COUNTY","CAMPUS","2014-2015",227901,"AUSTIN ISD",227901111,"CAMPBELL EL",227,"TRAVIS COUNTY",13,253,-9999999,0,57,49,6,243,253,149,-9999999,0,32,7
"COUNTY","CAMPUS","2014-2015",227901,"AUSTIN ISD",227901112,"CASIS EL",227,"TRAVIS COUNTY",13,806,30,0,12,-9999999,10,23,0,124,0,0,51,33
"COUNTY","CAMPUS","2014-2015",227901,"AUSTIN ISD",227901113,"CUNNINGHAM EL",227,"TRAVIS COUNTY",13,405,14,0,67,90,12,278,36,220,0,-9999999,72,20
"COUNTY","CAMPUS","2014-2015",227901,"AUSTIN ISD",227901114,"DAWSON EL",227,"TRAVIS COUNTY",13,335,19,0,95,104,22,289,335,195,-9999999,-9999999,75,15
"COUNTY","CAMPUS","2014-2015",227901,"AUSTIN ISD",227901115,"DAEP- EL",227,"TRAVIS COUNTY",13,10,0,0,5,-9999999,-9999999,9,-9999999,10,0,0,-9999999,0
"COUNTY","CAMPUS","2014-2015",227901,"AUSTIN ISD",227901116,"GOVALLE EL",227,"TRAVIS COUNTY",13,547,39,0,199,185,10,497,547,394,-9999999,-9999999,59,8
"COUNTY","CAMPUS","2014-2015",227901,"AUSTIN ISD",227901117,"GULLETT EL",227,"TRAVIS COUNTY",13,557,17,0,7,-9999999,6,43,-9999999,75,-9999999,0,43,12
"COUNTY","CAMPUS","2014-2015",227901,"AUSTIN ISD",227901118,"HARRIS EL",227,"TRAVIS COUNTY",13,667,-9999999,0,464,396,68,651,667,568,0,5,55,6
"COUNTY","CAMPUS","2014-2015",227901,"AUSTIN ISD",227901119,"HIGHLAND PARK EL",227,"TRAVIS COUNTY",13,640,93,0,6,0,5,37,0,98,0,-9999999,42,28
"COUNTY","CAMPUS","2014-2015",227901,"AUSTIN ISD",227901120,"JOSLIN EL",227,"TRAVIS COUNTY",13,289,14,0,111,96,15,236,289,167,0,0,39,13
"COUNTY","CAMPUS","2014-2015",227901,"AUSTIN ISD",227901121,"LEE EL",227,"TRAVIS COUNTY",13,390,16,0,16,0,15,68,-9999999,97,-9999999,0,35,9
"COUNTY","CAMPUS","2014-2015",227901,"AUSTIN ISD",227901122,"MAPLEWOOD EL",227,"TRAVIS COUNTY",13,417,23,0,38,59,7,192,8,125,0,0,42,9
"COUNTY","CAMPUS","2014-2015",227901,"AUSTIN ISD",227901123,"MATHEWS EL",227,"TRAVIS COUNTY",13,410,37,0,54,-9999999,47,156,73,131,-9999999,-9999999,29,17
"COUNTY","CAMPUS","2014-2015",227901,"AUSTIN ISD",227901124,"METZ EL",227,"TRAVIS COUNTY",13,360,10,0,175,149,25,324,360,260,0,0,42,16
"COUNTY","CAMPUS","2014-2015",227901,"AUSTIN ISD",227901125,"OAK SPRINGS EL",227,"TRAVIS COUNTY",13,306,9,0,79,67,12,303,306,170,-9999999,0,39,11
"COUNTY","CAMPUS","2014-2015",227901,"AUSTIN ISD",227901126,"ORTEGA EL",227,"TRAVIS COUNTY",13,326,12,0,115,103,9,308,326,192,-9999999,-9999999,31,8
"COUNTY","CAMPUS","2014-2015",227901,"AUSTIN ISD",227901127,"SANCHEZ EL",227,"TRAVIS COUNTY",13,436,12,0,314,291,21,418,436,363,0,0,40,-9999999
"COUNTY","CAMPUS","2014-2015",227901,"AUSTIN ISD",227901128,"PEASE EL",227,"TRAVIS COUNTY",13,257,25,0,-9999999,0,-9999999,49,-9999999,72,0,0,17,19
"COUNTY","CAMPUS","2014-2015",227901,"AUSTIN ISD",227901129,"PECAN SPRINGS EL",227,"TRAVIS COUNTY",13,452,15,0,205,194,10,439,452,336,0,-9999999,40,17
"COUNTY","CAMPUS","2014-2015",227901,"AUSTIN ISD",227901130,"PLEASANT HILL EL",227,"TRAVIS COUNTY",13,527,-9999999,0,251,222,25,475,527,359,0,0,51,16
"COUNTY","CAMPUS","2014-2015",227901,"AUSTIN ISD",227901131,"READ PRE-K DEMONSTRATION SCH",227,"TRAVIS COUNTY",13,314,0,0,209,198,11,304,-9999999,210,-9999999,0,41,0
"COUNTY","CAMPUS","2014-2015",227901,"AUSTIN ISD",227901132,"REILLY EL",227,"TRAVIS COUNTY",13,277,5,0,186,153,31,249,277,216,0,-9999999,36,10
"COUNTY","CAMPUS","2014-2015",227901,"AUSTIN ISD",227901133,"RIDGETOP EL",227,"TRAVIS COUNTY",13,302,37,0,91,286,7,135,16,177,0,0,39,9
"COUNTY","CAMPUS","2014-2015",227901,"AUSTIN ISD",227901136,"ST ELMO EL",227,"TRAVIS COUNTY",13,292,21,0,141,132,9,262,292,179,-9999999,0,24,-9999999
"COUNTY","CAMPUS","2014-2015",227901,"AUSTIN ISD",227901138,"SUMMITT EL",227,"TRAVIS COUNTY",13,774,34,0,242,198,35,271,-9999999,369,8,-9999999,55,11
"COUNTY","CAMPUS","2014-2015",227901,"AUSTIN ISD",227901139,"SIMS EL",227,"TRAVIS COUNTY",13,228,7,0,62,61,-9999999,217,228,139,-9999999,0,14,7
"COUNTY","CAMPUS","2014-2015",227901,"AUSTIN ISD",227901140,"TRAVIS HTS EL",227,"TRAVIS COUNTY",13,498,42,0,113,189,16,363,498,306,0,0,66,17
"COUNTY","CAMPUS","2014-2015",227901,"AUSTIN ISD",227901141,"WALNUT CREEK EL",227,"TRAVIS COUNTY",13,661,7,0,449,397,51,605,661,554,-9999999,0,41,10
"COUNTY","CAMPUS","2014-2015",227901,"AUSTIN ISD",227901143,"PATTON EL",227,"TRAVIS COUNTY",13,945,69,0,136,0,135,215,-9999999,346,12,-9999999,56,24
"COUNTY","CAMPUS","2014-2015",227901,"AUSTIN ISD",227901144,"WOOTEN EL",227,"TRAVIS COUNTY",13,725,18,0,545,563,33,683,725,628,0,0,68,12
"COUNTY","CAMPUS","2014-2015",227901,"AUSTIN ISD",227901145,"ZAVALA EL",227,"TRAVIS COUNTY",13,400,13,0,124,100,23,388,400,233,-9999999,0,62,10
"COUNTY","CAMPUS","2014-2015",227901,"AUSTIN ISD",227901146,"ZILKER EL",227,"TRAVIS COUNTY",13,567,61,0,35,27,-9999999,156,5,150,0,-9999999,50,19
"COUNTY","CAMPUS","2014-2015",227901,"AUSTIN ISD",227901147,"MENCHACA EL",227,"TRAVIS COUNTY",13,717,28,0,127,113,37,354,33,279,-9999999,-9999999,72,14
"COUNTY","CAMPUS","2014-2015",227901,"AUSTIN ISD",227901148,"OAK HILL EL",227,"TRAVIS COUNTY",13,803,73,0,256,252,47,330,282,366,-9999999,-9999999,90,24
"COUNTY","CAMPUS","2014-2015",227901,"AUSTIN ISD",227901149,"BARRINGTON EL",227,"TRAVIS COUNTY",13,588,21,0,413,394,20,571,588,477,-9999999,0,88,-9999999
"COUNTY","CAMPUS","2014-2015",227901,"AUSTIN ISD",227901150,"NORMAN EL",227,"TRAVIS COUNTY",13,299,6,0,86,73,12,287,299,183,0,0,34,-9999999
"COUNTY","CAMPUS","2014-2015",227901,"AUSTIN ISD",227901151,"PILLOW EL",227,"TRAVIS COUNTY",13,582,18,0,226,117,108,422,139,369,-9999999,0,44,21
"COUNTY","CAMPUS","2014-2015",227901,"AUSTIN ISD",227901152,"WOOLDRIDGE EL",227,"TRAVIS COUNTY",13,572,16,0,434,354,74,550,572,497,0,0,36,14
"COUNTY","CAMPUS","2014-2015",227901,"AUSTIN ISD",227901154,"DOSS EL",227,"TRAVIS COUNTY",13,919,52,0,136,0,136,120,-9999999,224,-9999999,0,32,30
"COUNTY","CAMPUS","2014-2015",227901,"AUSTIN ISD",227901155,"HILL EL",227,"TRAVIS COUNTY",13,890,65,0,46,0,42,82,0,177,5,-9999999,47,16
"COUNTY","CAMPUS","2014-2015",227901,"AUSTIN ISD",227901156,"ODOM EL",227,"TRAVIS COUNTY",13,546,16,0,234,216,12,499,546,352,0,-9999999,50,15
"COUNTY","CAMPUS","2014-2015",227901,"AUSTIN ISD",227901157,"WINN EL",227,"TRAVIS COUNTY",13,338,9,0,199,192,7,328,338,261,0,-9999999,51,-9999999
"COUNTY","CAMPUS","2014-2015",227901,"AUSTIN ISD",227901158,"SUNSET VALLEY EL",227,"TRAVIS COUNTY",13,518,25,0,199,347,10,339,123,300,-9999999,0,39,10
"COUNTY","CAMPUS","2014-2015",227901,"AUSTIN ISD",227901159,"GRAHAM EL",227,"TRAVIS COUNTY",13,768,35,0,420,392,25,674,768,539,0,-9999999,69,16
"COUNTY","CAMPUS","2014-2015",227901,"AUSTIN ISD",227901160,"LINDER EL",227,"TRAVIS COUNTY",13,412,20,0,221,180,39,396,412,314,0,0,43,12
"COUNTY","CAMPUS","2014-2015",227901,"AUSTIN ISD",227901161,"COOK EL",227,"TRAVIS COUNTY",13,643,18,0,426,399,23,619,643,556,-9999999,0,51,13
"COUNTY","CAMPUS","2014-2015",227901,"AUSTIN ISD",227901162,"HOUSTON EL",227,"TRAVIS COUNTY",13,765,15,0,413,391,19,743,765,563,-9999999,-9999999,47,20
"COUNTY","CAMPUS","2014-2015",227901,"AUSTIN ISD",227901163,"HART EL",227,"TRAVIS COUNTY",13,717,18,0,561,457,98,695,717,638,0,-9999999,51,15
"COUNTY","CAMPUS","2014-2015",227901,"AUSTIN ISD",227901164,"PICKLE EL",227,"TRAVIS COUNTY",13,746,7,0,564,547,13,725,746,670,0,-9999999,50,5
"COUNTY","CAMPUS","2014-2015",227901,"AUSTIN ISD",227901165,"MCBEE EL",227,"TRAVIS COUNTY",13,531,6,0,386,358,26,507,531,451,0,0,57,17
"COUNTY","CAMPUS","2014-2015",227901,"AUSTIN ISD",227901166,"WILLIAMS EL",227,"TRAVIS COUNTY",13,513,13,0,129,94,23,429,513,282,-9999999,6,80,18
"COUNTY","CAMPUS","2014-2015",227901,"AUSTIN ISD",227901168,"LANGFORD EL",227,"TRAVIS COUNTY",13,741,12,0,471,441,28,701,741,587,-9999999,-9999999,62,35
"COUNTY","CAMPUS","2014-2015",227901,"AUSTIN ISD",227901170,"BOONE EL",227,"TRAVIS COUNTY",13,499,32,0,33,14,19,219,5,114,0,-9999999,55,20
"COUNTY","CAMPUS","2014-2015",227901,"AUSTIN ISD",227901171,"PALM EL",227,"TRAVIS COUNTY",13,516,18,0,223,202,18,430,516,327,-9999999,0,53,7
"COUNTY","CAMPUS","2014-2015",227901,"AUSTIN ISD",227901172,"KOCUREK EL",227,"TRAVIS COUNTY",13,539,28,0,91,72,12,379,-9999999,258,6,5,64,11
"COUNTY","CAMPUS","2014-2015",227901,"AUSTIN ISD",227901173,"CASEY EL",227,"TRAVIS COUNTY",13,665,16,0,113,186,20,451,127,287,0,-9999999,75,18
"COUNTY","CAMPUS","2014-2015",227901,"AUSTIN ISD",227901174,"RODRIGUEZ EL",227,"TRAVIS COUNTY",13,793,18,0,475,448,17,772,793,633,-9999999,-9999999,47,14
"COUNTY","CAMPUS","2014-2015",227901,"AUSTIN ISD",227901175,"WIDEN EL",227,"TRAVIS COUNTY",13,589,14,0,294,254,37,559,589,447,0,-9999999,71,15
"COUNTY","CAMPUS","2014-2015",227901,"AUSTIN ISD",227901176,"GALINDO EL",227,"TRAVIS COUNTY",13,591,8,0,318,307,32,544,591,429,0,-9999999,90,34
"COUNTY","CAMPUS","2014-2015",227901,"AUSTIN ISD",227901177,"UPHAUS EARLY CHILDHOOD CENTER",227,"TRAVIS COUNTY",13,236,0,0,141,126,13,225,236,168,0,0,29,0
"COUNTY","CAMPUS","2014-2015",227901,"AUSTIN ISD",227901178,"JORDAN EL",227,"TRAVIS COUNTY",13,762,9,0,471,445,20,739,762,605,0,6,83,11
"COUNTY","CAMPUS","2014-2015",227901,"AUSTIN ISD",227901179,"DAVIS EL",227,"TRAVIS COUNTY",13,739,69,0,110,24,80,176,-9999999,237,0,-9999999,55,11
"COUNTY","CAMPUS","2014-2015",227901,"AUSTIN ISD",227901180,"KIKER EL",227,"TRAVIS COUNTY",13,1022,107,0,85,0,79,31,0,211,-9999999,0,70,95
"COUNTY","CAMPUS","2014-2015",227901,"AUSTIN ISD",227901181,"MILLS EL",227,"TRAVIS COUNTY",13,802,48,0,90,0,83,57,0,195,-9999999,-9999999,65,19
"COUNTY","CAMPUS","2014-2015",227901,"AUSTIN ISD",227901182,"BARANOFF EL",227,"TRAVIS COUNTY",13,994,44,0,59,12,41,112,-9999999,249,14,-9999999,66,39
"COUNTY","CAMPUS","2014-2015",227901,"AUSTIN ISD",227901183,"COWAN EL",227,"TRAVIS COUNTY",13,800,70,0,44,11,29,253,7,218,8,-9999999,66,16
"COUNTY","CAMPUS","2014-2015",227901,"AUSTIN ISD",227901184,"CLAYTON EL",227,"TRAVIS COUNTY",13,881,106,0,58,0,56,27,0,140,-9999999,-9999999,70,14
"COUNTY","CAMPUS","2014-2015",227901,"AUSTIN ISD",227901185,"BLAZIER EL",227,"TRAVIS COUNTY",13,967,27,0,355,377,47,738,967,580,-9999999,0,81,33
"COUNTY","CAMPUS","2014-2015",227901,"AUSTIN ISD",227901186,"GUERRERO THOMPSON",227,"TRAVIS COUNTY",13,690,9,0,590,515,70,675,-9999999,615,0,0,50,10
"COUNTY","CAMPUS","2014-2015",227901,"AUSTIN ISD",227901187,"BALDWIN EL",227,"TRAVIS COUNTY",13,742,62,0,76,35,41,85,0,176,-9999999,-9999999,67,14
"COUNTY","CAMPUS","2014-2015",227901,"AUSTIN ISD",227901188,"PADRON EL",227,"TRAVIS COUNTY",13,693,9,0,533,492,37,676,224,603,0,-9999999,53,10
"COUNTY","CAMPUS","2014-2015",227901,"AUSTIN ISD",227901189,"OVERTON EL",227,"TRAVIS COUNTY",13,650,11,0,365,335,25,623,650,503,0,-9999999,54,26
"COUNTY","CAMPUS","2014-2015",227901,"AUSTIN ISD",227901190,"PEREZ EL",227,"TRAVIS COUNTY",13,804,36,0,400,537,6,739,804,579,-9999999,0,59,12
"COUNTY","CAMPUS","2014-2015",227901,"AUSTIN ISD",227901192,"DOBIE PK CENTER",227,"TRAVIS COUNTY",13,256,0,0,195,187,8,252,0,196,-9999999,0,20,0
"COUNTY","CAMPUS","2014-2015",227901,"AUSTIN ISD",227901193,"WEBB PRI CENTER",227,"TRAVIS COUNTY",13,249,-9999999,0,205,198,6,242,249,231,0,0,13,-9999999
"COUNTY","CAMPUS","2014-2015",227901,"AUSTIN ISD",227901249,"DELL CHILDREN'S MEDICAL CENTER",227,"TRAVIS COUNTY",13,-9999999,0,0,0,0,0,0,0,-9999999,0,0,-9999999,0
"COUNTY","CAMPUS","2014-2015",227901,"AUSTIN ISD",227901250,"AUSTIN ST HOSPITAL",227,"TRAVIS COUNTY",13,20,0,-9999999,0,0,0,0,0,20,0,0,12,0
"COUNTY","CAMPUS","2014-2015",227901,"AUSTIN ISD",227901251,"ROSEDALE",227,"TRAVIS COUNTY",13,239,0,13,24,6,14,94,0,132,0,0,227,12
"COUNTY","CAMPUS","2014-2015",227904,"PFLUGERVILLE ISD",227904001,"PFLUGERVILLE H S",227,"TRAVIS COUNTY",13,2256,269,1727,162,0,159,985,16,1249,43,-9999999,229,52
"COUNTY","CAMPUS","2014-2015",227904,"PFLUGERVILLE ISD",227904003,"JOHN B CONNALLY H S",227,"TRAVIS COUNTY",13,1934,156,1540,329,0,322,1260,1934,1217,15,0,224,24
"COUNTY","CAMPUS","2014-2015",227904,"PFLUGERVILLE ISD",227904004,"HENDRICKSON H S",227,"TRAVIS COUNTY",13,2771,338,2254,205,0,191,1012,15,1241,79,-9999999,248,59
"COUNTY","CAMPUS","2014-2015",227904,"PFLUGERVILLE ISD",227904008,"TRAVIS CO J J A E P",227,"TRAVIS COUNTY",13,-9999999,0,-9999999,0,0,0,-9999999,0,-9999999,0,0,0,0
"COUNTY","CAMPUS","2014-2015",227904,"PFLUGERVILLE ISD",227904041,"PFLUGERVILLE MIDDLE",227,"TRAVIS COUNTY",13,1031,149,101,182,0,173,575,1031,581,6,-9999999,119,26
"COUNTY","CAMPUS","2014-2015",227904,"PFLUGERVILLE ISD",227904042,"WESTVIEW MIDDLE",227,"TRAVIS COUNTY",13,863,74,116,246,0,239,617,863,549,16,0,111,16
"COUNTY","CAMPUS","2014-2015",227904,"PFLUGERVILLE ISD",227904043,"PARK CREST MIDDLE",227,"TRAVIS COUNTY",13,940,95,134,70,0,66,395,940,447,27,-9999999,105,23
"COUNTY","CAMPUS","2014-2015",227904,"PFLUGERVILLE ISD",227904045,"DESSAU MIDDLE",227,"TRAVIS COUNTY",13,817,60,80,268,0,263,663,817,567,5,0,102,18
"COUNTY","CAMPUS","2014-2015",227904,"PFLUGERVILLE ISD",227904046,"KELLY LANE MIDDLE",227,"TRAVIS COUNTY",13,1071,120,165,58,0,56,271,-9999999,370,31,6,99,25
"COUNTY","CAMPUS","2014-2015",227904,"PFLUGERVILLE ISD",227904048,"CELE MIDDLE",227,"TRAVIS COUNTY",13,765,51,109,115,0,115,368,765,361,8,-9999999,74,26
"COUNTY","CAMPUS","2014-2015",227904,"PFLUGERVILLE ISD",227904101,"PFLUGERVILLE EL",227,"TRAVIS COUNTY",13,470,21,0,52,0,48,197,5,195,12,0,50,8
"COUNTY","CAMPUS","2014-2015",227904,"PFLUGERVILLE ISD",227904102,"PARMER LANE EL",227,"TRAVIS COUNTY",13,439,15,0,218,166,52,305,439,289,8,0,44,9
"COUNTY","CAMPUS","2014-2015",227904,"PFLUGERVILLE ISD",227904103,"TIMMERMAN EL",227,"TRAVIS COUNTY",13,459,16,0,70,0,66,225,459,176,7,0,60,10
"COUNTY","CAMPUS","2014-2015",227904,"PFLUGERVILLE ISD",227904104,"NORTHWEST EL",227,"TRAVIS COUNTY",13,562,27,0,142,0,142,382,562,382,9,-9999999,75,6
"COUNTY","CAMPUS","2014-2015",227904,"PFLUGERVILLE ISD",227904105,"DESSAU EL",227,"TRAVIS COUNTY",13,508,36,0,283,217,64,422,508,431,6,6,54,12
"COUNTY","CAMPUS","2014-2015",227904,"PFLUGERVILLE ISD",227904106,"WINDERMERE EL",227,"TRAVIS COUNTY",13,447,74,0,43,0,40,202,447,212,15,-9999999,54,17
"COUNTY","CAMPUS","2014-2015",227904,"PFLUGERVILLE ISD",227904107,"RIVER OAKS EL",227,"TRAVIS COUNTY",13,523,18,0,204,141,59,410,523,332,5,-9999999,69,-9999999
"COUNTY","CAMPUS","2014-2015",227904,"PFLUGERVILLE ISD",227904108,"BROOKHOLLOW EL",227,"TRAVIS COUNTY",13,512,29,0,53,0,48,265,512,208,13,-9999999,42,-9999999
"COUNTY","CAMPUS","2014-2015",227904,"PFLUGERVILLE ISD",227904109,"SPRINGHILL EL",227,"TRAVIS COUNTY",13,678,30,0,316,249,62,471,678,467,-9999999,-9999999,51,6
"COUNTY","CAMPUS","2014-2015",227904,"PFLUGERVILLE ISD",227904110,"WINDERMERE PRI",227,"TRAVIS COUNTY",13,460,7,0,53,0,52,235,460,162,-9999999,6,50,-9999999
"COUNTY","CAMPUS","2014-2015",227904,"PFLUGERVILLE ISD",227904111,"COPPERFIELD EL",227,"TRAVIS COUNTY",13,481,27,0,232,190,38,377,481,338,0,0,52,7
"COUNTY","CAMPUS","2014-2015",227904,"PFLUGERVILLE ISD",227904112,"MURCHISON EL",227,"TRAVIS COUNTY",13,710,54,0,28,0,26,68,-9999999,180,19,0,51,-9999999
"COUNTY","CAMPUS","2014-2015",227904,"PFLUGERVILLE ISD",227904113,"DELCO PRI",227,"TRAVIS COUNTY",13,554,14,0,342,279,55,460,554,408,-9999999,0,48,-9999999
"COUNTY","CAMPUS","2014-2015",227904,"PFLUGERVILLE ISD",227904114,"CALDWELL EL",227,"TRAVIS COUNTY",13,667,40,0,209,218,49,333,667,361,6,-9999999,72,14
"COUNTY","CAMPUS","2014-2015",227904,"PFLUGERVILLE ISD",227904115,"ROWE LANE EL",227,"TRAVIS COUNTY",13,801,34,0,27,-9999999,23,113,-9999999,165,34,-9999999,49,13
"COUNTY","CAMPUS","2014-2015",227904,"PFLUGERVILLE ISD",227904116,"HIGHLAND PARK EL",227,"TRAVIS COUNTY",13,736,36,0,298,250,73,339,736,431,30,-9999999,55,-9999999
"COUNTY","CAMPUS","2014-2015",227904,"PFLUGERVILLE ISD",227904117,"WIELAND EL",227,"TRAVIS COUNTY",13,498,26,0,205,124,76,331,498,307,11,-9999999,49,5
"COUNTY","CAMPUS","2014-2015",227904,"PFLUGERVILLE ISD",227904118,"RIOJAS EL",227,"TRAVIS COUNTY",13,711,45,0,56,0,49,180,-9999999,212,6,6,63,11
"COUNTY","CAMPUS","2014-2015",227904,"PFLUGERVILLE ISD",227904119,"RUTH BARRON EL",227,"TRAVIS COUNTY",13,729,29,0,442,415,51,630,729,564,9,-9999999,68,-9999999
"COUNTY","CAMPUS","2014-2015",227904,"PFLUGERVILLE ISD",227904120,"DEARING EL",227,"TRAVIS COUNTY",13,554,8,0,56,0,53,294,554,229,9,10,61,-9999999
"COUNTY","CAMPUS","2014-2015",227907,"MANOR ISD",227907001,"MANOR H S",227,"TRAVIS COUNTY",13,1644,63,1099,222,0,220,1195,36,791,7,-9999999,179,28
"COUNTY","CAMPUS","2014-2015",227907,"MANOR ISD",227907002,"MANOR EXCEL ACADEMY",227,"TRAVIS COUNTY",13,119,0,54,30,0,29,118,10,77,-9999999,0,-9999999,-9999999
"COUNTY","CAMPUS","2014-2015",227907,"MANOR ISD",227907004,"MANOR NEW TECHNOLOGY HIGH",227,"TRAVIS COUNTY",13,385,52,385,11,0,11,209,7,70,0,0,9,9
"COUNTY","CAMPUS","2014-2015",227907,"MANOR ISD",227907041,"MANOR MIDDLE",227,"TRAVIS COUNTY",13,923,100,332,193,-9999999,192,697,14,494,-9999999,-9999999,75,31
"COUNTY","CAMPUS","2014-2015",227907,"MANOR ISD",227907042,"DECKER MIDDLE",227,"TRAVIS COUNTY",13,912,105,226,224,-9999999,221,711,29,441,0,-9999999,105,16
"COUNTY","CAMPUS","2014-2015",227907,"MANOR ISD",227907101,"MANOR EL",227,"TRAVIS COUNTY",13,698,63,0,276,231,52,551,691,471,5,-9999999,46,6
"COUNTY","CAMPUS","2014-2015",227907,"MANOR ISD",227907102,"BLUEBONNET TRAIL EL",227,"TRAVIS COUNTY",13,496,24,0,178,113,65,340,496,336,9,-9999999,16,-9999999
"COUNTY","CAMPUS","2014-2015",227907,"MANOR ISD",227907104,"DECKER EL",227,"TRAVIS COUNTY",13,724,32,0,440,381,58,716,724,570,0,0,34,5
"COUNTY","CAMPUS","2014-2015",227907,"MANOR ISD",227907105,"BLAKE MANOR EL",227,"TRAVIS COUNTY",13,763,35,0,371,342,28,635,763,491,-9999999,-9999999,60,10
"COUNTY","CAMPUS","2014-2015",227907,"MANOR ISD",227907106,"PRESIDENTIAL MEADOWS EL",227,"TRAVIS COUNTY",13,947,33,0,387,338,47,720,939,683,-9999999,-9999999,45,7
"COUNTY","CAMPUS","2014-2015",227907,"MANOR ISD",227907107,"OAK MEADOWS EL",227,"TRAVIS COUNTY",13,589,30,0,328,288,32,581,577,396,0,-9999999,49,-9999999
"COUNTY","CAMPUS","2014-2015",227907,"MANOR ISD",227907108,"PIONEER CROSSING EL",227,"TRAVIS COUNTY",13,652,73,0,253,111,138,424,641,296,-9999999,-9999999,37,10
"COUNTY","CAMPUS","2014-2015",227909,"EANES ISD",227909001,"WESTLAKE H S",227,"TRAVIS COUNTY",13,2541,379,1376,33,0,33,71,0,440,31,-9999999,180,104
"COUNTY","CAMPUS","2014-2015",227909,"EANES ISD",227909005,"ADULT TRANSITION SERVICES",227,"TRAVIS COUNTY",13,40,0,0,0,0,0,-9999999,0,7,0,0,40,0
"COUNTY","CAMPUS","2014-2015",227909,"EANES ISD",227909041,"HILL COUNTRY MIDDLE",227,"TRAVIS COUNTY",13,1001,172,0,26,0,25,29,0,184,6,0,61,48
"COUNTY","CAMPUS","2014-2015",227909,"EANES ISD",227909042,"WEST RIDGE MIDDLE",227,"TRAVIS COUNTY",13,898,167,0,8,0,8,27,0,101,11,0,94,39
"COUNTY","CAMPUS","2014-2015",227909,"EANES ISD",227909101,"EANES EL",227,"TRAVIS COUNTY",13,678,71,0,22,0,22,21,75,38,0,0,63,18
"COUNTY","CAMPUS","2014-2015",227909,"EANES ISD",227909102,"CEDAR CREEK EL",227,"TRAVIS COUNTY",13,474,45,0,15,0,12,12,26,95,5,0,27,8
"COUNTY","CAMPUS","2014-2015",227909,"EANES ISD",227909103,"VALLEY VIEW EL",227,"TRAVIS COUNTY",13,493,41,0,23,0,21,34,74,91,-9999999,0,51,16
"COUNTY","CAMPUS","2014-2015",227909,"EANES ISD",227909104,"FOREST TRAIL EL",227,"TRAVIS COUNTY",13,591,50,0,17,0,17,5,0,50,0,0,41,20
"COUNTY","CAMPUS","2014-2015",227909,"EANES ISD",227909105,"BARTON CREEK EL",227,"TRAVIS COUNTY",13,511,67,0,8,0,8,5,0,71,7,0,43,12
"COUNTY","CAMPUS","2014-2015",227909,"EANES ISD",227909106,"BRIDGE POINT EL",227,"TRAVIS COUNTY",13,744,39,0,16,0,16,8,0,90,0,0,46,16
"COUNTY","CAMPUS","2014-2015",227910,"DEL VALLE ISD",227910001,"DEL VALLE H S",227,"TRAVIS COUNTY",13,2851,136,2143,364,0,354,2365,0,1618,11,17,300,104
"COUNTY","CAMPUS","2014-2015",227910,"DEL VALLE ISD",227910002,"DEL VALLE OPPORTUNITY CTR",227,"TRAVIS COUNTY",13,290,0,175,52,0,50,236,0,225,-9999999,-9999999,70,12
"COUNTY","CAMPUS","2014-2015",227910,"DEL VALLE ISD",227910041,"DEL VALLE MIDDLE",227,"TRAVIS COUNTY",13,928,52,409,242,0,233,805,0,607,11,8,118,36
"COUNTY","CAMPUS","2014-2015",227910,"DEL VALLE ISD",227910042,"JOHN P OJEDA J H",227,"TRAVIS COUNTY",13,963,55,446,257,0,252,874,0,558,-9999999,-9999999,117,31
"COUNTY","CAMPUS","2014-2015",227910,"DEL VALLE ISD",227910043,"DAILEY MIDDLE",227,"TRAVIS COUNTY",13,706,17,285,203,0,195,621,0,503,-9999999,-9999999,76,27
"COUNTY","CAMPUS","2014-2015",227910,"DEL VALLE ISD",227910101,"POPHAM EL",227,"TRAVIS COUNTY",13,793,27,0,327,186,129,694,0,536,-9999999,7,52,13
"COUNTY","CAMPUS","2014-2015",227910,"DEL VALLE ISD",227910106,"SMITH EL",227,"TRAVIS COUNTY",13,830,17,0,438,195,235,761,0,694,0,-9999999,52,10
"COUNTY","CAMPUS","2014-2015",227910,"DEL VALLE ISD",227910107,"HILLCREST EL",227,"TRAVIS COUNTY",13,664,15,0,449,317,105,642,0,566,0,-9999999,46,9
"COUNTY","CAMPUS","2014-2015",227910,"DEL VALLE ISD",227910108,"BATY EL",227,"TRAVIS COUNTY",13,802,12,0,349,196,148,778,0,653,0,-9999999,75,13
"COUNTY","CAMPUS","2014-2015",227910,"DEL VALLE ISD",227910109,"HORNSBY-DUNLAP EL",227,"TRAVIS COUNTY",13,646,21,0,223,144,81,570,0,498,-9999999,0,48,9
"COUNTY","CAMPUS","2014-2015",227910,"DEL VALLE ISD",227910110,"DEL VALLE EL",227,"TRAVIS COUNTY",13,906,20,0,341,273,62,766,906,663,8,-9999999,58,13
"COUNTY","CAMPUS","2014-2015",227910,"DEL VALLE ISD",227910111,"CREEDMOOR EL",227,"TRAVIS COUNTY",13,709,25,0,414,182,220,668,0,563,-9999999,-9999999,38,11
"COUNTY","CAMPUS","2014-2015",227910,"DEL VALLE ISD",227910112,"JOSEPH GILBERT EL",227,"TRAVIS COUNTY",13,639,17,0,376,165,204,601,0,517,0,5,55,6
"COUNTY","CAMPUS","2014-2015",227912,"LAGO VISTA ISD",227912001,"LAGO VISTA H S",227,"TRAVIS COUNTY",13,442,40,338,-9999999,0,-9999999,105,0,132,-9999999,0,39,14
"COUNTY","CAMPUS","2014-2015",227912,"LAGO VISTA ISD",227912041,"LAGO VISTA MIDDLE",227,"TRAVIS COUNTY",13,398,27,0,18,0,18,120,0,119,-9999999,-9999999,43,14
"COUNTY","CAMPUS","2014-2015",227912,"LAGO VISTA ISD",227912101,"LAGO VISTA EL",227,"TRAVIS COUNTY",13,526,17,0,45,0,44,185,77,179,17,7,63,10
"COUNTY","CAMPUS","2014-2015",227913,"LAKE TRAVIS ISD",227913001,"LAKE TRAVIS H S",227,"TRAVIS COUNTY",13,2561,399,1984,53,0,49,255,0,645,16,0,177,80
"COUNTY","CAMPUS","2014-2015",227913,"LAKE TRAVIS ISD",227913002,"TRAVIS CO J J A E P",227,"TRAVIS COUNTY",13,-9999999,0,0,0,0,0,0,0,-9999999,0,0,0,0
"COUNTY","CAMPUS","2014-2015",227913,"LAKE TRAVIS ISD",227913041,"LAKE TRAVIS MIDDLE",227,"TRAVIS COUNTY",13,1066,166,153,8,0,7,67,0,161,13,0,68,42
"COUNTY","CAMPUS","2014-2015",227913,"LAKE TRAVIS ISD",227913042,"HUDSON BEND MIDDLE",227,"TRAVIS COUNTY",13,1029,210,117,75,0,75,189,158,230,-9999999,-9999999,86,51
"COUNTY","CAMPUS","2014-2015",227913,"LAKE TRAVIS ISD",227913101,"LAKE TRAVIS EL",227,"TRAVIS COUNTY",13,888,42,0,274,247,28,401,888,450,7,6,78,15
"COUNTY","CAMPUS","2014-2015",227913,"LAKE TRAVIS ISD",227913102,"LAKEWAY EL",227,"TRAVIS COUNTY",13,701,102,0,19,-9999999,17,37,0,148,-9999999,0,49,14
"COUNTY","CAMPUS","2014-2015",227913,"LAKE TRAVIS ISD",227913103,"BEE CAVE EL",227,"TRAVIS COUNTY",13,623,28,0,13,0,12,31,0,162,-9999999,0,53,11
"COUNTY","CAMPUS","2014-2015",227913,"LAKE TRAVIS ISD",227913104,"LAKE POINTE EL",227,"TRAVIS COUNTY",13,676,28,0,20,0,19,31,0,117,-9999999,-9999999,48,7
"COUNTY","CAMPUS","2014-2015",227913,"LAKE TRAVIS ISD",227913105,"SERENE HILLS EL",227,"TRAVIS COUNTY",13,762,45,0,19,-9999999,18,78,0,197,6,0,57,15
"COUNTY","CAMPUS","2014-2015",227913,"LAKE TRAVIS ISD",227913106,"WEST CYPRESS HILLS EL",227,"TRAVIS COUNTY",13,525,20,0,9,-9999999,8,61,0,198,5,7,30,12

