,year,district,campus,total_enroll,total_disadvtg,total_title1,total_atrisk,school_type,title1_rate
0,2014-2015,AUSTIN ISD,Austin High School,2085,599,11,792,High,0.5275779376498801
1,2014-2015,AUSTIN ISD,Lanier High School,1619,1386,1619,1220,High,100.0
2,2014-2015,AUSTIN ISD,Mccallum High School,1648,524,33,677,High,2.0024271844660193
3,2014-2015,AUSTIN ISD,Reagan High School,1229,1012,1229,879,High,100.0
4,2014-2015,AUSTIN ISD,Travis High School,1329,1138,1329,1019,High,100.0
5,2014-2015,AUSTIN ISD,Crockett High School,1498,993,19,847,High,1.2683578104138853
6,2014-2015,AUSTIN ISD,Anderson High School,2224,594,11,718,High,0.49460431654676257
7,2014-2015,AUSTIN ISD,Alternative Learning Center,166,134,9,166,High,5.421686746987952
8,2014-2015,AUSTIN ISD,Bowie High School,2871,408,2,729,High,0.06966213862765587
9,2014-2015,AUSTIN ISD,Lbj Highigh Schoolchool,853,711,853,572,High,100.0
10,2014-2015,AUSTIN ISD,Garza Independence High School,190,79,15,150,High,7.894736842105263
11,2014-2015,AUSTIN ISD,Akins High School,2667,1847,11,1555,High,0.4124484439445069
12,2014-2015,AUSTIN ISD,Lasa High School,1002,119,0,41,High,0.0
13,2014-2015,AUSTIN ISD,Eastside Memorial At The Johnston,625,553,625,500,High,100.0
14,2014-2015,AUSTIN ISD,Premier High School At Travis,133,92,2,127,High,1.5037593984962405
15,2014-2015,AUSTIN ISD,Premier High School At Lanier,122,76,2,113,High,1.639344262295082
16,2014-2015,AUSTIN ISD,Travis County Day School,15,7,0,15,High,0.0
17,2014-2015,AUSTIN ISD,Richards Sch For Young Women Leade,764,451,0,94,High,0.0
18,2014-2015,AUSTIN ISD,International High School,368,343,10,356,High,2.717391304347826
19,2014-2015,AUSTIN ISD,Travis County Juvenile Detention C,58,34,0,58,Other,0.0
20,2014-2015,AUSTIN ISD,Phoenix Academy,32,2,0,32,High,0.0
21,2014-2015,AUSTIN ISD,Leadership Academy,39,15,0,39,High,0.0
22,2014-2015,AUSTIN ISD,Travis County J J A E P,2,2,2,2,Other,100.0
23,2014-2015,AUSTIN ISD,Fulmore Middle School,952,684,952,442,Middle,100.0
24,2014-2015,AUSTIN ISD,Kealing Middle School,1188,395,1188,262,Middle,100.0
25,2014-2015,AUSTIN ISD,Lamar Middle School,895,307,6,289,Middle,0.6703910614525139
26,2014-2015,AUSTIN ISD,Burnet Middle School,1138,1056,1138,835,Middle,100.0
27,2014-2015,AUSTIN ISD,O Henry Middle School,891,265,2,249,Middle,0.2244668911335578
28,2014-2015,AUSTIN ISD,Martin Middle School,555,521,555,417,Middle,100.0
29,2014-2015,AUSTIN ISD,Murchison Middle School,1363,378,7,403,Middle,0.5135730007336757
30,2014-2015,AUSTIN ISD,Webb Middle School,691,670,691,524,Middle,100.0
31,2014-2015,AUSTIN ISD,Bedichek Middle School,969,807,969,565,Middle,100.0
32,2014-2015,AUSTIN ISD,Dobie Middle School,691,633,691,463,Middle,100.0
33,2014-2015,AUSTIN ISD,Covington Middle School,634,412,2,319,Middle,0.31545741324921134
34,2014-2015,AUSTIN ISD,Mendez Middle School,842,801,842,642,Middle,100.0
35,2014-2015,AUSTIN ISD,Bailey Middle School,917,300,11,311,Middle,1.1995637949836424
36,2014-2015,AUSTIN ISD,Small Middle School,1003,323,10,301,Middle,0.9970089730807578
37,2014-2015,AUSTIN ISD,Paredes Middle School,1032,759,1032,585,Middle,100.0
38,2014-2015,AUSTIN ISD,Gorzycki Middle,1330,61,2,148,Middle,0.15037593984962405
39,2014-2015,AUSTIN ISD,School For Young Men,391,377,166,290,Other,42.45524296675192
40,2014-2015,AUSTIN ISD,Sadler Means Ywla,341,319,166,262,Middle,48.68035190615836
41,2014-2015,AUSTIN ISD,Allison Elementary School,487,466,487,350,Elementary,100.0
42,2014-2015,AUSTIN ISD,Andrews Elementary School,657,640,657,562,Elementary,100.0
43,2014-2015,AUSTIN ISD,Barton Hills Elementary School,419,34,2,77,Elementary,0.477326968973747
44,2014-2015,AUSTIN ISD,Becker Elementary School,344,169,344,154,Elementary,100.0
45,2014-2015,AUSTIN ISD,Blackshear Elementary School,276,252,276,167,Elementary,100.0
46,2014-2015,AUSTIN ISD,Blanton Elementary School,542,472,542,405,Elementary,100.0
47,2014-2015,AUSTIN ISD,Brentwood Elementary School,581,173,2,198,Elementary,0.3442340791738382
48,2014-2015,AUSTIN ISD,Brooke Elementary School,347,317,347,218,Elementary,100.0
49,2014-2015,AUSTIN ISD,Brown Elementary School,411,392,411,330,Elementary,100.0
50,2014-2015,AUSTIN ISD,Bryker Woods Elementary School,393,40,2,67,Elementary,0.5089058524173028
51,2014-2015,AUSTIN ISD,Campbelementary Schooll Elementary School,253,243,253,149,Elementary,100.0
52,2014-2015,AUSTIN ISD,Casis Elementary School,806,23,0,124,Elementary,0.0
53,2014-2015,AUSTIN ISD,Cunningham Elementary School,405,278,36,220,Elementary,8.88888888888889
54,2014-2015,AUSTIN ISD,Dawson Elementary School,335,289,335,195,Elementary,100.0
55,2014-2015,AUSTIN ISD,Daep- Elementary School,10,9,2,10,Elementary,20.0
56,2014-2015,AUSTIN ISD,Govalle Elementary School,547,497,547,394,Elementary,100.0
57,2014-2015,AUSTIN ISD,Gullett Elementary School,557,43,2,75,Elementary,0.3590664272890485
58,2014-2015,AUSTIN ISD,Harris Elementary School,667,651,667,568,Elementary,100.0
59,2014-2015,AUSTIN ISD,Highland Park Elementary School,640,37,0,98,Elementary,0.0
60,2014-2015,AUSTIN ISD,Joslin Elementary School,289,236,289,167,Elementary,100.0
61,2014-2015,AUSTIN ISD,Lee Elementary School,390,68,2,97,Elementary,0.5128205128205128
62,2014-2015,AUSTIN ISD,Maplewood Elementary School,417,192,8,125,Elementary,1.9184652278177459
63,2014-2015,AUSTIN ISD,Mathews Elementary School,410,156,73,131,Elementary,17.804878048780488
64,2014-2015,AUSTIN ISD,Metz Elementary School,360,324,360,260,Elementary,100.0
65,2014-2015,AUSTIN ISD,Oak Springs Elementary School,306,303,306,170,Elementary,100.0
66,2014-2015,AUSTIN ISD,Ortega Elementary School,326,308,326,192,Elementary,100.0
67,2014-2015,AUSTIN ISD,Sanchez Elementary School,436,418,436,363,Elementary,100.0
68,2014-2015,AUSTIN ISD,Pease Elementary School,257,49,2,72,Elementary,0.7782101167315175
69,2014-2015,AUSTIN ISD,Pecan Springs Elementary School,452,439,452,336,Elementary,100.0
70,2014-2015,AUSTIN ISD,Pleasant Hill Elementary School,527,475,527,359,Elementary,100.0
71,2014-2015,AUSTIN ISD,Read Pre-K Demonstration Sch,314,304,2,210,Other,0.6369426751592356
72,2014-2015,AUSTIN ISD,Reilly Elementary School,277,249,277,216,Elementary,100.0
73,2014-2015,AUSTIN ISD,Ridgetop Elementary School,302,135,16,177,Elementary,5.298013245033113
74,2014-2015,AUSTIN ISD,St Elementary Schoolmo Elementary School,292,262,292,179,Elementary,100.0
75,2014-2015,AUSTIN ISD,Summitt Elementary School,774,271,2,369,Elementary,0.25839793281653745
76,2014-2015,AUSTIN ISD,Sims Elementary School,228,217,228,139,Elementary,100.0
77,2014-2015,AUSTIN ISD,Travis Hts Elementary School,498,363,498,306,Elementary,100.0
78,2014-2015,AUSTIN ISD,Walnut Creek Elementary School,661,605,661,554,Elementary,100.0
79,2014-2015,AUSTIN ISD,Patton Elementary School,945,215,2,346,Elementary,0.21164021164021163
80,2014-2015,AUSTIN ISD,Wooten Elementary School,725,683,725,628,Elementary,100.0
81,2014-2015,AUSTIN ISD,Zavala Elementary School,400,388,400,233,Elementary,100.0
82,2014-2015,AUSTIN ISD,Zilker Elementary School,567,156,5,150,Elementary,0.8818342151675485
83,2014-2015,AUSTIN ISD,Menchaca Elementary School,717,354,33,279,Elementary,4.602510460251046
84,2014-2015,AUSTIN ISD,Oak Hill Elementary School,803,330,282,366,Elementary,35.118306351183065
85,2014-2015,AUSTIN ISD,Barrington Elementary School,588,571,588,477,Elementary,100.0
86,2014-2015,AUSTIN ISD,Norman Elementary School,299,287,299,183,Elementary,100.0
87,2014-2015,AUSTIN ISD,Pillow Elementary School,582,422,139,369,Elementary,23.883161512027492
88,2014-2015,AUSTIN ISD,Wooldridge Elementary School,572,550,572,497,Elementary,100.0
89,2014-2015,AUSTIN ISD,Doss Elementary School,919,120,2,224,Elementary,0.2176278563656148
90,2014-2015,AUSTIN ISD,Hill Elementary School,890,82,0,177,Elementary,0.0
91,2014-2015,AUSTIN ISD,Odom Elementary School,546,499,546,352,Elementary,100.0
92,2014-2015,AUSTIN ISD,Winn Elementary School,338,328,338,261,Elementary,100.0
93,2014-2015,AUSTIN ISD,Sunset Valley Elementary School,518,339,123,300,Elementary,23.745173745173744
94,2014-2015,AUSTIN ISD,Graham Elementary School,768,674,768,539,Elementary,100.0
95,2014-2015,AUSTIN ISD,Linder Elementary School,412,396,412,314,Elementary,100.0
96,2014-2015,AUSTIN ISD,Cook Elementary School,643,619,643,556,Elementary,100.0
97,2014-2015,AUSTIN ISD,Houston Elementary School,765,743,765,563,Elementary,100.0
98,2014-2015,AUSTIN ISD,Hart Elementary School,717,695,717,638,Elementary,100.0
99,2014-2015,AUSTIN ISD,Pickle Elementary School,746,725,746,670,Elementary,100.0
100,2014-2015,AUSTIN ISD,Mcbee Elementary School,531,507,531,451,Elementary,100.0
101,2014-2015,AUSTIN ISD,Williams Elementary School,513,429,513,282,Elementary,100.0
102,2014-2015,AUSTIN ISD,Langford Elementary School,741,701,741,587,Elementary,100.0
103,2014-2015,AUSTIN ISD,Boone Elementary School,499,219,5,114,Elementary,1.002004008016032
104,2014-2015,AUSTIN ISD,Palm Elementary School,516,430,516,327,Elementary,100.0
105,2014-2015,AUSTIN ISD,Kocurek Elementary School,539,379,2,258,Elementary,0.37105751391465674
106,2014-2015,AUSTIN ISD,Casey Elementary School,665,451,127,287,Elementary,19.097744360902254
107,2014-2015,AUSTIN ISD,Rodriguez Elementary School,793,772,793,633,Elementary,100.0
108,2014-2015,AUSTIN ISD,Widen Elementary School,589,559,589,447,Elementary,100.0
109,2014-2015,AUSTIN ISD,Galindo Elementary School,591,544,591,429,Elementary,100.0
110,2014-2015,AUSTIN ISD,Uphaus Early Childhood Center,236,225,236,168,Elementary,100.0
111,2014-2015,AUSTIN ISD,Jordan Elementary School,762,739,762,605,Elementary,100.0
112,2014-2015,AUSTIN ISD,Davis Elementary School,739,176,2,237,Elementary,0.2706359945872801
113,2014-2015,AUSTIN ISD,Kiker Elementary School,1022,31,0,211,Elementary,0.0
114,2014-2015,AUSTIN ISD,Mills Elementary School,802,57,0,195,Elementary,0.0
115,2014-2015,AUSTIN ISD,Baranoff Elementary School,994,112,2,249,Elementary,0.2012072434607646
116,2014-2015,AUSTIN ISD,Cowan Elementary School,800,253,7,218,Elementary,0.875
117,2014-2015,AUSTIN ISD,Clayton Elementary School,881,27,0,140,Elementary,0.0
118,2014-2015,AUSTIN ISD,Blazier Elementary School,967,738,967,580,Elementary,100.0
119,2014-2015,AUSTIN ISD,Guerrero Thompson,690,675,2,615,Middle,0.2898550724637681
120,2014-2015,AUSTIN ISD,Baldwin Elementary School,742,85,0,176,Elementary,0.0
121,2014-2015,AUSTIN ISD,Padron Elementary School,693,676,224,603,Elementary,32.323232323232325
122,2014-2015,AUSTIN ISD,Overton Elementary School,650,623,650,503,Elementary,100.0
123,2014-2015,AUSTIN ISD,Perez Elementary School,804,739,804,579,Elementary,100.0
124,2014-2015,AUSTIN ISD,Dobie Pk Center,256,252,0,196,Other,0.0
125,2014-2015,AUSTIN ISD,Webb Pri Center,249,242,249,231,Elementary,100.0
126,2014-2015,AUSTIN ISD,Delementary Schooll Children'S Medical Center,2,0,0,2,Elementary,0.0
127,2014-2015,AUSTIN ISD,Austin St Hospital,20,0,0,20,High,0.0
128,2014-2015,AUSTIN ISD,Rosedale,239,94,0,132,Elementary,0.0
0,2015-2016,AUSTIN ISD,Austin High School,2084,597,15,871,High,0.7197696737044146
1,2015-2016,AUSTIN ISD,Lanier High School,1615,1407,1615,1247,High,100.0
2,2015-2016,AUSTIN ISD,Mccallum High School,1738,502,19,736,High,1.093210586881473
3,2015-2016,AUSTIN ISD,Reagan High School,1302,1040,1302,1001,High,100.0
4,2015-2016,AUSTIN ISD,Travis High School,1291,1059,1290,1008,High,99.92254066615027
5,2015-2016,AUSTIN ISD,Crockett High School,1462,870,38,894,High,2.5991792065663475
6,2015-2016,AUSTIN ISD,Anderson High School,2270,518,16,756,High,0.7048458149779736
7,2015-2016,AUSTIN ISD,Alternative Learning Center,116,94,2,110,High,1.7241379310344827
8,2015-2016,AUSTIN ISD,Bowie High School,2912,346,9,764,High,0.3090659340659341
9,2015-2016,AUSTIN ISD,Lbj Highigh Schoolchool,874,680,874,641,High,100.0
10,2015-2016,AUSTIN ISD,Garza Independence High School,192,56,8,154,High,4.166666666666667
11,2015-2016,AUSTIN ISD,Akins High School,2713,1798,43,1712,High,1.58496129745669
12,2015-2016,AUSTIN ISD,Lasa High School,1016,89,0,29,High,0.0
13,2015-2016,AUSTIN ISD,Eastside Memorial At The Johnston,551,479,551,458,High,100.0
14,2015-2016,AUSTIN ISD,Graduation Prep Academy Travis,123,95,6,119,Other,4.878048780487805
15,2015-2016,AUSTIN ISD,Graduation Prep Academy Lanier,124,98,10,120,Other,8.064516129032258
16,2015-2016,AUSTIN ISD,Travis County Day School,6,2,2,6,High,33.333333333333336
17,2015-2016,AUSTIN ISD,Richards Sch For Young Women Leade,787,457,0,122,High,0.0
18,2015-2016,AUSTIN ISD,International High School,294,284,12,291,High,4.081632653061225
19,2015-2016,AUSTIN ISD,Travis County Juvenile Detention C,41,20,2,41,Other,4.878048780487805
20,2015-2016,AUSTIN ISD,Phoenix Academy,34,5,2,34,High,5.882352941176471
21,2015-2016,AUSTIN ISD,Leadership Academy,27,13,0,27,High,0.0
22,2015-2016,AUSTIN ISD,Travis County J J A E P,2,2,0,2,Other,0.0
23,2015-2016,AUSTIN ISD,Fulmore Middle School,1007,684,1007,512,Middle,100.0
24,2015-2016,AUSTIN ISD,Kealing Middle School,1203,367,1203,287,Middle,100.0
25,2015-2016,AUSTIN ISD,Lamar Middle School,972,290,2,307,Middle,0.205761316872428
26,2015-2016,AUSTIN ISD,Burnet Middle School,1020,925,1020,815,Middle,100.0
27,2015-2016,AUSTIN ISD,O Henry Middle School,931,221,2,273,Middle,0.21482277121374865
28,2015-2016,AUSTIN ISD,Martin Middle School,456,419,456,364,Middle,100.0
29,2015-2016,AUSTIN ISD,Murchison Middle,1365,347,2,420,Middle,0.14652014652014653
30,2015-2016,AUSTIN ISD,Webb Middle School,699,666,699,575,Middle,100.0
31,2015-2016,AUSTIN ISD,Bedichek Middle,908,731,908,603,Middle,100.0
32,2015-2016,AUSTIN ISD,Dobie Middle,634,579,634,492,Middle,100.0
33,2015-2016,AUSTIN ISD,Covington Middle School,641,400,7,354,Middle,1.0920436817472698
34,2015-2016,AUSTIN ISD,Mendez Middle School,790,741,790,652,Middle,100.0
35,2015-2016,AUSTIN ISD,Bailey Middle School,872,234,2,288,Middle,0.22935779816513763
36,2015-2016,AUSTIN ISD,Small Middle School,1006,310,5,351,Middle,0.4970178926441352
37,2015-2016,AUSTIN ISD,Paredes Middle School,997,723,997,613,Middle,100.0
38,2015-2016,AUSTIN ISD,Gorzycki Middle,1341,64,0,192,Middle,0.0
39,2015-2016,AUSTIN ISD,Garcia Ymla,425,399,425,339,Other,100.0
40,2015-2016,AUSTIN ISD,Sadler Means Ywla,369,328,369,297,Middle,100.0
41,2015-2016,AUSTIN ISD,Allison Elementary School,545,521,545,412,Elementary,100.0
42,2015-2016,AUSTIN ISD,Andrews Elementary School,594,570,594,524,Elementary,100.0
43,2015-2016,AUSTIN ISD,Barton Hills Elementary School,407,31,2,81,Elementary,0.4914004914004914
44,2015-2016,AUSTIN ISD,Becker Elementary School,377,161,377,153,Elementary,100.0
45,2015-2016,AUSTIN ISD,Blackshear Elementary School,291,236,291,158,Elementary,100.0
46,2015-2016,AUSTIN ISD,Blanton Elementary School,479,392,479,368,Elementary,100.0
47,2015-2016,AUSTIN ISD,Brentwood Elementary School,617,161,2,242,Elementary,0.3241491085899514
48,2015-2016,AUSTIN ISD,Brooke Elementary School,254,239,254,172,Elementary,100.0
49,2015-2016,AUSTIN ISD,Brown Elementary School,358,343,358,313,Elementary,100.0
50,2015-2016,AUSTIN ISD,Bryker Woods Elementary School,400,39,0,99,Elementary,0.0
51,2015-2016,AUSTIN ISD,Campbelementary Schooll Elementary School,220,206,220,130,Elementary,100.0
52,2015-2016,AUSTIN ISD,Casis Elementary School,793,17,2,119,Elementary,0.25220680958385877
53,2015-2016,AUSTIN ISD,Cunningham Elementary School,415,262,415,211,Elementary,100.0
54,2015-2016,AUSTIN ISD,Dawson Elementary School,382,316,382,234,Elementary,100.0
55,2015-2016,AUSTIN ISD,Daep- Elementary School,16,14,0,13,Elementary,0.0
56,2015-2016,AUSTIN ISD,Govalle Elementary School,501,449,501,336,Elementary,100.0
57,2015-2016,AUSTIN ISD,Gullett Elementary School,574,37,2,97,Elementary,0.34843205574912894
58,2015-2016,AUSTIN ISD,Harris Elementary School,629,607,629,561,Elementary,100.0
59,2015-2016,AUSTIN ISD,Highland Park Elementary School,622,30,0,134,Elementary,0.0
60,2015-2016,AUSTIN ISD,Joslin Elementary School,282,210,282,163,Elementary,100.0
61,2015-2016,AUSTIN ISD,Lee Elementary School,375,51,0,87,Elementary,0.0
62,2015-2016,AUSTIN ISD,Maplewood Elementary School,462,199,8,150,Elementary,1.7316017316017316
63,2015-2016,AUSTIN ISD,Mathews Elementary School,425,153,425,164,Elementary,100.0
64,2015-2016,AUSTIN ISD,Metz Elementary School,305,265,305,222,Elementary,100.0
65,2015-2016,AUSTIN ISD,Oak Springs Elementary School,333,315,333,200,Elementary,100.0
66,2015-2016,AUSTIN ISD,Ortega Elementary School,316,283,316,216,Elementary,100.0
67,2015-2016,AUSTIN ISD,Sanchez Elementary School,407,384,407,355,Elementary,100.0
68,2015-2016,AUSTIN ISD,Pease Elementary School,267,41,0,67,Elementary,0.0
69,2015-2016,AUSTIN ISD,Pecan Springs Elementary School,464,447,464,359,Elementary,100.0
70,2015-2016,AUSTIN ISD,Pleasant Hill Elementary School,566,495,566,386,Elementary,100.0
71,2015-2016,AUSTIN ISD,Read Pre-K Center,304,278,0,229,Other,0.0
72,2015-2016,AUSTIN ISD,Reilly Elementary School,274,249,274,224,Elementary,100.0
73,2015-2016,AUSTIN ISD,Ridgetop Elementary School,292,123,292,169,Elementary,100.0
74,2015-2016,AUSTIN ISD,St Elementary Schoolmo Elementary School,307,262,307,206,Elementary,100.0
75,2015-2016,AUSTIN ISD,Summitt Elementary School,815,301,2,430,Elementary,0.24539877300613497
76,2015-2016,AUSTIN ISD,Sims Elementary School,267,251,267,187,Elementary,100.0
77,2015-2016,AUSTIN ISD,Travis Hts Elementary School,522,348,522,337,Elementary,100.0
78,2015-2016,AUSTIN ISD,Walnut Creek Elementary School,634,562,634,550,Elementary,100.0
79,2015-2016,AUSTIN ISD,Patton Elementary School,973,233,2,411,Elementary,0.20554984583761562
80,2015-2016,AUSTIN ISD,Wooten Elementary School,613,572,613,546,Elementary,100.0
81,2015-2016,AUSTIN ISD,Zavala Elementary School,382,371,382,265,Elementary,100.0
82,2015-2016,AUSTIN ISD,Zilker Elementary School,538,111,2,158,Elementary,0.37174721189591076
83,2015-2016,AUSTIN ISD,Menchaca Elementary School,719,340,719,276,Elementary,100.0
84,2015-2016,AUSTIN ISD,Oak Hill Elementary School,841,332,841,426,Elementary,100.0
85,2015-2016,AUSTIN ISD,Barrington Elementary School,627,594,627,527,Elementary,100.0
86,2015-2016,AUSTIN ISD,Norman Elementary School,319,309,319,205,Elementary,100.0
87,2015-2016,AUSTIN ISD,Pillow Elementary School,518,392,518,332,Elementary,100.0
88,2015-2016,AUSTIN ISD,Wooldridge Elementary School,630,603,630,563,Elementary,100.0
89,2015-2016,AUSTIN ISD,Doss Elementary School,884,144,0,247,Elementary,0.0
90,2015-2016,AUSTIN ISD,Hill Elementary School,970,95,2,245,Elementary,0.20618556701030927
91,2015-2016,AUSTIN ISD,Odom Elementary School,542,496,542,370,Elementary,100.0
92,2015-2016,AUSTIN ISD,Winn Elementary School,304,295,304,243,Elementary,100.0
93,2015-2016,AUSTIN ISD,Sunset Valley Elementary School,531,328,531,319,Elementary,100.0
94,2015-2016,AUSTIN ISD,Graham Elementary School,697,609,697,526,Elementary,100.0
95,2015-2016,AUSTIN ISD,Linder Elementary School,364,326,364,292,Elementary,100.0
96,2015-2016,AUSTIN ISD,Cook Elementary School,553,537,553,473,Elementary,100.0
97,2015-2016,AUSTIN ISD,Houston Elementary School,705,671,705,557,Elementary,100.0
98,2015-2016,AUSTIN ISD,Hart Elementary School,692,668,692,638,Elementary,100.0
99,2015-2016,AUSTIN ISD,Pickle Elementary School,695,669,695,630,Elementary,100.0
100,2015-2016,AUSTIN ISD,Mcbee Elementary School,490,467,490,438,Elementary,100.0
101,2015-2016,AUSTIN ISD,Williams Elementary School,458,376,458,293,Elementary,100.0
102,2015-2016,AUSTIN ISD,Langford Elementary School,687,651,687,571,Elementary,100.0
103,2015-2016,AUSTIN ISD,Boone Elementary School,573,276,573,188,Elementary,100.0
104,2015-2016,AUSTIN ISD,Palm Elementary School,481,400,481,331,Elementary,100.0
105,2015-2016,AUSTIN ISD,Kocurek Elementary School,491,317,491,253,Elementary,100.0
106,2015-2016,AUSTIN ISD,Casey Elementary School,606,377,606,277,Elementary,100.0
107,2015-2016,AUSTIN ISD,Rodriguez Elementary School,701,680,701,586,Elementary,100.0
108,2015-2016,AUSTIN ISD,Widen Elementary School,566,535,566,434,Elementary,100.0
109,2015-2016,AUSTIN ISD,Galindo Elementary School,585,551,585,440,Elementary,100.0
110,2015-2016,AUSTIN ISD,Uphaus Early Childhood Center,271,258,271,186,Elementary,100.0
111,2015-2016,AUSTIN ISD,Jordan Elementary School,674,654,674,563,Elementary,100.0
112,2015-2016,AUSTIN ISD,Davis Elementary School,798,233,2,310,Elementary,0.2506265664160401
113,2015-2016,AUSTIN ISD,Kiker Elementary School,998,44,0,268,Elementary,0.0
114,2015-2016,AUSTIN ISD,Mills Elementary School,812,67,2,212,Elementary,0.24630541871921183
115,2015-2016,AUSTIN ISD,Baranoff Elementary School,984,112,7,301,Elementary,0.7113821138211383
116,2015-2016,AUSTIN ISD,Cowan Elementary School,790,240,11,269,Elementary,1.3924050632911393
117,2015-2016,AUSTIN ISD,Clayton Elementary School,876,13,0,160,Elementary,0.0
118,2015-2016,AUSTIN ISD,Blazier Elementary School,842,627,842,543,Elementary,100.0
119,2015-2016,AUSTIN ISD,Guerrero Thompson,673,655,673,624,Middle,100.0
120,2015-2016,AUSTIN ISD,Baldwin Elementary School,787,103,2,221,Elementary,0.25412960609911056
121,2015-2016,AUSTIN ISD,Padron Elementary School,772,754,772,668,Elementary,100.0
122,2015-2016,AUSTIN ISD,Overton Elementary School,718,675,718,600,Elementary,100.0
123,2015-2016,AUSTIN ISD,Perez Elementary School,752,678,752,564,Elementary,100.0
124,2015-2016,AUSTIN ISD,Dobie Pk Center,274,264,2,173,Other,0.7299270072992701
125,2015-2016,AUSTIN ISD,Webb Pri Center,217,211,217,206,Elementary,100.0
126,2015-2016,AUSTIN ISD,Austin Isd Child Develementary Schoolopment Cente,62,61,0,0,Elementary,0.0
127,2015-2016,AUSTIN ISD,Delementary Schooll Children'S Medical Center,2,0,0,2,Elementary,0.0
128,2015-2016,AUSTIN ISD,Austin St Hospital,19,0,0,19,High,0.0
129,2015-2016,AUSTIN ISD,Rosedale,263,65,2,128,Elementary,0.7604562737642585
0,2016-2017,AUSTIN ISD,Allison Elementary School,460,392,460,332,Elementary,100.0
1,2016-2017,AUSTIN ISD,Andrews Elementary School,572,537,572,495,Elementary,100.0
2,2016-2017,AUSTIN ISD,Barton Hills Elementary School,427,25,0,81,Elementary,0.0
3,2016-2017,AUSTIN ISD,Becker Elementary School,431,166,431,176,Elementary,100.0
4,2016-2017,AUSTIN ISD,Blackshear Elementary School,381,268,381,197,Elementary,100.0
5,2016-2017,AUSTIN ISD,Blanton Elementary School,486,363,486,325,Elementary,100.0
6,2016-2017,AUSTIN ISD,Brentwood Elementary School,644,140,2,192,Elementary,0.3105590062111801
7,2016-2017,AUSTIN ISD,Brooke Elementary School,272,250,272,168,Elementary,100.0
8,2016-2017,AUSTIN ISD,Brown Elementary School,354,306,354,297,Elementary,100.0
9,2016-2017,AUSTIN ISD,Bryker Woods Elementary School,443,43,0,95,Elementary,0.0
10,2016-2017,AUSTIN ISD,Campbelementary Schooll Elementary School,194,171,194,120,Elementary,100.0
11,2016-2017,AUSTIN ISD,Casis Elementary School,817,21,0,85,Elementary,0.0
12,2016-2017,AUSTIN ISD,Cunningham Elementary School,412,233,412,188,Elementary,100.0
13,2016-2017,AUSTIN ISD,Dawson Elementary School,340,272,340,194,Elementary,100.0
14,2016-2017,AUSTIN ISD,Daep- Elementary School,5,5,0,5,Elementary,0.0
15,2016-2017,AUSTIN ISD,Govalle Elementary School,470,415,470,329,Elementary,100.0
16,2016-2017,AUSTIN ISD,Gullett Elementary School,554,49,2,58,Elementary,0.36101083032490977
17,2016-2017,AUSTIN ISD,Harris Elementary School,615,586,615,509,Elementary,100.0
18,2016-2017,AUSTIN ISD,Highland Park Elementary School,652,29,0,94,Elementary,0.0
19,2016-2017,AUSTIN ISD,Joslin Elementary School,261,174,261,130,Elementary,100.0
20,2016-2017,AUSTIN ISD,Lee Elementary School,402,62,2,99,Elementary,0.4975124378109453
21,2016-2017,AUSTIN ISD,Maplewood Elementary School,498,201,9,186,Elementary,1.8072289156626506
22,2016-2017,AUSTIN ISD,Mathews Elementary School,442,126,442,151,Elementary,100.0
23,2016-2017,AUSTIN ISD,Metz Elementary School,305,251,305,221,Elementary,100.0
24,2016-2017,AUSTIN ISD,Oak Springs Elementary School,324,298,324,198,Elementary,100.0
25,2016-2017,AUSTIN ISD,Ortega Elementary School,306,256,306,181,Elementary,100.0
26,2016-2017,AUSTIN ISD,Sanchez Elementary School,353,331,353,290,Elementary,100.0
27,2016-2017,AUSTIN ISD,Pease Elementary School,242,39,2,48,Elementary,0.8264462809917356
28,2016-2017,AUSTIN ISD,Pecan Springs Elementary School,470,420,470,318,Elementary,100.0
29,2016-2017,AUSTIN ISD,Pleasant Hill Elementary School,502,410,502,336,Elementary,100.0
30,2016-2017,AUSTIN ISD,Read Pre-K Center,320,243,0,215,Other,0.0
31,2016-2017,AUSTIN ISD,Reilly Elementary School,268,186,268,230,Elementary,100.0
32,2016-2017,AUSTIN ISD,Ridgetop Elementary School,331,112,331,151,Elementary,100.0
33,2016-2017,AUSTIN ISD,St Elementary Schoolmo Elementary School,284,223,284,181,Elementary,100.0
34,2016-2017,AUSTIN ISD,Summitt Elementary School,833,253,5,370,Elementary,0.6002400960384153
35,2016-2017,AUSTIN ISD,Sims Elementary School,232,214,232,139,Elementary,100.0
36,2016-2017,AUSTIN ISD,Travis Hts Elementary School,548,347,548,290,Elementary,100.0
37,2016-2017,AUSTIN ISD,Walnut Creek Elementary School,605,501,605,513,Elementary,100.0
38,2016-2017,AUSTIN ISD,Patton Elementary School,982,196,2,288,Elementary,0.20366598778004075
39,2016-2017,AUSTIN ISD,Wooten Elementary School,568,475,568,489,Elementary,100.0
40,2016-2017,AUSTIN ISD,Zavala Elementary School,357,297,357,214,Elementary,100.0
41,2016-2017,AUSTIN ISD,Zilker Elementary School,562,114,0,110,Elementary,0.0
42,2016-2017,AUSTIN ISD,Menchaca Elementary School,740,290,740,340,Elementary,100.0
43,2016-2017,AUSTIN ISD,Oak Hill Elementary School,832,298,832,402,Elementary,100.0
44,2016-2017,AUSTIN ISD,Barrington Elementary School,542,420,542,446,Elementary,100.0
45,2016-2017,AUSTIN ISD,Norman Elementary School,263,244,263,169,Elementary,100.0
46,2016-2017,AUSTIN ISD,Pillow Elementary School,509,365,509,329,Elementary,100.0
47,2016-2017,AUSTIN ISD,Wooldridge Elementary School,612,568,612,508,Elementary,100.0
48,2016-2017,AUSTIN ISD,Doss Elementary School,882,128,2,204,Elementary,0.22675736961451248
49,2016-2017,AUSTIN ISD,Hill Elementary School,939,71,5,183,Elementary,0.5324813631522897
50,2016-2017,AUSTIN ISD,Odom Elementary School,509,437,509,343,Elementary,100.0
51,2016-2017,AUSTIN ISD,Winn Elementary School,241,205,241,199,Elementary,100.0
52,2016-2017,AUSTIN ISD,Sunset Valley Elementary School,533,269,533,309,Elementary,100.0
53,2016-2017,AUSTIN ISD,Graham Elementary School,686,575,686,523,Elementary,100.0
54,2016-2017,AUSTIN ISD,Linder Elementary School,320,296,320,245,Elementary,100.0
55,2016-2017,AUSTIN ISD,Cook Elementary School,521,492,521,446,Elementary,100.0
56,2016-2017,AUSTIN ISD,Houston Elementary School,680,565,680,532,Elementary,100.0
57,2016-2017,AUSTIN ISD,Hart Elementary School,700,672,700,631,Elementary,100.0
58,2016-2017,AUSTIN ISD,Pickle Elementary School,638,577,638,570,Elementary,100.0
59,2016-2017,AUSTIN ISD,Mcbee Elementary School,450,424,450,397,Elementary,100.0
60,2016-2017,AUSTIN ISD,Williams Elementary School,458,355,458,255,Elementary,100.0
61,2016-2017,AUSTIN ISD,Langford Elementary School,619,581,619,520,Elementary,100.0
62,2016-2017,AUSTIN ISD,Boone Elementary School,568,225,568,186,Elementary,100.0
63,2016-2017,AUSTIN ISD,Palm Elementary School,470,378,470,306,Elementary,100.0
64,2016-2017,AUSTIN ISD,Kocurek Elementary School,539,334,539,244,Elementary,100.0
65,2016-2017,AUSTIN ISD,Casey Elementary School,633,377,633,275,Elementary,100.0
66,2016-2017,AUSTIN ISD,Rodriguez Elementary School,591,563,591,446,Elementary,100.0
67,2016-2017,AUSTIN ISD,Widen Elementary School,558,479,558,418,Elementary,100.0
68,2016-2017,AUSTIN ISD,Galindo Elementary School,590,500,590,436,Elementary,100.0
69,2016-2017,AUSTIN ISD,Uphaus Early Childhood Center,299,249,299,207,Elementary,100.0
70,2016-2017,AUSTIN ISD,Jordan Elementary School,712,626,712,577,Elementary,100.0
71,2016-2017,AUSTIN ISD,Davis Elementary School,815,172,2,303,Elementary,0.24539877300613497
72,2016-2017,AUSTIN ISD,Kiker Elementary School,1049,28,0,192,Elementary,0.0
73,2016-2017,AUSTIN ISD,Mills Elementary School,843,61,0,158,Elementary,0.0
74,2016-2017,AUSTIN ISD,Baranoff Elementary School,1020,118,2,222,Elementary,0.19607843137254902
75,2016-2017,AUSTIN ISD,Cowan Elementary School,839,246,268,246,Elementary,31.942789034564957
76,2016-2017,AUSTIN ISD,Clayton Elementary School,855,10,0,134,Elementary,0.0
77,2016-2017,AUSTIN ISD,Blazier Elementary School,813,572,813,454,Elementary,100.0
78,2016-2017,AUSTIN ISD,Guerrero Thompson,667,545,667,601,Middle,100.0
79,2016-2017,AUSTIN ISD,Baldwin Elementary School,794,88,0,183,Elementary,0.0
80,2016-2017,AUSTIN ISD,Padron Elementary School,797,647,797,701,Elementary,100.0
81,2016-2017,AUSTIN ISD,Overton Elementary School,667,566,667,543,Elementary,100.0
82,2016-2017,AUSTIN ISD,Perez Elementary School,723,590,723,506,Elementary,100.0
83,2016-2017,AUSTIN ISD,Dobie Pk Center,208,190,2,154,Other,0.9615384615384616
84,2016-2017,AUSTIN ISD,Webb Pri Center,262,252,262,237,Elementary,100.0
85,2016-2017,AUSTIN ISD,Austin Isd Child Develementary Schoolopment Cente,78,73,0,5,Elementary,0.0
86,2016-2017,AUSTIN ISD,Alternative Learning Center,107,74,2,107,High,1.8691588785046729
87,2016-2017,AUSTIN ISD,Travis County Day School,11,6,0,11,High,0.0
88,2016-2017,AUSTIN ISD,Richards Sch For Young Women Leade,785,436,8,127,High,1.019108280254777
89,2016-2017,AUSTIN ISD,Travis County Juvenile Detention C,44,23,0,44,Other,0.0
90,2016-2017,AUSTIN ISD,Phoenix Academy,34,5,0,34,High,0.0
91,2016-2017,AUSTIN ISD,Leadership Academy,40,24,0,40,High,0.0
92,2016-2017,AUSTIN ISD,Travis County J J A E P,5,2,0,5,Other,0.0
93,2016-2017,AUSTIN ISD,Delementary Schooll Children'S Medical Center,2,0,0,2,Elementary,0.0
94,2016-2017,AUSTIN ISD,Austin St Hospital,23,0,0,23,High,0.0
95,2016-2017,AUSTIN ISD,Rosedale,210,77,0,122,Elementary,0.0
96,2016-2017,AUSTIN ISD,Austin High School,2145,598,10,831,High,0.4662004662004662
97,2016-2017,AUSTIN ISD,Lanier High School,1659,1391,1659,1310,High,100.0
98,2016-2017,AUSTIN ISD,Mccallum High School,1759,468,26,707,High,1.4781125639567936
99,2016-2017,AUSTIN ISD,Reagan High School,1255,1019,1255,950,High,100.0
100,2016-2017,AUSTIN ISD,Travis High School,1332,1029,1332,1017,High,100.0
101,2016-2017,AUSTIN ISD,Crockett High School,1515,940,31,951,High,2.046204620462046
102,2016-2017,AUSTIN ISD,Anderson High School,2217,501,11,714,High,0.4961659900766802
103,2016-2017,AUSTIN ISD,Bowie High School,2894,345,11,715,High,0.38009675190048375
104,2016-2017,AUSTIN ISD,Lbj Highigh Schoolchool,804,624,804,537,High,100.0
105,2016-2017,AUSTIN ISD,Garza Independence High School,205,69,11,171,High,5.365853658536586
106,2016-2017,AUSTIN ISD,Akins High School,2680,1673,29,1590,High,1.0820895522388059
107,2016-2017,AUSTIN ISD,Lasa High School,1111,78,0,24,High,0.0
108,2016-2017,AUSTIN ISD,Eastside Memorial At The Johnston,553,471,553,451,High,100.0
109,2016-2017,AUSTIN ISD,Graduation Prep Academy Travis,157,131,17,155,Other,10.828025477707007
110,2016-2017,AUSTIN ISD,Graduation Prep Academy Lanier,122,91,7,121,Other,5.737704918032787
111,2016-2017,AUSTIN ISD,International High School,261,250,18,220,High,6.896551724137931
112,2016-2017,AUSTIN ISD,Fulmore Middle School,1024,632,1024,534,Middle,100.0
113,2016-2017,AUSTIN ISD,Kealing Middle School,1224,326,1224,257,Middle,100.0
114,2016-2017,AUSTIN ISD,Lamar Middle School,1015,252,9,315,Middle,0.8866995073891626
115,2016-2017,AUSTIN ISD,Burnet Middle School,1040,939,1040,874,Middle,100.0
116,2016-2017,AUSTIN ISD,O Henry Middle,867,230,2,291,Middle,0.2306805074971165
117,2016-2017,AUSTIN ISD,Martin Middle,432,408,432,345,Middle,100.0
118,2016-2017,AUSTIN ISD,Murchison Middle,1328,296,0,440,Middle,0.0
119,2016-2017,AUSTIN ISD,Webb Middle School,677,631,677,553,Middle,100.0
120,2016-2017,AUSTIN ISD,Bedichek Middle,883,725,883,614,Middle,100.0
121,2016-2017,AUSTIN ISD,Dobie Middle,598,540,598,503,Middle,100.0
122,2016-2017,AUSTIN ISD,Covington Middle,615,386,7,344,Middle,1.1382113821138211
123,2016-2017,AUSTIN ISD,Mendez Middle School,711,660,711,597,Middle,100.0
124,2016-2017,AUSTIN ISD,Bailey Middle School,899,272,8,302,Middle,0.8898776418242491
125,2016-2017,AUSTIN ISD,Small Middle School,1179,322,5,425,Middle,0.42408821034775235
126,2016-2017,AUSTIN ISD,Paredes Middle School,957,698,957,604,Middle,100.0
127,2016-2017,AUSTIN ISD,Gorzycki Middle,1279,58,2,186,Middle,0.1563721657544957
128,2016-2017,AUSTIN ISD,Garcia Ymla,421,396,421,344,Other,100.0
129,2016-2017,AUSTIN ISD,Sadler Means Ywla,399,361,399,312,Middle,100.0
0,2017-2018,AUSTIN ISD,Allison Elementary School,479,458,479,362,Elementary,100.0
1,2017-2018,AUSTIN ISD,Andrews Elementary School,504,470,504,439,Elementary,100.0
2,2017-2018,AUSTIN ISD,Barton Hills Elementary School,455,41,2,91,Elementary,0.43956043956043955
3,2017-2018,AUSTIN ISD,Becker Elementary School,437,139,437,169,Elementary,100.0
4,2017-2018,AUSTIN ISD,Blackshear Elementary School,378,251,378,179,Elementary,100.0
5,2017-2018,AUSTIN ISD,Blanton Elementary School,516,357,516,305,Elementary,100.0
6,2017-2018,AUSTIN ISD,Brentwood Elementary School,675,131,2,171,Elementary,0.2962962962962963
7,2017-2018,AUSTIN ISD,Brooke Elementary School,246,240,246,166,Elementary,100.0
8,2017-2018,AUSTIN ISD,Brown Elementary School,272,269,272,229,Elementary,100.0
9,2017-2018,AUSTIN ISD,Bryker Woods Elementary School,458,36,0,91,Elementary,0.0
10,2017-2018,AUSTIN ISD,Campbelementary Schooll Elementary School,187,167,187,118,Elementary,100.0
11,2017-2018,AUSTIN ISD,Casis Elementary School,765,20,2,87,Elementary,0.26143790849673204
12,2017-2018,AUSTIN ISD,Cunningham Elementary School,394,236,394,194,Elementary,100.0
13,2017-2018,AUSTIN ISD,Dawson Elementary School,352,258,352,193,Elementary,100.0
14,2017-2018,AUSTIN ISD,Daep- Elementary School,7,6,0,6,Elementary,0.0
15,2017-2018,AUSTIN ISD,Govalle Elementary School,408,388,408,314,Elementary,100.0
16,2017-2018,AUSTIN ISD,Gullett Elementary School,569,37,0,65,Elementary,0.0
17,2017-2018,AUSTIN ISD,Harris Elementary School,630,614,630,499,Elementary,100.0
18,2017-2018,AUSTIN ISD,Highland Park Elementary School,641,36,2,87,Elementary,0.31201248049922
19,2017-2018,AUSTIN ISD,Joslin Elementary School,282,193,282,154,Elementary,100.0
20,2017-2018,AUSTIN ISD,Lee Elementary School,443,65,0,108,Elementary,0.0
21,2017-2018,AUSTIN ISD,Maplewood Elementary School,485,182,17,189,Elementary,3.5051546391752577
22,2017-2018,AUSTIN ISD,Mathews Elementary School,437,135,437,148,Elementary,100.0
23,2017-2018,AUSTIN ISD,Metz Elementary School,285,253,285,203,Elementary,100.0
24,2017-2018,AUSTIN ISD,Oak Springs Elementary School,322,319,322,174,Elementary,100.0
25,2017-2018,AUSTIN ISD,Ortega Elementary School,276,244,276,169,Elementary,100.0
26,2017-2018,AUSTIN ISD,Sanchez Elementary School,258,254,258,220,Elementary,100.0
27,2017-2018,AUSTIN ISD,Pease Elementary School,233,36,2,48,Elementary,0.8583690987124464
28,2017-2018,AUSTIN ISD,Pecan Springs Elementary School,454,439,454,305,Elementary,100.0
29,2017-2018,AUSTIN ISD,Pleasant Hill Elementary School,465,420,465,297,Elementary,100.0
30,2017-2018,AUSTIN ISD,Read Pre-K Center,304,270,2,227,Other,0.6578947368421053
31,2017-2018,AUSTIN ISD,Reilly Elementary School,238,181,238,188,Elementary,100.0
32,2017-2018,AUSTIN ISD,Ridgetop Elementary School,371,116,371,148,Elementary,100.0
33,2017-2018,AUSTIN ISD,St Elementary Schoolmo Elementary School,297,246,297,195,Elementary,100.0
34,2017-2018,AUSTIN ISD,Summitt Elementary School,844,249,7,380,Elementary,0.8293838862559242
35,2017-2018,AUSTIN ISD,Sims Elementary School,204,197,204,122,Elementary,100.0
36,2017-2018,AUSTIN ISD,Travis Hts Elementary School,518,328,518,274,Elementary,100.0
37,2017-2018,AUSTIN ISD,Walnut Creek Elementary School,642,606,642,555,Elementary,100.0
38,2017-2018,AUSTIN ISD,Patton Elementary School,984,215,2,354,Elementary,0.2032520325203252
39,2017-2018,AUSTIN ISD,Wooten Elementary School,503,464,503,445,Elementary,100.0
40,2017-2018,AUSTIN ISD,Zavala Elementary School,298,286,298,177,Elementary,100.0
41,2017-2018,AUSTIN ISD,Zilker Elementary School,550,106,15,145,Elementary,2.727272727272727
42,2017-2018,AUSTIN ISD,Menchaca Elementary School,717,302,717,315,Elementary,100.0
43,2017-2018,AUSTIN ISD,Oak Hill Elementary School,868,339,868,408,Elementary,100.0
44,2017-2018,AUSTIN ISD,Barrington Elementary School,547,536,547,461,Elementary,100.0
45,2017-2018,AUSTIN ISD,Norman Elementary School,192,187,192,112,Elementary,100.0
46,2017-2018,AUSTIN ISD,Pillow Elementary School,519,385,519,342,Elementary,100.0
47,2017-2018,AUSTIN ISD,Wooldridge Elementary School,532,506,532,443,Elementary,100.0
48,2017-2018,AUSTIN ISD,Doss Elementary School,835,126,5,212,Elementary,0.5988023952095808
49,2017-2018,AUSTIN ISD,Hill Elementary School,954,66,2,209,Elementary,0.20964360587002095
50,2017-2018,AUSTIN ISD,Odom Elementary School,463,400,463,319,Elementary,100.0
51,2017-2018,AUSTIN ISD,Winn Elementary School,259,218,259,179,Elementary,100.0
52,2017-2018,AUSTIN ISD,Sunset Valley Elementary School,543,271,543,288,Elementary,100.0
53,2017-2018,AUSTIN ISD,Graham Elementary School,610,507,610,461,Elementary,100.0
54,2017-2018,AUSTIN ISD,Linder Elementary School,306,287,306,225,Elementary,100.0
55,2017-2018,AUSTIN ISD,Cook Elementary School,453,420,453,390,Elementary,100.0
56,2017-2018,AUSTIN ISD,Houston Elementary School,642,600,642,496,Elementary,100.0
57,2017-2018,AUSTIN ISD,Hart Elementary School,682,640,682,620,Elementary,100.0
58,2017-2018,AUSTIN ISD,Pickle Elementary School,544,529,544,495,Elementary,100.0
59,2017-2018,AUSTIN ISD,Mcbee Elementary School,395,373,395,344,Elementary,100.0
60,2017-2018,AUSTIN ISD,Williams Elementary School,466,362,466,257,Elementary,100.0
61,2017-2018,AUSTIN ISD,Langford Elementary School,540,505,540,436,Elementary,100.0
62,2017-2018,AUSTIN ISD,Boone Elementary School,535,225,535,194,Elementary,100.0
63,2017-2018,AUSTIN ISD,Palm Elementary School,449,386,449,292,Elementary,100.0
64,2017-2018,AUSTIN ISD,Kocurek Elementary School,578,384,578,272,Elementary,100.0
65,2017-2018,AUSTIN ISD,Casey Elementary School,616,370,616,302,Elementary,100.0
66,2017-2018,AUSTIN ISD,Rodriguez Elementary School,503,485,503,405,Elementary,100.0
67,2017-2018,AUSTIN ISD,Widen Elementary School,522,478,522,408,Elementary,100.0
68,2017-2018,AUSTIN ISD,Galindo Elementary School,586,528,586,435,Elementary,100.0
69,2017-2018,AUSTIN ISD,Uphaus Early Childhood Center,340,306,340,231,Elementary,100.0
70,2017-2018,AUSTIN ISD,Jordan Elementary School,662,620,662,549,Elementary,100.0
71,2017-2018,AUSTIN ISD,Davis Elementary School,807,186,6,310,Elementary,0.7434944237918215
72,2017-2018,AUSTIN ISD,Kiker Elementary School,1111,29,2,219,Elementary,0.18001800180018002
73,2017-2018,AUSTIN ISD,Mills Elementary School,854,50,0,167,Elementary,0.0
74,2017-2018,AUSTIN ISD,Baranoff Elementary School,1014,118,7,235,Elementary,0.6903353057199211
75,2017-2018,AUSTIN ISD,Cowan Elementary School,841,257,19,268,Elementary,2.2592152199762188
76,2017-2018,AUSTIN ISD,Clayton Elementary School,838,12,0,134,Elementary,0.0
77,2017-2018,AUSTIN ISD,Blazier Elementary School,860,577,860,490,Elementary,100.0
78,2017-2018,AUSTIN ISD,Guerrero Thompson,633,618,633,575,Middle,100.0
79,2017-2018,AUSTIN ISD,Baldwin Elementary School,810,106,2,211,Elementary,0.24691358024691357
80,2017-2018,AUSTIN ISD,Padron Elementary School,759,718,759,691,Elementary,100.0
81,2017-2018,AUSTIN ISD,Overton Elementary School,559,519,559,456,Elementary,100.0
82,2017-2018,AUSTIN ISD,Perez Elementary School,650,581,650,467,Elementary,100.0
83,2017-2018,AUSTIN ISD,Dobie Pk Center,209,199,2,163,Other,0.9569377990430622
84,2017-2018,AUSTIN ISD,Webb Pri Center,246,227,246,210,Elementary,100.0
85,2017-2018,AUSTIN ISD,Austin Isd Child Develementary Schoolopment Cente,170,170,2,59,Elementary,1.1764705882352942
86,2017-2018,AUSTIN ISD,Alternative Learning Center,101,82,2,95,High,1.9801980198019802
87,2017-2018,AUSTIN ISD,Travis County Day School,8,5,0,8,High,0.0
88,2017-2018,AUSTIN ISD,Richards Sch For Young Women Leade,827,445,7,137,High,0.8464328899637243
89,2017-2018,AUSTIN ISD,Travis County Juvenile Detention C,35,15,0,35,Other,0.0
90,2017-2018,AUSTIN ISD,Phoenix Academy,19,2,0,19,High,0.0
91,2017-2018,AUSTIN ISD,Leadership Academy,16,2,0,16,High,0.0
92,2017-2018,AUSTIN ISD,Travis County J J A E P,2,2,0,2,Other,0.0
93,2017-2018,AUSTIN ISD,Austin St Hospital,16,2,0,16,High,0.0
94,2017-2018,AUSTIN ISD,Rosedale,232,73,2,126,Elementary,0.8620689655172413
95,2017-2018,AUSTIN ISD,Austin High School,2267,544,22,810,High,0.9704455227172475
96,2017-2018,AUSTIN ISD,Lanier High School,1586,1322,1586,1227,High,100.0
97,2017-2018,AUSTIN ISD,Mccallum High School,1761,387,9,575,High,0.5110732538330494
98,2017-2018,AUSTIN ISD,Reagan High School,1252,1051,1252,931,High,100.0
99,2017-2018,AUSTIN ISD,Travis High School,1233,954,1233,878,High,100.0
100,2017-2018,AUSTIN ISD,Crockett High School,1466,897,45,846,High,3.069577080491132
101,2017-2018,AUSTIN ISD,Anderson High School,2222,493,24,732,High,1.08010801080108
102,2017-2018,AUSTIN ISD,Bowie High School,2880,301,13,636,High,0.4513888888888889
103,2017-2018,AUSTIN ISD,Lbj Highigh Schoolchool,799,596,799,538,High,100.0
104,2017-2018,AUSTIN ISD,Garza Independence High School,169,56,9,138,High,5.325443786982248
105,2017-2018,AUSTIN ISD,Akins High School,2765,1691,44,1621,High,1.5913200723327305
106,2017-2018,AUSTIN ISD,Lasa High School,1186,98,2,29,High,0.16863406408094436
107,2017-2018,AUSTIN ISD,Eastside Memorial At The Johnston,491,436,491,384,High,100.0
108,2017-2018,AUSTIN ISD,Graduation Prep Academy Travis,164,121,2,159,Other,1.2195121951219512
109,2017-2018,AUSTIN ISD,Graduation Prep Academy Lanier,77,49,5,75,Other,6.4935064935064934
110,2017-2018,AUSTIN ISD,International High School,191,185,25,184,High,13.089005235602095
111,2017-2018,AUSTIN ISD,Fulmore Middle School,998,641,998,530,Middle,100.0
112,2017-2018,AUSTIN ISD,Kealing Middle School,1223,381,1223,261,Middle,100.0
113,2017-2018,AUSTIN ISD,Lamar Middle School,1130,234,12,351,Middle,1.0619469026548674
114,2017-2018,AUSTIN ISD,Burnet Middle School,967,873,967,803,Middle,100.0
115,2017-2018,AUSTIN ISD,O Henry Middle,862,248,18,316,Middle,2.0881670533642693
116,2017-2018,AUSTIN ISD,Martin Middle,450,419,450,366,Middle,100.0
117,2017-2018,AUSTIN ISD,Murchison Middle,1392,298,10,464,Middle,0.7183908045977011
118,2017-2018,AUSTIN ISD,Webb Middle School,664,623,664,542,Middle,100.0
119,2017-2018,AUSTIN ISD,Bedichek Middle,846,718,846,571,Middle,100.0
120,2017-2018,AUSTIN ISD,Dobie Middle,579,534,579,465,Middle,100.0
121,2017-2018,AUSTIN ISD,Covington Middle,660,389,165,368,Middle,25.0
122,2017-2018,AUSTIN ISD,Mendez Middle School,646,583,646,554,Middle,100.0
123,2017-2018,AUSTIN ISD,Bailey Middle School,1006,316,9,404,Middle,0.8946322067594433
124,2017-2018,AUSTIN ISD,Small Middle School,1231,316,14,443,Middle,1.1372867587327375
125,2017-2018,AUSTIN ISD,Paredes Middle School,892,653,892,586,Middle,100.0
126,2017-2018,AUSTIN ISD,Gorzycki Middle,1275,60,5,205,Middle,0.39215686274509803
127,2017-2018,AUSTIN ISD,Garcia Ymla,390,357,390,323,Other,100.0
128,2017-2018,AUSTIN ISD,Sadler Means Ywla,388,359,388,309,Middle,100.0
