,year,district,campus,total_enroll,total_disadvtg,total_title1,total_atrisk,school_type,title1_rate,name_x,lat_x,lon_x,type_x,name_y,lat_y,lon_y,type_y
0,2014-2015,AUSTIN ISD,Austin High School,2085,599,11,792,High,0.5275779376498801,Austin High School,30.273598,-97.76814,public,Austin High School,30.273598,-97.76814,public
1,2014-2015,AUSTIN ISD,Lanier High School,1619,1386,1619,1220,High,100.0,Lanier High School,30.360209,-97.70832,public,Lanier High School,30.360209,-97.70832,public
2,2014-2015,AUSTIN ISD,Mccallum High School,1648,524,33,677,High,2.0024271844660197,Mccallum High School,30.327484000000002,-97.72887,public,Mccallum High School,30.327484000000002,-97.72887,public
3,2014-2015,AUSTIN ISD,Reagan High School,1229,1012,1229,879,High,100.0,Reagan High School,30.324188,-97.69135,public,Reagan High School,30.324188,-97.69135,public
4,2014-2015,AUSTIN ISD,Travis High School,1329,1138,1329,1019,High,100.0,Travis High School,30.233839,-97.743256,public,Travis High School,30.233839,-97.743256,public
5,2014-2015,AUSTIN ISD,Crockett High School,1498,993,19,847,High,1.2683578104138853,Crockett High School,30.214724,-97.79739000000001,public,Crockett High School,30.214724,-97.79739000000001,public
6,2014-2015,AUSTIN ISD,Anderson High School,2224,594,11,718,High,0.4946043165467626,Anderson High School,30.37575,-97.75371,public,Anderson High School,30.37575,-97.75371,public
7,2014-2015,AUSTIN ISD,Alternative Learning Center,166,134,9,166,High,5.421686746987952,Alternative Learning Center,30.268434999999997,-97.71007,public,Alternative Learning Center,30.268434999999997,-97.71007,public
8,2014-2015,AUSTIN ISD,Bowie High School,2871,408,2,729,High,0.06966213862765587,Bowie High School,30.186369,-97.85873000000001,public,Bowie High School,30.186369,-97.85873000000001,public
9,2014-2015,AUSTIN ISD,Lbj Highigh Schoolchool,853,711,853,572,High,100.0,,,,,,,,
10,2014-2015,AUSTIN ISD,Garza Independence High School,190,79,15,150,High,7.894736842105262,Garza Independence High School,30.277237,-97.72139,public,Garza Independence High School,30.277237,-97.72139,public
11,2014-2015,AUSTIN ISD,Akins High School,2667,1847,11,1555,High,0.4124484439445069,Akins High School,30.148984999999996,-97.80185999999999,public,Akins High School,30.148984999999996,-97.80185999999999,public
12,2014-2015,AUSTIN ISD,Lasa High School,1002,119,0,41,High,0.0,Lasa High School,30.313496,-97.65666999999999,public,Lasa High School,30.313496,-97.65666999999999,public
13,2014-2015,AUSTIN ISD,Eastside Memorial At The Johnston,625,553,625,500,High,100.0,,,,,,,,
14,2014-2015,AUSTIN ISD,Premier High School At Travis,133,92,2,127,High,1.5037593984962403,Premier High School At Travis,30.233839,-97.743256,charter,Premier High School At Travis,30.233839,-97.743256,charter
15,2014-2015,AUSTIN ISD,Premier High School At Travis,133,92,2,127,High,1.5037593984962403,Premier High School At Travis,30.233839,-97.743256,charter,Premier High School At Travis,30.233839,-97.743256,charter
16,2014-2015,AUSTIN ISD,Premier High School At Travis,133,92,2,127,High,1.5037593984962403,Premier High School At Travis,30.233839,-97.743256,charter,Premier High School At Travis,30.233839,-97.743256,charter
17,2014-2015,AUSTIN ISD,Premier High School At Travis,133,92,2,127,High,1.5037593984962403,Premier High School At Travis,30.233839,-97.743256,charter,Premier High School At Travis,30.233839,-97.743256,charter
18,2014-2015,AUSTIN ISD,Premier High School At Travis,133,92,2,127,High,1.5037593984962403,Premier High School At Travis,30.233839,-97.743256,charter,Premier High School At Travis,30.233839,-97.743256,charter
19,2014-2015,AUSTIN ISD,Premier High School At Travis,133,92,2,127,High,1.5037593984962403,Premier High School At Travis,30.233839,-97.743256,charter,Premier High School At Travis,30.233839,-97.743256,charter
20,2014-2015,AUSTIN ISD,Premier High School At Travis,133,92,2,127,High,1.5037593984962403,Premier High School At Travis,30.233839,-97.743256,charter,Premier High School At Travis,30.233839,-97.743256,charter
21,2014-2015,AUSTIN ISD,Premier High School At Travis,133,92,2,127,High,1.5037593984962403,Premier High School At Travis,30.233839,-97.743256,charter,Premier High School At Travis,30.233839,-97.743256,charter
22,2014-2015,AUSTIN ISD,Premier High School At Travis,133,92,2,127,High,1.5037593984962403,Premier High School At Travis,30.233839,-97.743256,charter,Premier High School At Travis,30.233839,-97.743256,charter
23,2014-2015,AUSTIN ISD,Premier High School At Lanier,122,76,2,113,High,1.639344262295082,Premier High School At Lanier,30.360209,-97.70832,charter,Premier High School At Lanier,30.360209,-97.70832,charter
24,2014-2015,AUSTIN ISD,Premier High School At Lanier,122,76,2,113,High,1.639344262295082,Premier High School At Lanier,30.360209,-97.70832,charter,Premier High School At Lanier,30.360209,-97.70832,charter
25,2014-2015,AUSTIN ISD,Premier High School At Lanier,122,76,2,113,High,1.639344262295082,Premier High School At Lanier,30.360209,-97.70832,charter,Premier High School At Lanier,30.360209,-97.70832,charter
26,2014-2015,AUSTIN ISD,Premier High School At Lanier,122,76,2,113,High,1.639344262295082,Premier High School At Lanier,30.360209,-97.70832,charter,Premier High School At Lanier,30.360209,-97.70832,charter
27,2014-2015,AUSTIN ISD,Premier High School At Lanier,122,76,2,113,High,1.639344262295082,Premier High School At Lanier,30.360209,-97.70832,charter,Premier High School At Lanier,30.360209,-97.70832,charter
28,2014-2015,AUSTIN ISD,Premier High School At Lanier,122,76,2,113,High,1.639344262295082,Premier High School At Lanier,30.360209,-97.70832,charter,Premier High School At Lanier,30.360209,-97.70832,charter
29,2014-2015,AUSTIN ISD,Premier High School At Lanier,122,76,2,113,High,1.639344262295082,Premier High School At Lanier,30.360209,-97.70832,charter,Premier High School At Lanier,30.360209,-97.70832,charter
30,2014-2015,AUSTIN ISD,Premier High School At Lanier,122,76,2,113,High,1.639344262295082,Premier High School At Lanier,30.360209,-97.70832,charter,Premier High School At Lanier,30.360209,-97.70832,charter
31,2014-2015,AUSTIN ISD,Premier High School At Lanier,122,76,2,113,High,1.639344262295082,Premier High School At Lanier,30.360209,-97.70832,charter,Premier High School At Lanier,30.360209,-97.70832,charter
32,2014-2015,AUSTIN ISD,Travis County Day School,15,7,0,15,High,0.0,Travis County Day School,30.335696999999996,-97.68336,public,Travis County Day School,30.335696999999996,-97.68336,public
33,2014-2015,AUSTIN ISD,Richards Sch For Young Women Leade,764,451,0,94,High,0.0,,,,,,,,
34,2014-2015,AUSTIN ISD,International High School,368,343,10,356,High,2.717391304347826,International High School,30.257113,-97.68205999999999,public,International High School,30.257113,-97.68205999999999,public
35,2014-2015,AUSTIN ISD,Travis County Juvenile Detention C,58,34,0,58,Other,0.0,,,,,,,,
36,2014-2015,AUSTIN ISD,Phoenix Academy,32,2,0,32,High,0.0,Phoenix Academy,30.24414,-97.75614,public,Phoenix Academy,30.24414,-97.75614,public
37,2014-2015,AUSTIN ISD,Leadership Academy,39,15,0,39,High,0.0,Leadership Academy,30.235638,-97.75366,public,Leadership Academy,30.235638,-97.75366,public
38,2014-2015,AUSTIN ISD,Travis County J J A E P,2,2,2,2,Other,100.0,,,,,,,,
39,2014-2015,AUSTIN ISD,Fulmore Middle School,952,684,952,442,Middle,100.0,Fulmore Middle School,30.243927000000003,-97.750465,public,Fulmore Middle School,30.243927000000003,-97.750465,public
40,2014-2015,AUSTIN ISD,Kealing Middle School,1188,395,1188,262,Middle,100.0,Kealing Middle School,30.270937,-97.72178000000001,public,Kealing Middle School,30.270937,-97.72178000000001,public
41,2014-2015,AUSTIN ISD,Lamar Middle School,895,307,6,289,Middle,0.6703910614525139,Lamar Middle School,30.337774,-97.74058000000001,public,Lamar Middle School,30.337774,-97.74058000000001,public
42,2014-2015,AUSTIN ISD,Burnet Middle School,1138,1056,1138,835,Middle,100.0,Burnet Middle School,30.365074,-97.7256,public,Burnet Middle School,30.365074,-97.7256,public
43,2014-2015,AUSTIN ISD,O Henry Middle School,891,265,2,249,Middle,0.2244668911335578,O Henry Middle School,30.285491999999998,-97.77376,public,O Henry Middle School,30.285491999999998,-97.77376,public
44,2014-2015,AUSTIN ISD,Martin Middle School,555,521,555,417,Middle,100.0,Martin Middle School,30.253086,-97.72986999999999,public,Martin Middle School,30.253086,-97.72986999999999,public
45,2014-2015,AUSTIN ISD,Murchison Middle School,1363,378,7,403,Middle,0.5135730007336757,Murchison Middle School,30.353977,-97.75872,public,Murchison Middle School,30.353977,-97.75872,public
46,2014-2015,AUSTIN ISD,Webb Middle School,691,670,691,524,Middle,100.0,Webb Middle School,30.332413,-97.70740500000001,public,Webb Middle School,30.332413,-97.70740500000001,public
47,2014-2015,AUSTIN ISD,Bedichek Middle School,969,807,969,565,Middle,100.0,Bedichek Middle School,30.196163000000002,-97.78622,public,Bedichek Middle School,30.196163000000002,-97.78622,public
48,2014-2015,AUSTIN ISD,Dobie Middle School,691,633,691,463,Middle,100.0,Dobie Middle School,30.35455,-97.679375,public,Dobie Middle School,30.35455,-97.679375,public
49,2014-2015,AUSTIN ISD,Covington Middle School,634,412,2,319,Middle,0.3154574132492113,Covington Middle School,30.211359,-97.83413,public,Covington Middle School,30.211359,-97.83413,public
50,2014-2015,AUSTIN ISD,Mendez Middle School,842,801,842,642,Middle,100.0,Mendez Middle School,30.188675,-97.74306,public,Mendez Middle School,30.188675,-97.74306,public
51,2014-2015,AUSTIN ISD,Bailey Middle School,917,300,11,311,Middle,1.1995637949836424,Bailey Middle School,30.164225,-97.87241999999999,public,Bailey Middle School,30.164225,-97.87241999999999,public
52,2014-2015,AUSTIN ISD,Small Middle School,1003,323,10,301,Middle,0.9970089730807578,Small Middle School,30.233706,-97.84200000000001,public,Small Middle School,30.233706,-97.84200000000001,public
53,2014-2015,AUSTIN ISD,Paredes Middle School,1032,759,1032,585,Middle,100.0,Paredes Middle School,30.165659,-97.81159,public,Paredes Middle School,30.165659,-97.81159,public
54,2014-2015,AUSTIN ISD,Gorzycki Middle,1330,61,2,148,Middle,0.15037593984962405,,,,,,,,
55,2014-2015,AUSTIN ISD,School For Young Men,391,377,166,290,Other,42.455242966751925,,,,,,,,
56,2014-2015,AUSTIN ISD,Sadler Means Ywla,341,319,166,262,Middle,48.680351906158364,Sadler Means Ywla,30.313578000000003,-97.68073000000001,public,Sadler Means Ywla,30.313578000000003,-97.68073000000001,public
57,2014-2015,AUSTIN ISD,Allison Elementary School,487,466,487,350,Elementary,100.0,Allison Elementary School,30.235784999999996,-97.69203,public,Allison Elementary School,30.235784999999996,-97.69203,public
58,2014-2015,AUSTIN ISD,Andrews Elementary School,657,640,657,562,Elementary,100.0,Andrews Elementary School,30.317553999999998,-97.679665,public,Andrews Elementary School,30.317553999999998,-97.679665,public
59,2014-2015,AUSTIN ISD,Barton Hills Elementary School,419,34,2,77,Elementary,0.47732696897374705,Barton Hills Elementary School,30.254395000000002,-97.78335600000001,public,Barton Hills Elementary School,30.254395000000002,-97.78335600000001,public
60,2014-2015,AUSTIN ISD,Becker Elementary School,344,169,344,154,Elementary,100.0,Becker Elementary School,30.250395,-97.75945,public,Becker Elementary School,30.250395,-97.75945,public
61,2014-2015,AUSTIN ISD,Blackshear Elementary School,276,252,276,167,Elementary,100.0,Blackshear Elementary School,30.266968,-97.72216999999999,public,Blackshear Elementary School,30.266968,-97.72216999999999,public
62,2014-2015,AUSTIN ISD,Blanton Elementary School,542,472,542,405,Elementary,100.0,Blanton Elementary School,30.306929999999998,-97.69063,public,Blanton Elementary School,30.306929999999998,-97.69063,public
63,2014-2015,AUSTIN ISD,Brentwood Elementary School,581,173,2,198,Elementary,0.3442340791738382,Brentwood Elementary School,30.339640000000003,-97.731445,public,Brentwood Elementary School,30.339640000000003,-97.731445,public
64,2014-2015,AUSTIN ISD,Brooke Elementary School,347,317,347,218,Elementary,100.0,Brooke Elementary School,30.254821999999997,-97.70851,public,Brooke Elementary School,30.254821999999997,-97.70851,public
65,2014-2015,AUSTIN ISD,Brown Elementary School,411,392,411,330,Elementary,100.0,Brown Elementary School,30.344769,-97.71034,public,Brown Elementary School,30.344769,-97.71034,public
66,2014-2015,AUSTIN ISD,Bryker Woods Elementary School,393,40,2,67,Elementary,0.5089058524173028,Bryker Woods Elementary School,30.304869,-97.750626,public,Bryker Woods Elementary School,30.304869,-97.750626,public
67,2014-2015,AUSTIN ISD,Campbelementary Schooll Elementary School,253,243,253,149,Elementary,100.0,,,,,,,,
68,2014-2015,AUSTIN ISD,Casis Elementary School,806,23,0,124,Elementary,0.0,Casis Elementary School,30.304344,-97.76505,public,Casis Elementary School,30.304344,-97.76505,public
69,2014-2015,AUSTIN ISD,Cunningham Elementary School,405,278,36,220,Elementary,8.888888888888891,Cunningham Elementary School,30.210476,-97.80581,public,Cunningham Elementary School,30.210476,-97.80581,public
70,2014-2015,AUSTIN ISD,Dawson Elementary School,335,289,335,195,Elementary,100.0,Dawson Elementary School,30.234061999999998,-97.76337,public,Dawson Elementary School,30.234061999999998,-97.76337,public
71,2014-2015,AUSTIN ISD,Daep- Elementary School,10,9,2,10,Elementary,20.0,,,,,,,,
72,2014-2015,AUSTIN ISD,Govalle Elementary School,547,497,547,394,Elementary,100.0,Govalle Elementary School,30.210511999999998,-97.65354,public,Govalle Elementary School,30.210511999999998,-97.65354,public
73,2014-2015,AUSTIN ISD,Gullett Elementary School,557,43,2,75,Elementary,0.3590664272890485,Gullett Elementary School,30.343542,-97.74866999999999,public,Gullett Elementary School,30.343542,-97.74866999999999,public
74,2014-2015,AUSTIN ISD,Harris Elementary School,667,651,667,568,Elementary,100.0,Harris Elementary School,30.314829,-97.690765,public,Harris Elementary School,30.314829,-97.690765,public
75,2014-2015,AUSTIN ISD,Highland Park Elementary School,640,37,0,98,Elementary,0.0,Highland Park Elementary School,30.330692,-97.76005,public,Highland Park Elementary School,30.330692,-97.76005,public
76,2014-2015,AUSTIN ISD,Joslin Elementary School,289,236,289,167,Elementary,100.0,Joslin Elementary School,30.228037,-97.79054000000001,public,Joslin Elementary School,30.228037,-97.79054000000001,public
77,2014-2015,AUSTIN ISD,Lee Elementary School,390,68,2,97,Elementary,0.5128205128205128,Lee Elementary School,30.29305,-97.72763,public,Lee Elementary School,30.29305,-97.72763,public
78,2014-2015,AUSTIN ISD,Maplewood Elementary School,417,192,8,125,Elementary,1.9184652278177456,Maplewood Elementary School,30.293337,-97.714905,public,Maplewood Elementary School,30.293337,-97.714905,public
79,2014-2015,AUSTIN ISD,Mathews Elementary School,410,156,73,131,Elementary,17.804878048780488,Mathews Elementary School,30.278215000000003,-97.760796,public,Mathews Elementary School,30.278215000000003,-97.760796,public
80,2014-2015,AUSTIN ISD,Metz Elementary School,360,324,360,260,Elementary,100.0,Metz Elementary School,30.254284000000002,-97.721725,public,Metz Elementary School,30.254284000000002,-97.721725,public
81,2014-2015,AUSTIN ISD,Oak Springs Elementary School,306,303,306,170,Elementary,100.0,Oak Springs Elementary School,30.271786,-97.70484,public,Oak Springs Elementary School,30.271786,-97.70484,public
82,2014-2015,AUSTIN ISD,Ortega Elementary School,326,308,326,192,Elementary,100.0,Ortega Elementary School,30.269996999999996,-97.68428,public,Ortega Elementary School,30.269996999999996,-97.68428,public
83,2014-2015,AUSTIN ISD,Sanchez Elementary School,436,418,436,363,Elementary,100.0,Sanchez Elementary School,30.257991999999998,-97.735054,public,Sanchez Elementary School,30.257991999999998,-97.735054,public
84,2014-2015,AUSTIN ISD,Pease Elementary School,257,49,2,72,Elementary,0.7782101167315175,Pease Elementary School,30.275290999999996,-97.74803,public,Pease Elementary School,30.275290999999996,-97.74803,public
85,2014-2015,AUSTIN ISD,Pecan Springs Elementary School,452,439,452,336,Elementary,100.0,Pecan Springs Elementary School,30.303139,-97.676315,public,Pecan Springs Elementary School,30.303139,-97.676315,public
86,2014-2015,AUSTIN ISD,Pleasant Hill Elementary School,527,475,527,359,Elementary,100.0,Pleasant Hill Elementary School,30.196213,-97.77649,public,Pleasant Hill Elementary School,30.196213,-97.77649,public
87,2014-2015,AUSTIN ISD,Read Pre-K Demonstration Sch,314,304,2,210,Other,0.6369426751592356,,,,,,,,
88,2014-2015,AUSTIN ISD,Reilly Elementary School,277,249,277,216,Elementary,100.0,Reilly Elementary School,30.327883,-97.71982,public,Reilly Elementary School,30.327883,-97.71982,public
89,2014-2015,AUSTIN ISD,Ridgetop Elementary School,302,135,16,177,Elementary,5.298013245033113,Ridgetop Elementary School,30.311796,-97.716255,public,Ridgetop Elementary School,30.311796,-97.716255,public
90,2014-2015,AUSTIN ISD,St Elementary Schoolmo Elementary School,292,262,292,179,Elementary,100.0,,,,,,,,
91,2014-2015,AUSTIN ISD,Summitt Elementary School,774,271,2,369,Elementary,0.25839793281653745,Summitt Elementary School,30.418608000000003,-97.71907,public,Summitt Elementary School,30.418608000000003,-97.71907,public
92,2014-2015,AUSTIN ISD,Sims Elementary School,228,217,228,139,Elementary,100.0,Sims Elementary School,30.27941,-97.6854,public,Sims Elementary School,30.27941,-97.6854,public
93,2014-2015,AUSTIN ISD,Travis Hts Elementary School,498,363,498,306,Elementary,100.0,,,,,,,,
94,2014-2015,AUSTIN ISD,Walnut Creek Elementary School,661,605,661,554,Elementary,100.0,Walnut Creek Elementary School,30.379194000000002,-97.68413000000001,public,Walnut Creek Elementary School,30.379194000000002,-97.68413000000001,public
95,2014-2015,AUSTIN ISD,Patton Elementary School,945,215,2,346,Elementary,0.21164021164021166,Patton Elementary School,30.2318,-97.84553000000001,public,Patton Elementary School,30.2318,-97.84553000000001,public
96,2014-2015,AUSTIN ISD,Wooten Elementary School,725,683,725,628,Elementary,100.0,Wooten Elementary School,30.352916999999998,-97.71915,public,Wooten Elementary School,30.352916999999998,-97.71915,public
97,2014-2015,AUSTIN ISD,Zavala Elementary School,400,388,400,233,Elementary,100.0,Zavala Elementary School,30.258271999999998,-97.71954000000001,public,Zavala Elementary School,30.258271999999998,-97.71954000000001,public
98,2014-2015,AUSTIN ISD,Zilker Elementary School,567,156,5,150,Elementary,0.8818342151675485,Zilker Elementary School,30.252544,-97.77457,public,Zilker Elementary School,30.252544,-97.77457,public
99,2014-2015,AUSTIN ISD,Menchaca Elementary School,717,354,33,279,Elementary,4.602510460251046,,,,,,,,
100,2014-2015,AUSTIN ISD,Oak Hill Elementary School,803,330,282,366,Elementary,35.118306351183065,Oak Hill Elementary School,30.237990999999997,-97.858765,public,Oak Hill Elementary School,30.237990999999997,-97.858765,public
101,2014-2015,AUSTIN ISD,Barrington Elementary School,588,571,588,477,Elementary,100.0,Barrington Elementary School,30.360529,-97.69606999999999,public,Barrington Elementary School,30.360529,-97.69606999999999,public
102,2014-2015,AUSTIN ISD,Norman Elementary School,299,287,299,183,Elementary,100.0,Norman Elementary School,30.278323999999998,-97.67397,public,Norman Elementary School,30.278323999999998,-97.67397,public
103,2014-2015,AUSTIN ISD,Pillow Elementary School,582,422,139,369,Elementary,23.88316151202749,Pillow Elementary School,30.369263,-97.73339,public,Pillow Elementary School,30.369263,-97.73339,public
104,2014-2015,AUSTIN ISD,Wooldridge Elementary School,572,550,572,497,Elementary,100.0,Wooldridge Elementary School,30.364952000000002,-97.70985,public,Wooldridge Elementary School,30.364952000000002,-97.70985,public
105,2014-2015,AUSTIN ISD,Doss Elementary School,919,120,2,224,Elementary,0.2176278563656148,Doss Elementary School,30.356087,-97.76281,public,Doss Elementary School,30.356087,-97.76281,public
106,2014-2015,AUSTIN ISD,Hill Elementary School,890,82,0,177,Elementary,0.0,Hill Elementary School,30.376625,-97.74854,public,Hill Elementary School,30.376625,-97.74854,public
107,2014-2015,AUSTIN ISD,Odom Elementary School,546,499,546,352,Elementary,100.0,Odom Elementary School,30.20562,-97.78878,public,Odom Elementary School,30.20562,-97.78878,public
108,2014-2015,AUSTIN ISD,Winn Elementary School,338,328,338,261,Elementary,100.0,Winn Elementary School,30.314882,-97.66498,public,Winn Elementary School,30.314882,-97.66498,public
109,2014-2015,AUSTIN ISD,Sunset Valley Elementary School,518,339,123,300,Elementary,23.745173745173744,,,,,,,,
110,2014-2015,AUSTIN ISD,Graham Elementary School,768,674,768,539,Elementary,100.0,Graham Elementary School,30.372359999999997,-97.66886,public,Graham Elementary School,30.372359999999997,-97.66886,public
111,2014-2015,AUSTIN ISD,Linder Elementary School,412,396,412,314,Elementary,100.0,Linder Elementary School,30.224209000000002,-97.73794000000001,public,Linder Elementary School,30.224209000000002,-97.73794000000001,public
112,2014-2015,AUSTIN ISD,Cook Elementary School,643,619,643,556,Elementary,100.0,Cook Elementary School,30.378002000000002,-97.70482,public,Cook Elementary School,30.378002000000002,-97.70482,public
113,2014-2015,AUSTIN ISD,Houston Elementary School,765,743,765,563,Elementary,100.0,Houston Elementary School,30.196468,-97.75506999999999,public,Houston Elementary School,30.196468,-97.75506999999999,public
114,2014-2015,AUSTIN ISD,Hart Elementary School,717,695,717,638,Elementary,100.0,Hart Elementary School,30.342451,-97.68871,public,Hart Elementary School,30.342451,-97.68871,public
115,2014-2015,AUSTIN ISD,Pickle Elementary School,746,725,746,670,Elementary,100.0,Pickle Elementary School,30.333408000000002,-97.693825,public,Pickle Elementary School,30.333408000000002,-97.693825,public
116,2014-2015,AUSTIN ISD,Mcbee Elementary School,531,507,531,451,Elementary,100.0,Mcbee Elementary School,30.38325,-97.69106,public,Mcbee Elementary School,30.38325,-97.69106,public
117,2014-2015,AUSTIN ISD,Williams Elementary School,513,429,513,282,Elementary,100.0,Williams Elementary School,30.180972999999998,-97.79151,public,Williams Elementary School,30.180972999999998,-97.79151,public
118,2014-2015,AUSTIN ISD,Langford Elementary School,741,701,741,587,Elementary,100.0,Langford Elementary School,30.182083000000002,-97.76337,public,Langford Elementary School,30.182083000000002,-97.76337,public
119,2014-2015,AUSTIN ISD,Boone Elementary School,499,219,5,114,Elementary,1.002004008016032,Boone Elementary School,30.203723999999998,-97.840225,public,Boone Elementary School,30.203723999999998,-97.840225,public
120,2014-2015,AUSTIN ISD,Palm Elementary School,516,430,516,327,Elementary,100.0,Palm Elementary School,30.164824,-97.743675,public,Palm Elementary School,30.164824,-97.743675,public
121,2014-2015,AUSTIN ISD,Kocurek Elementary School,539,379,2,258,Elementary,0.3710575139146568,Kocurek Elementary School,30.177746000000003,-97.83525,public,Kocurek Elementary School,30.177746000000003,-97.83525,public
122,2014-2015,AUSTIN ISD,Casey Elementary School,665,451,127,287,Elementary,19.097744360902254,Casey Elementary School,30.177266999999997,-97.81461,public,Casey Elementary School,30.177266999999997,-97.81461,public
123,2014-2015,AUSTIN ISD,Rodriguez Elementary School,793,772,793,633,Elementary,100.0,Rodriguez Elementary School,30.200659,-97.74725,public,Rodriguez Elementary School,30.200659,-97.74725,public
124,2014-2015,AUSTIN ISD,Widen Elementary School,589,559,589,447,Elementary,100.0,Widen Elementary School,30.188713,-97.74008,public,Widen Elementary School,30.188713,-97.74008,public
125,2014-2015,AUSTIN ISD,Galindo Elementary School,591,544,591,429,Elementary,100.0,Galindo Elementary School,30.229516999999998,-97.7719,public,Galindo Elementary School,30.229516999999998,-97.7719,public
126,2014-2015,AUSTIN ISD,Uphaus Early Childhood Center,236,225,236,168,Elementary,100.0,,,,,,,,
127,2014-2015,AUSTIN ISD,Jordan Elementary School,762,739,762,605,Elementary,100.0,Jordan Elementary School,30.301088,-97.646774,public,Jordan Elementary School,30.301088,-97.646774,public
128,2014-2015,AUSTIN ISD,Davis Elementary School,739,176,2,237,Elementary,0.2706359945872801,Davis Elementary School,30.418246999999997,-97.74218,public,Davis Elementary School,30.418246999999997,-97.74218,public
129,2014-2015,AUSTIN ISD,Kiker Elementary School,1022,31,0,211,Elementary,0.0,Kiker Elementary School,30.191557,-97.88125600000001,public,Kiker Elementary School,30.191557,-97.88125600000001,public
130,2014-2015,AUSTIN ISD,Mills Elementary School,802,57,0,195,Elementary,0.0,Mills Elementary School,30.210917,-97.8782,public,Mills Elementary School,30.210917,-97.8782,public
131,2014-2015,AUSTIN ISD,Baranoff Elementary School,994,112,2,249,Elementary,0.2012072434607646,Baranoff Elementary School,30.153902000000002,-97.852165,public,Baranoff Elementary School,30.153902000000002,-97.852165,public
132,2014-2015,AUSTIN ISD,Cowan Elementary School,800,253,7,218,Elementary,0.875,Cowan Elementary School,30.188688,-97.83348000000001,public,Cowan Elementary School,30.188688,-97.83348000000001,public
133,2014-2015,AUSTIN ISD,Clayton Elementary School,881,27,0,140,Elementary,0.0,Clayton Elementary School,30.194855,-97.906334,public,Clayton Elementary School,30.194855,-97.906334,public
134,2014-2015,AUSTIN ISD,Blazier Elementary School,967,738,967,580,Elementary,100.0,Blazier Elementary School,30.158,-97.754295,public,Blazier Elementary School,30.158,-97.754295,public
135,2014-2015,AUSTIN ISD,Guerrero Thompson,690,675,2,615,Middle,0.2898550724637681,Guerrero Thompson,30.363888,-97.691666,public,Guerrero Thompson,30.363888,-97.691666,public
136,2014-2015,AUSTIN ISD,Baldwin Elementary School,742,85,0,176,Elementary,0.0,Baldwin Elementary School,30.184890000000003,-97.923454,public,Baldwin Elementary School,30.184890000000003,-97.923454,public
137,2014-2015,AUSTIN ISD,Padron Elementary School,693,676,224,603,Elementary,32.323232323232325,Padron Elementary School,30.272375,-97.756516,public,Padron Elementary School,30.272375,-97.756516,public
138,2014-2015,AUSTIN ISD,Overton Elementary School,650,623,650,503,Elementary,100.0,Overton Elementary School,30.300186,-97.6367,public,Overton Elementary School,30.300186,-97.6367,public
139,2014-2015,AUSTIN ISD,Perez Elementary School,804,739,804,579,Elementary,100.0,Perez Elementary School,30.17085,-97.75624,public,Perez Elementary School,30.17085,-97.75624,public
140,2014-2015,AUSTIN ISD,Dobie Pk Center,256,252,0,196,Other,0.0,,,,,,,,
141,2014-2015,AUSTIN ISD,Webb Pri Center,249,242,249,231,Elementary,100.0,,,,,,,,
142,2014-2015,AUSTIN ISD,Delementary Schooll Children'S Medical Center,2,0,0,2,Elementary,0.0,,,,,,,,
143,2014-2015,AUSTIN ISD,Austin St Hospital,20,0,0,20,High,0.0,Austin St Hospital,30.272375,-97.756516,public,Austin St Hospital,30.272375,-97.756516,public
144,2014-2015,AUSTIN ISD,Rosedale,239,94,0,132,Elementary,0.0,Rosedale,30.320051,-97.74019,public,Rosedale,30.320051,-97.74019,public
145,2015-2016,AUSTIN ISD,Austin High School,2084,597,15,871,High,0.7197696737044146,Austin High School,30.273598,-97.76814,public,Austin High School,30.273598,-97.76814,public
146,2015-2016,AUSTIN ISD,Lanier High School,1615,1407,1615,1247,High,100.0,Lanier High School,30.360209,-97.70832,public,Lanier High School,30.360209,-97.70832,public
147,2015-2016,AUSTIN ISD,Mccallum High School,1738,502,19,736,High,1.093210586881473,Mccallum High School,30.327484000000002,-97.72887,public,Mccallum High School,30.327484000000002,-97.72887,public
148,2015-2016,AUSTIN ISD,Reagan High School,1302,1040,1302,1001,High,100.0,Reagan High School,30.324188,-97.69135,public,Reagan High School,30.324188,-97.69135,public
149,2015-2016,AUSTIN ISD,Travis High School,1291,1059,1290,1008,High,99.92254066615028,Travis High School,30.233839,-97.743256,public,Travis High School,30.233839,-97.743256,public
150,2015-2016,AUSTIN ISD,Crockett High School,1462,870,38,894,High,2.5991792065663475,Crockett High School,30.214724,-97.79739000000001,public,Crockett High School,30.214724,-97.79739000000001,public
151,2015-2016,AUSTIN ISD,Anderson High School,2270,518,16,756,High,0.7048458149779736,Anderson High School,30.37575,-97.75371,public,Anderson High School,30.37575,-97.75371,public
152,2015-2016,AUSTIN ISD,Alternative Learning Center,116,94,2,110,High,1.7241379310344829,Alternative Learning Center,30.268434999999997,-97.71007,public,Alternative Learning Center,30.268434999999997,-97.71007,public
153,2015-2016,AUSTIN ISD,Bowie High School,2912,346,9,764,High,0.3090659340659341,Bowie High School,30.186369,-97.85873000000001,public,Bowie High School,30.186369,-97.85873000000001,public
154,2015-2016,AUSTIN ISD,Lbj Highigh Schoolchool,874,680,874,641,High,100.0,,,,,,,,
155,2015-2016,AUSTIN ISD,Garza Independence High School,192,56,8,154,High,4.166666666666667,Garza Independence High School,30.277237,-97.72139,public,Garza Independence High School,30.277237,-97.72139,public
156,2015-2016,AUSTIN ISD,Akins High School,2713,1798,43,1712,High,1.58496129745669,Akins High School,30.148984999999996,-97.80185999999999,public,Akins High School,30.148984999999996,-97.80185999999999,public
157,2015-2016,AUSTIN ISD,Lasa High School,1016,89,0,29,High,0.0,Lasa High School,30.313496,-97.65666999999999,public,Lasa High School,30.313496,-97.65666999999999,public
158,2015-2016,AUSTIN ISD,Eastside Memorial At The Johnston,551,479,551,458,High,100.0,,,,,,,,
159,2015-2016,AUSTIN ISD,Graduation Prep Academy Travis,123,95,6,119,Other,4.878048780487805,,,,,,,,
160,2015-2016,AUSTIN ISD,Graduation Prep Academy Lanier,124,98,10,120,Other,8.064516129032258,,,,,,,,
161,2015-2016,AUSTIN ISD,Travis County Day School,6,2,2,6,High,33.333333333333336,Travis County Day School,30.335696999999996,-97.68336,public,Travis County Day School,30.335696999999996,-97.68336,public
162,2015-2016,AUSTIN ISD,Richards Sch For Young Women Leade,787,457,0,122,High,0.0,,,,,,,,
163,2015-2016,AUSTIN ISD,International High School,294,284,12,291,High,4.081632653061225,International High School,30.257113,-97.68205999999999,public,International High School,30.257113,-97.68205999999999,public
164,2015-2016,AUSTIN ISD,Travis County Juvenile Detention C,41,20,2,41,Other,4.878048780487805,,,,,,,,
165,2015-2016,AUSTIN ISD,Phoenix Academy,34,5,2,34,High,5.882352941176472,Phoenix Academy,30.24414,-97.75614,public,Phoenix Academy,30.24414,-97.75614,public
166,2015-2016,AUSTIN ISD,Leadership Academy,27,13,0,27,High,0.0,Leadership Academy,30.235638,-97.75366,public,Leadership Academy,30.235638,-97.75366,public
167,2015-2016,AUSTIN ISD,Travis County J J A E P,2,2,0,2,Other,0.0,,,,,,,,
168,2015-2016,AUSTIN ISD,Fulmore Middle School,1007,684,1007,512,Middle,100.0,Fulmore Middle School,30.243927000000003,-97.750465,public,Fulmore Middle School,30.243927000000003,-97.750465,public
169,2015-2016,AUSTIN ISD,Kealing Middle School,1203,367,1203,287,Middle,100.0,Kealing Middle School,30.270937,-97.72178000000001,public,Kealing Middle School,30.270937,-97.72178000000001,public
170,2015-2016,AUSTIN ISD,Lamar Middle School,972,290,2,307,Middle,0.20576131687242802,Lamar Middle School,30.337774,-97.74058000000001,public,Lamar Middle School,30.337774,-97.74058000000001,public
171,2015-2016,AUSTIN ISD,Burnet Middle School,1020,925,1020,815,Middle,100.0,Burnet Middle School,30.365074,-97.7256,public,Burnet Middle School,30.365074,-97.7256,public
172,2015-2016,AUSTIN ISD,O Henry Middle School,931,221,2,273,Middle,0.21482277121374865,O Henry Middle School,30.285491999999998,-97.77376,public,O Henry Middle School,30.285491999999998,-97.77376,public
173,2015-2016,AUSTIN ISD,Martin Middle School,456,419,456,364,Middle,100.0,Martin Middle School,30.253086,-97.72986999999999,public,Martin Middle School,30.253086,-97.72986999999999,public
174,2015-2016,AUSTIN ISD,Murchison Middle,1365,347,2,420,Middle,0.14652014652014653,,,,,,,,
175,2015-2016,AUSTIN ISD,Webb Middle School,699,666,699,575,Middle,100.0,Webb Middle School,30.332413,-97.70740500000001,public,Webb Middle School,30.332413,-97.70740500000001,public
176,2015-2016,AUSTIN ISD,Bedichek Middle,908,731,908,603,Middle,100.0,,,,,,,,
177,2015-2016,AUSTIN ISD,Dobie Middle,634,579,634,492,Middle,100.0,,,,,,,,
178,2015-2016,AUSTIN ISD,Covington Middle School,641,400,7,354,Middle,1.0920436817472698,Covington Middle School,30.211359,-97.83413,public,Covington Middle School,30.211359,-97.83413,public
179,2015-2016,AUSTIN ISD,Mendez Middle School,790,741,790,652,Middle,100.0,Mendez Middle School,30.188675,-97.74306,public,Mendez Middle School,30.188675,-97.74306,public
180,2015-2016,AUSTIN ISD,Bailey Middle School,872,234,2,288,Middle,0.22935779816513766,Bailey Middle School,30.164225,-97.87241999999999,public,Bailey Middle School,30.164225,-97.87241999999999,public
181,2015-2016,AUSTIN ISD,Small Middle School,1006,310,5,351,Middle,0.4970178926441352,Small Middle School,30.233706,-97.84200000000001,public,Small Middle School,30.233706,-97.84200000000001,public
182,2015-2016,AUSTIN ISD,Paredes Middle School,997,723,997,613,Middle,100.0,Paredes Middle School,30.165659,-97.81159,public,Paredes Middle School,30.165659,-97.81159,public
183,2015-2016,AUSTIN ISD,Gorzycki Middle,1341,64,0,192,Middle,0.0,,,,,,,,
184,2015-2016,AUSTIN ISD,Garcia Ymla,425,399,425,339,Other,100.0,Garcia Ymla,30.311397999999997,-97.64303000000001,public,Garcia Ymla,30.311397999999997,-97.64303000000001,public
185,2015-2016,AUSTIN ISD,Sadler Means Ywla,369,328,369,297,Middle,100.0,Sadler Means Ywla,30.313578000000003,-97.68073000000001,public,Sadler Means Ywla,30.313578000000003,-97.68073000000001,public
186,2015-2016,AUSTIN ISD,Allison Elementary School,545,521,545,412,Elementary,100.0,Allison Elementary School,30.235784999999996,-97.69203,public,Allison Elementary School,30.235784999999996,-97.69203,public
187,2015-2016,AUSTIN ISD,Andrews Elementary School,594,570,594,524,Elementary,100.0,Andrews Elementary School,30.317553999999998,-97.679665,public,Andrews Elementary School,30.317553999999998,-97.679665,public
188,2015-2016,AUSTIN ISD,Barton Hills Elementary School,407,31,2,81,Elementary,0.4914004914004914,Barton Hills Elementary School,30.254395000000002,-97.78335600000001,public,Barton Hills Elementary School,30.254395000000002,-97.78335600000001,public
189,2015-2016,AUSTIN ISD,Becker Elementary School,377,161,377,153,Elementary,100.0,Becker Elementary School,30.250395,-97.75945,public,Becker Elementary School,30.250395,-97.75945,public
190,2015-2016,AUSTIN ISD,Blackshear Elementary School,291,236,291,158,Elementary,100.0,Blackshear Elementary School,30.266968,-97.72216999999999,public,Blackshear Elementary School,30.266968,-97.72216999999999,public
191,2015-2016,AUSTIN ISD,Blanton Elementary School,479,392,479,368,Elementary,100.0,Blanton Elementary School,30.306929999999998,-97.69063,public,Blanton Elementary School,30.306929999999998,-97.69063,public
192,2015-2016,AUSTIN ISD,Brentwood Elementary School,617,161,2,242,Elementary,0.3241491085899514,Brentwood Elementary School,30.339640000000003,-97.731445,public,Brentwood Elementary School,30.339640000000003,-97.731445,public
193,2015-2016,AUSTIN ISD,Brooke Elementary School,254,239,254,172,Elementary,100.0,Brooke Elementary School,30.254821999999997,-97.70851,public,Brooke Elementary School,30.254821999999997,-97.70851,public
194,2015-2016,AUSTIN ISD,Brown Elementary School,358,343,358,313,Elementary,100.0,Brown Elementary School,30.344769,-97.71034,public,Brown Elementary School,30.344769,-97.71034,public
195,2015-2016,AUSTIN ISD,Bryker Woods Elementary School,400,39,0,99,Elementary,0.0,Bryker Woods Elementary School,30.304869,-97.750626,public,Bryker Woods Elementary School,30.304869,-97.750626,public
196,2015-2016,AUSTIN ISD,Campbelementary Schooll Elementary School,220,206,220,130,Elementary,100.0,,,,,,,,
197,2015-2016,AUSTIN ISD,Casis Elementary School,793,17,2,119,Elementary,0.2522068095838588,Casis Elementary School,30.304344,-97.76505,public,Casis Elementary School,30.304344,-97.76505,public
198,2015-2016,AUSTIN ISD,Cunningham Elementary School,415,262,415,211,Elementary,100.0,Cunningham Elementary School,30.210476,-97.80581,public,Cunningham Elementary School,30.210476,-97.80581,public
199,2015-2016,AUSTIN ISD,Dawson Elementary School,382,316,382,234,Elementary,100.0,Dawson Elementary School,30.234061999999998,-97.76337,public,Dawson Elementary School,30.234061999999998,-97.76337,public
200,2015-2016,AUSTIN ISD,Daep- Elementary School,16,14,0,13,Elementary,0.0,,,,,,,,
201,2015-2016,AUSTIN ISD,Govalle Elementary School,501,449,501,336,Elementary,100.0,Govalle Elementary School,30.210511999999998,-97.65354,public,Govalle Elementary School,30.210511999999998,-97.65354,public
202,2015-2016,AUSTIN ISD,Gullett Elementary School,574,37,2,97,Elementary,0.3484320557491289,Gullett Elementary School,30.343542,-97.74866999999999,public,Gullett Elementary School,30.343542,-97.74866999999999,public
203,2015-2016,AUSTIN ISD,Harris Elementary School,629,607,629,561,Elementary,100.0,Harris Elementary School,30.314829,-97.690765,public,Harris Elementary School,30.314829,-97.690765,public
204,2015-2016,AUSTIN ISD,Highland Park Elementary School,622,30,0,134,Elementary,0.0,Highland Park Elementary School,30.330692,-97.76005,public,Highland Park Elementary School,30.330692,-97.76005,public
205,2015-2016,AUSTIN ISD,Joslin Elementary School,282,210,282,163,Elementary,100.0,Joslin Elementary School,30.228037,-97.79054000000001,public,Joslin Elementary School,30.228037,-97.79054000000001,public
206,2015-2016,AUSTIN ISD,Lee Elementary School,375,51,0,87,Elementary,0.0,Lee Elementary School,30.29305,-97.72763,public,Lee Elementary School,30.29305,-97.72763,public
207,2015-2016,AUSTIN ISD,Maplewood Elementary School,462,199,8,150,Elementary,1.7316017316017316,Maplewood Elementary School,30.293337,-97.714905,public,Maplewood Elementary School,30.293337,-97.714905,public
208,2015-2016,AUSTIN ISD,Mathews Elementary School,425,153,425,164,Elementary,100.0,Mathews Elementary School,30.278215000000003,-97.760796,public,Mathews Elementary School,30.278215000000003,-97.760796,public
209,2015-2016,AUSTIN ISD,Metz Elementary School,305,265,305,222,Elementary,100.0,Metz Elementary School,30.254284000000002,-97.721725,public,Metz Elementary School,30.254284000000002,-97.721725,public
210,2015-2016,AUSTIN ISD,Oak Springs Elementary School,333,315,333,200,Elementary,100.0,Oak Springs Elementary School,30.271786,-97.70484,public,Oak Springs Elementary School,30.271786,-97.70484,public
211,2015-2016,AUSTIN ISD,Ortega Elementary School,316,283,316,216,Elementary,100.0,Ortega Elementary School,30.269996999999996,-97.68428,public,Ortega Elementary School,30.269996999999996,-97.68428,public
212,2015-2016,AUSTIN ISD,Sanchez Elementary School,407,384,407,355,Elementary,100.0,Sanchez Elementary School,30.257991999999998,-97.735054,public,Sanchez Elementary School,30.257991999999998,-97.735054,public
213,2015-2016,AUSTIN ISD,Pease Elementary School,267,41,0,67,Elementary,0.0,Pease Elementary School,30.275290999999996,-97.74803,public,Pease Elementary School,30.275290999999996,-97.74803,public
214,2015-2016,AUSTIN ISD,Pecan Springs Elementary School,464,447,464,359,Elementary,100.0,Pecan Springs Elementary School,30.303139,-97.676315,public,Pecan Springs Elementary School,30.303139,-97.676315,public
215,2015-2016,AUSTIN ISD,Pleasant Hill Elementary School,566,495,566,386,Elementary,100.0,Pleasant Hill Elementary School,30.196213,-97.77649,public,Pleasant Hill Elementary School,30.196213,-97.77649,public
216,2015-2016,AUSTIN ISD,Read Pre-K Center,304,278,0,229,Other,0.0,,,,,,,,
217,2015-2016,AUSTIN ISD,Reilly Elementary School,274,249,274,224,Elementary,100.0,Reilly Elementary School,30.327883,-97.71982,public,Reilly Elementary School,30.327883,-97.71982,public
218,2015-2016,AUSTIN ISD,Ridgetop Elementary School,292,123,292,169,Elementary,100.0,Ridgetop Elementary School,30.311796,-97.716255,public,Ridgetop Elementary School,30.311796,-97.716255,public
219,2015-2016,AUSTIN ISD,St Elementary Schoolmo Elementary School,307,262,307,206,Elementary,100.0,,,,,,,,
220,2015-2016,AUSTIN ISD,Summitt Elementary School,815,301,2,430,Elementary,0.24539877300613494,Summitt Elementary School,30.418608000000003,-97.71907,public,Summitt Elementary School,30.418608000000003,-97.71907,public
221,2015-2016,AUSTIN ISD,Sims Elementary School,267,251,267,187,Elementary,100.0,Sims Elementary School,30.27941,-97.6854,public,Sims Elementary School,30.27941,-97.6854,public
222,2015-2016,AUSTIN ISD,Travis Hts Elementary School,522,348,522,337,Elementary,100.0,,,,,,,,
223,2015-2016,AUSTIN ISD,Walnut Creek Elementary School,634,562,634,550,Elementary,100.0,Walnut Creek Elementary School,30.379194000000002,-97.68413000000001,public,Walnut Creek Elementary School,30.379194000000002,-97.68413000000001,public
224,2015-2016,AUSTIN ISD,Patton Elementary School,973,233,2,411,Elementary,0.2055498458376156,Patton Elementary School,30.2318,-97.84553000000001,public,Patton Elementary School,30.2318,-97.84553000000001,public
225,2015-2016,AUSTIN ISD,Wooten Elementary School,613,572,613,546,Elementary,100.0,Wooten Elementary School,30.352916999999998,-97.71915,public,Wooten Elementary School,30.352916999999998,-97.71915,public
226,2015-2016,AUSTIN ISD,Zavala Elementary School,382,371,382,265,Elementary,100.0,Zavala Elementary School,30.258271999999998,-97.71954000000001,public,Zavala Elementary School,30.258271999999998,-97.71954000000001,public
227,2015-2016,AUSTIN ISD,Zilker Elementary School,538,111,2,158,Elementary,0.3717472118959108,Zilker Elementary School,30.252544,-97.77457,public,Zilker Elementary School,30.252544,-97.77457,public
228,2015-2016,AUSTIN ISD,Menchaca Elementary School,719,340,719,276,Elementary,100.0,,,,,,,,
229,2015-2016,AUSTIN ISD,Oak Hill Elementary School,841,332,841,426,Elementary,100.0,Oak Hill Elementary School,30.237990999999997,-97.858765,public,Oak Hill Elementary School,30.237990999999997,-97.858765,public
230,2015-2016,AUSTIN ISD,Barrington Elementary School,627,594,627,527,Elementary,100.0,Barrington Elementary School,30.360529,-97.69606999999999,public,Barrington Elementary School,30.360529,-97.69606999999999,public
231,2015-2016,AUSTIN ISD,Norman Elementary School,319,309,319,205,Elementary,100.0,Norman Elementary School,30.278323999999998,-97.67397,public,Norman Elementary School,30.278323999999998,-97.67397,public
232,2015-2016,AUSTIN ISD,Pillow Elementary School,518,392,518,332,Elementary,100.0,Pillow Elementary School,30.369263,-97.73339,public,Pillow Elementary School,30.369263,-97.73339,public
233,2015-2016,AUSTIN ISD,Wooldridge Elementary School,630,603,630,563,Elementary,100.0,Wooldridge Elementary School,30.364952000000002,-97.70985,public,Wooldridge Elementary School,30.364952000000002,-97.70985,public
234,2015-2016,AUSTIN ISD,Doss Elementary School,884,144,0,247,Elementary,0.0,Doss Elementary School,30.356087,-97.76281,public,Doss Elementary School,30.356087,-97.76281,public
235,2015-2016,AUSTIN ISD,Hill Elementary School,970,95,2,245,Elementary,0.20618556701030927,Hill Elementary School,30.376625,-97.74854,public,Hill Elementary School,30.376625,-97.74854,public
236,2015-2016,AUSTIN ISD,Odom Elementary School,542,496,542,370,Elementary,100.0,Odom Elementary School,30.20562,-97.78878,public,Odom Elementary School,30.20562,-97.78878,public
237,2015-2016,AUSTIN ISD,Winn Elementary School,304,295,304,243,Elementary,100.0,Winn Elementary School,30.314882,-97.66498,public,Winn Elementary School,30.314882,-97.66498,public
238,2015-2016,AUSTIN ISD,Sunset Valley Elementary School,531,328,531,319,Elementary,100.0,,,,,,,,
239,2015-2016,AUSTIN ISD,Graham Elementary School,697,609,697,526,Elementary,100.0,Graham Elementary School,30.372359999999997,-97.66886,public,Graham Elementary School,30.372359999999997,-97.66886,public
240,2015-2016,AUSTIN ISD,Linder Elementary School,364,326,364,292,Elementary,100.0,Linder Elementary School,30.224209000000002,-97.73794000000001,public,Linder Elementary School,30.224209000000002,-97.73794000000001,public
241,2015-2016,AUSTIN ISD,Cook Elementary School,553,537,553,473,Elementary,100.0,Cook Elementary School,30.378002000000002,-97.70482,public,Cook Elementary School,30.378002000000002,-97.70482,public
242,2015-2016,AUSTIN ISD,Houston Elementary School,705,671,705,557,Elementary,100.0,Houston Elementary School,30.196468,-97.75506999999999,public,Houston Elementary School,30.196468,-97.75506999999999,public
243,2015-2016,AUSTIN ISD,Hart Elementary School,692,668,692,638,Elementary,100.0,Hart Elementary School,30.342451,-97.68871,public,Hart Elementary School,30.342451,-97.68871,public
244,2015-2016,AUSTIN ISD,Pickle Elementary School,695,669,695,630,Elementary,100.0,Pickle Elementary School,30.333408000000002,-97.693825,public,Pickle Elementary School,30.333408000000002,-97.693825,public
245,2015-2016,AUSTIN ISD,Mcbee Elementary School,490,467,490,438,Elementary,100.0,Mcbee Elementary School,30.38325,-97.69106,public,Mcbee Elementary School,30.38325,-97.69106,public
246,2015-2016,AUSTIN ISD,Williams Elementary School,458,376,458,293,Elementary,100.0,Williams Elementary School,30.180972999999998,-97.79151,public,Williams Elementary School,30.180972999999998,-97.79151,public
247,2015-2016,AUSTIN ISD,Langford Elementary School,687,651,687,571,Elementary,100.0,Langford Elementary School,30.182083000000002,-97.76337,public,Langford Elementary School,30.182083000000002,-97.76337,public
248,2015-2016,AUSTIN ISD,Boone Elementary School,573,276,573,188,Elementary,100.0,Boone Elementary School,30.203723999999998,-97.840225,public,Boone Elementary School,30.203723999999998,-97.840225,public
249,2015-2016,AUSTIN ISD,Palm Elementary School,481,400,481,331,Elementary,100.0,Palm Elementary School,30.164824,-97.743675,public,Palm Elementary School,30.164824,-97.743675,public
250,2015-2016,AUSTIN ISD,Kocurek Elementary School,491,317,491,253,Elementary,100.0,Kocurek Elementary School,30.177746000000003,-97.83525,public,Kocurek Elementary School,30.177746000000003,-97.83525,public
251,2015-2016,AUSTIN ISD,Casey Elementary School,606,377,606,277,Elementary,100.0,Casey Elementary School,30.177266999999997,-97.81461,public,Casey Elementary School,30.177266999999997,-97.81461,public
252,2015-2016,AUSTIN ISD,Rodriguez Elementary School,701,680,701,586,Elementary,100.0,Rodriguez Elementary School,30.200659,-97.74725,public,Rodriguez Elementary School,30.200659,-97.74725,public
253,2015-2016,AUSTIN ISD,Widen Elementary School,566,535,566,434,Elementary,100.0,Widen Elementary School,30.188713,-97.74008,public,Widen Elementary School,30.188713,-97.74008,public
254,2015-2016,AUSTIN ISD,Galindo Elementary School,585,551,585,440,Elementary,100.0,Galindo Elementary School,30.229516999999998,-97.7719,public,Galindo Elementary School,30.229516999999998,-97.7719,public
255,2015-2016,AUSTIN ISD,Uphaus Early Childhood Center,271,258,271,186,Elementary,100.0,,,,,,,,
256,2015-2016,AUSTIN ISD,Jordan Elementary School,674,654,674,563,Elementary,100.0,Jordan Elementary School,30.301088,-97.646774,public,Jordan Elementary School,30.301088,-97.646774,public
257,2015-2016,AUSTIN ISD,Davis Elementary School,798,233,2,310,Elementary,0.2506265664160401,Davis Elementary School,30.418246999999997,-97.74218,public,Davis Elementary School,30.418246999999997,-97.74218,public
258,2015-2016,AUSTIN ISD,Kiker Elementary School,998,44,0,268,Elementary,0.0,Kiker Elementary School,30.191557,-97.88125600000001,public,Kiker Elementary School,30.191557,-97.88125600000001,public
259,2015-2016,AUSTIN ISD,Mills Elementary School,812,67,2,212,Elementary,0.24630541871921185,Mills Elementary School,30.210917,-97.8782,public,Mills Elementary School,30.210917,-97.8782,public
260,2015-2016,AUSTIN ISD,Baranoff Elementary School,984,112,7,301,Elementary,0.7113821138211383,Baranoff Elementary School,30.153902000000002,-97.852165,public,Baranoff Elementary School,30.153902000000002,-97.852165,public
261,2015-2016,AUSTIN ISD,Cowan Elementary School,790,240,11,269,Elementary,1.3924050632911391,Cowan Elementary School,30.188688,-97.83348000000001,public,Cowan Elementary School,30.188688,-97.83348000000001,public
262,2015-2016,AUSTIN ISD,Clayton Elementary School,876,13,0,160,Elementary,0.0,Clayton Elementary School,30.194855,-97.906334,public,Clayton Elementary School,30.194855,-97.906334,public
263,2015-2016,AUSTIN ISD,Blazier Elementary School,842,627,842,543,Elementary,100.0,Blazier Elementary School,30.158,-97.754295,public,Blazier Elementary School,30.158,-97.754295,public
264,2015-2016,AUSTIN ISD,Guerrero Thompson,673,655,673,624,Middle,100.0,Guerrero Thompson,30.363888,-97.691666,public,Guerrero Thompson,30.363888,-97.691666,public
265,2015-2016,AUSTIN ISD,Baldwin Elementary School,787,103,2,221,Elementary,0.25412960609911056,Baldwin Elementary School,30.184890000000003,-97.923454,public,Baldwin Elementary School,30.184890000000003,-97.923454,public
266,2015-2016,AUSTIN ISD,Padron Elementary School,772,754,772,668,Elementary,100.0,Padron Elementary School,30.272375,-97.756516,public,Padron Elementary School,30.272375,-97.756516,public
267,2015-2016,AUSTIN ISD,Overton Elementary School,718,675,718,600,Elementary,100.0,Overton Elementary School,30.300186,-97.6367,public,Overton Elementary School,30.300186,-97.6367,public
268,2015-2016,AUSTIN ISD,Perez Elementary School,752,678,752,564,Elementary,100.0,Perez Elementary School,30.17085,-97.75624,public,Perez Elementary School,30.17085,-97.75624,public
269,2015-2016,AUSTIN ISD,Dobie Pk Center,274,264,2,173,Other,0.7299270072992701,,,,,,,,
270,2015-2016,AUSTIN ISD,Webb Pri Center,217,211,217,206,Elementary,100.0,,,,,,,,
271,2015-2016,AUSTIN ISD,Austin Isd Child Develementary Schoolopment Cente,62,61,0,0,Elementary,0.0,,,,,,,,
272,2015-2016,AUSTIN ISD,Delementary Schooll Children'S Medical Center,2,0,0,2,Elementary,0.0,,,,,,,,
273,2015-2016,AUSTIN ISD,Austin St Hospital,19,0,0,19,High,0.0,Austin St Hospital,30.272375,-97.756516,public,Austin St Hospital,30.272375,-97.756516,public
274,2015-2016,AUSTIN ISD,Rosedale,263,65,2,128,Elementary,0.7604562737642585,Rosedale,30.320051,-97.74019,public,Rosedale,30.320051,-97.74019,public
275,2016-2017,AUSTIN ISD,Allison Elementary School,460,392,460,332,Elementary,100.0,Allison Elementary School,30.235784999999996,-97.69203,public,Allison Elementary School,30.235784999999996,-97.69203,public
276,2016-2017,AUSTIN ISD,Andrews Elementary School,572,537,572,495,Elementary,100.0,Andrews Elementary School,30.317553999999998,-97.679665,public,Andrews Elementary School,30.317553999999998,-97.679665,public
277,2016-2017,AUSTIN ISD,Barton Hills Elementary School,427,25,0,81,Elementary,0.0,Barton Hills Elementary School,30.254395000000002,-97.78335600000001,public,Barton Hills Elementary School,30.254395000000002,-97.78335600000001,public
278,2016-2017,AUSTIN ISD,Becker Elementary School,431,166,431,176,Elementary,100.0,Becker Elementary School,30.250395,-97.75945,public,Becker Elementary School,30.250395,-97.75945,public
279,2016-2017,AUSTIN ISD,Blackshear Elementary School,381,268,381,197,Elementary,100.0,Blackshear Elementary School,30.266968,-97.72216999999999,public,Blackshear Elementary School,30.266968,-97.72216999999999,public
280,2016-2017,AUSTIN ISD,Blanton Elementary School,486,363,486,325,Elementary,100.0,Blanton Elementary School,30.306929999999998,-97.69063,public,Blanton Elementary School,30.306929999999998,-97.69063,public
281,2016-2017,AUSTIN ISD,Brentwood Elementary School,644,140,2,192,Elementary,0.3105590062111801,Brentwood Elementary School,30.339640000000003,-97.731445,public,Brentwood Elementary School,30.339640000000003,-97.731445,public
282,2016-2017,AUSTIN ISD,Brooke Elementary School,272,250,272,168,Elementary,100.0,Brooke Elementary School,30.254821999999997,-97.70851,public,Brooke Elementary School,30.254821999999997,-97.70851,public
283,2016-2017,AUSTIN ISD,Brown Elementary School,354,306,354,297,Elementary,100.0,Brown Elementary School,30.344769,-97.71034,public,Brown Elementary School,30.344769,-97.71034,public
284,2016-2017,AUSTIN ISD,Bryker Woods Elementary School,443,43,0,95,Elementary,0.0,Bryker Woods Elementary School,30.304869,-97.750626,public,Bryker Woods Elementary School,30.304869,-97.750626,public
285,2016-2017,AUSTIN ISD,Campbelementary Schooll Elementary School,194,171,194,120,Elementary,100.0,,,,,,,,
286,2016-2017,AUSTIN ISD,Casis Elementary School,817,21,0,85,Elementary,0.0,Casis Elementary School,30.304344,-97.76505,public,Casis Elementary School,30.304344,-97.76505,public
287,2016-2017,AUSTIN ISD,Cunningham Elementary School,412,233,412,188,Elementary,100.0,Cunningham Elementary School,30.210476,-97.80581,public,Cunningham Elementary School,30.210476,-97.80581,public
288,2016-2017,AUSTIN ISD,Dawson Elementary School,340,272,340,194,Elementary,100.0,Dawson Elementary School,30.234061999999998,-97.76337,public,Dawson Elementary School,30.234061999999998,-97.76337,public
289,2016-2017,AUSTIN ISD,Daep- Elementary School,5,5,0,5,Elementary,0.0,,,,,,,,
290,2016-2017,AUSTIN ISD,Govalle Elementary School,470,415,470,329,Elementary,100.0,Govalle Elementary School,30.210511999999998,-97.65354,public,Govalle Elementary School,30.210511999999998,-97.65354,public
291,2016-2017,AUSTIN ISD,Gullett Elementary School,554,49,2,58,Elementary,0.36101083032490977,Gullett Elementary School,30.343542,-97.74866999999999,public,Gullett Elementary School,30.343542,-97.74866999999999,public
292,2016-2017,AUSTIN ISD,Harris Elementary School,615,586,615,509,Elementary,100.0,Harris Elementary School,30.314829,-97.690765,public,Harris Elementary School,30.314829,-97.690765,public
293,2016-2017,AUSTIN ISD,Highland Park Elementary School,652,29,0,94,Elementary,0.0,Highland Park Elementary School,30.330692,-97.76005,public,Highland Park Elementary School,30.330692,-97.76005,public
294,2016-2017,AUSTIN ISD,Joslin Elementary School,261,174,261,130,Elementary,100.0,Joslin Elementary School,30.228037,-97.79054000000001,public,Joslin Elementary School,30.228037,-97.79054000000001,public
295,2016-2017,AUSTIN ISD,Lee Elementary School,402,62,2,99,Elementary,0.4975124378109453,Lee Elementary School,30.29305,-97.72763,public,Lee Elementary School,30.29305,-97.72763,public
296,2016-2017,AUSTIN ISD,Maplewood Elementary School,498,201,9,186,Elementary,1.8072289156626504,Maplewood Elementary School,30.293337,-97.714905,public,Maplewood Elementary School,30.293337,-97.714905,public
297,2016-2017,AUSTIN ISD,Mathews Elementary School,442,126,442,151,Elementary,100.0,Mathews Elementary School,30.278215000000003,-97.760796,public,Mathews Elementary School,30.278215000000003,-97.760796,public
298,2016-2017,AUSTIN ISD,Metz Elementary School,305,251,305,221,Elementary,100.0,Metz Elementary School,30.254284000000002,-97.721725,public,Metz Elementary School,30.254284000000002,-97.721725,public
299,2016-2017,AUSTIN ISD,Oak Springs Elementary School,324,298,324,198,Elementary,100.0,Oak Springs Elementary School,30.271786,-97.70484,public,Oak Springs Elementary School,30.271786,-97.70484,public
300,2016-2017,AUSTIN ISD,Ortega Elementary School,306,256,306,181,Elementary,100.0,Ortega Elementary School,30.269996999999996,-97.68428,public,Ortega Elementary School,30.269996999999996,-97.68428,public
301,2016-2017,AUSTIN ISD,Sanchez Elementary School,353,331,353,290,Elementary,100.0,Sanchez Elementary School,30.257991999999998,-97.735054,public,Sanchez Elementary School,30.257991999999998,-97.735054,public
302,2016-2017,AUSTIN ISD,Pease Elementary School,242,39,2,48,Elementary,0.8264462809917356,Pease Elementary School,30.275290999999996,-97.74803,public,Pease Elementary School,30.275290999999996,-97.74803,public
303,2016-2017,AUSTIN ISD,Pecan Springs Elementary School,470,420,470,318,Elementary,100.0,Pecan Springs Elementary School,30.303139,-97.676315,public,Pecan Springs Elementary School,30.303139,-97.676315,public
304,2016-2017,AUSTIN ISD,Pleasant Hill Elementary School,502,410,502,336,Elementary,100.0,Pleasant Hill Elementary School,30.196213,-97.77649,public,Pleasant Hill Elementary School,30.196213,-97.77649,public
305,2016-2017,AUSTIN ISD,Read Pre-K Center,320,243,0,215,Other,0.0,,,,,,,,
306,2016-2017,AUSTIN ISD,Reilly Elementary School,268,186,268,230,Elementary,100.0,Reilly Elementary School,30.327883,-97.71982,public,Reilly Elementary School,30.327883,-97.71982,public
307,2016-2017,AUSTIN ISD,Ridgetop Elementary School,331,112,331,151,Elementary,100.0,Ridgetop Elementary School,30.311796,-97.716255,public,Ridgetop Elementary School,30.311796,-97.716255,public
308,2016-2017,AUSTIN ISD,St Elementary Schoolmo Elementary School,284,223,284,181,Elementary,100.0,,,,,,,,
309,2016-2017,AUSTIN ISD,Summitt Elementary School,833,253,5,370,Elementary,0.6002400960384153,Summitt Elementary School,30.418608000000003,-97.71907,public,Summitt Elementary School,30.418608000000003,-97.71907,public
310,2016-2017,AUSTIN ISD,Sims Elementary School,232,214,232,139,Elementary,100.0,Sims Elementary School,30.27941,-97.6854,public,Sims Elementary School,30.27941,-97.6854,public
311,2016-2017,AUSTIN ISD,Travis Hts Elementary School,548,347,548,290,Elementary,100.0,,,,,,,,
312,2016-2017,AUSTIN ISD,Walnut Creek Elementary School,605,501,605,513,Elementary,100.0,Walnut Creek Elementary School,30.379194000000002,-97.68413000000001,public,Walnut Creek Elementary School,30.379194000000002,-97.68413000000001,public
313,2016-2017,AUSTIN ISD,Patton Elementary School,982,196,2,288,Elementary,0.20366598778004075,Patton Elementary School,30.2318,-97.84553000000001,public,Patton Elementary School,30.2318,-97.84553000000001,public
314,2016-2017,AUSTIN ISD,Wooten Elementary School,568,475,568,489,Elementary,100.0,Wooten Elementary School,30.352916999999998,-97.71915,public,Wooten Elementary School,30.352916999999998,-97.71915,public
315,2016-2017,AUSTIN ISD,Zavala Elementary School,357,297,357,214,Elementary,100.0,Zavala Elementary School,30.258271999999998,-97.71954000000001,public,Zavala Elementary School,30.258271999999998,-97.71954000000001,public
316,2016-2017,AUSTIN ISD,Zilker Elementary School,562,114,0,110,Elementary,0.0,Zilker Elementary School,30.252544,-97.77457,public,Zilker Elementary School,30.252544,-97.77457,public
317,2016-2017,AUSTIN ISD,Menchaca Elementary School,740,290,740,340,Elementary,100.0,,,,,,,,
318,2016-2017,AUSTIN ISD,Oak Hill Elementary School,832,298,832,402,Elementary,100.0,Oak Hill Elementary School,30.237990999999997,-97.858765,public,Oak Hill Elementary School,30.237990999999997,-97.858765,public
319,2016-2017,AUSTIN ISD,Barrington Elementary School,542,420,542,446,Elementary,100.0,Barrington Elementary School,30.360529,-97.69606999999999,public,Barrington Elementary School,30.360529,-97.69606999999999,public
320,2016-2017,AUSTIN ISD,Norman Elementary School,263,244,263,169,Elementary,100.0,Norman Elementary School,30.278323999999998,-97.67397,public,Norman Elementary School,30.278323999999998,-97.67397,public
321,2016-2017,AUSTIN ISD,Pillow Elementary School,509,365,509,329,Elementary,100.0,Pillow Elementary School,30.369263,-97.73339,public,Pillow Elementary School,30.369263,-97.73339,public
322,2016-2017,AUSTIN ISD,Wooldridge Elementary School,612,568,612,508,Elementary,100.0,Wooldridge Elementary School,30.364952000000002,-97.70985,public,Wooldridge Elementary School,30.364952000000002,-97.70985,public
323,2016-2017,AUSTIN ISD,Doss Elementary School,882,128,2,204,Elementary,0.2267573696145125,Doss Elementary School,30.356087,-97.76281,public,Doss Elementary School,30.356087,-97.76281,public
324,2016-2017,AUSTIN ISD,Hill Elementary School,939,71,5,183,Elementary,0.5324813631522897,Hill Elementary School,30.376625,-97.74854,public,Hill Elementary School,30.376625,-97.74854,public
325,2016-2017,AUSTIN ISD,Odom Elementary School,509,437,509,343,Elementary,100.0,Odom Elementary School,30.20562,-97.78878,public,Odom Elementary School,30.20562,-97.78878,public
326,2016-2017,AUSTIN ISD,Winn Elementary School,241,205,241,199,Elementary,100.0,Winn Elementary School,30.314882,-97.66498,public,Winn Elementary School,30.314882,-97.66498,public
327,2016-2017,AUSTIN ISD,Sunset Valley Elementary School,533,269,533,309,Elementary,100.0,,,,,,,,
328,2016-2017,AUSTIN ISD,Graham Elementary School,686,575,686,523,Elementary,100.0,Graham Elementary School,30.372359999999997,-97.66886,public,Graham Elementary School,30.372359999999997,-97.66886,public
329,2016-2017,AUSTIN ISD,Linder Elementary School,320,296,320,245,Elementary,100.0,Linder Elementary School,30.224209000000002,-97.73794000000001,public,Linder Elementary School,30.224209000000002,-97.73794000000001,public
330,2016-2017,AUSTIN ISD,Cook Elementary School,521,492,521,446,Elementary,100.0,Cook Elementary School,30.378002000000002,-97.70482,public,Cook Elementary School,30.378002000000002,-97.70482,public
331,2016-2017,AUSTIN ISD,Houston Elementary School,680,565,680,532,Elementary,100.0,Houston Elementary School,30.196468,-97.75506999999999,public,Houston Elementary School,30.196468,-97.75506999999999,public
332,2016-2017,AUSTIN ISD,Hart Elementary School,700,672,700,631,Elementary,100.0,Hart Elementary School,30.342451,-97.68871,public,Hart Elementary School,30.342451,-97.68871,public
333,2016-2017,AUSTIN ISD,Pickle Elementary School,638,577,638,570,Elementary,100.0,Pickle Elementary School,30.333408000000002,-97.693825,public,Pickle Elementary School,30.333408000000002,-97.693825,public
334,2016-2017,AUSTIN ISD,Mcbee Elementary School,450,424,450,397,Elementary,100.0,Mcbee Elementary School,30.38325,-97.69106,public,Mcbee Elementary School,30.38325,-97.69106,public
335,2016-2017,AUSTIN ISD,Williams Elementary School,458,355,458,255,Elementary,100.0,Williams Elementary School,30.180972999999998,-97.79151,public,Williams Elementary School,30.180972999999998,-97.79151,public
336,2016-2017,AUSTIN ISD,Langford Elementary School,619,581,619,520,Elementary,100.0,Langford Elementary School,30.182083000000002,-97.76337,public,Langford Elementary School,30.182083000000002,-97.76337,public
337,2016-2017,AUSTIN ISD,Boone Elementary School,568,225,568,186,Elementary,100.0,Boone Elementary School,30.203723999999998,-97.840225,public,Boone Elementary School,30.203723999999998,-97.840225,public
338,2016-2017,AUSTIN ISD,Palm Elementary School,470,378,470,306,Elementary,100.0,Palm Elementary School,30.164824,-97.743675,public,Palm Elementary School,30.164824,-97.743675,public
339,2016-2017,AUSTIN ISD,Kocurek Elementary School,539,334,539,244,Elementary,100.0,Kocurek Elementary School,30.177746000000003,-97.83525,public,Kocurek Elementary School,30.177746000000003,-97.83525,public
340,2016-2017,AUSTIN ISD,Casey Elementary School,633,377,633,275,Elementary,100.0,Casey Elementary School,30.177266999999997,-97.81461,public,Casey Elementary School,30.177266999999997,-97.81461,public
341,2016-2017,AUSTIN ISD,Rodriguez Elementary School,591,563,591,446,Elementary,100.0,Rodriguez Elementary School,30.200659,-97.74725,public,Rodriguez Elementary School,30.200659,-97.74725,public
342,2016-2017,AUSTIN ISD,Widen Elementary School,558,479,558,418,Elementary,100.0,Widen Elementary School,30.188713,-97.74008,public,Widen Elementary School,30.188713,-97.74008,public
343,2016-2017,AUSTIN ISD,Galindo Elementary School,590,500,590,436,Elementary,100.0,Galindo Elementary School,30.229516999999998,-97.7719,public,Galindo Elementary School,30.229516999999998,-97.7719,public
344,2016-2017,AUSTIN ISD,Uphaus Early Childhood Center,299,249,299,207,Elementary,100.0,,,,,,,,
345,2016-2017,AUSTIN ISD,Jordan Elementary School,712,626,712,577,Elementary,100.0,Jordan Elementary School,30.301088,-97.646774,public,Jordan Elementary School,30.301088,-97.646774,public
346,2016-2017,AUSTIN ISD,Davis Elementary School,815,172,2,303,Elementary,0.24539877300613494,Davis Elementary School,30.418246999999997,-97.74218,public,Davis Elementary School,30.418246999999997,-97.74218,public
347,2016-2017,AUSTIN ISD,Kiker Elementary School,1049,28,0,192,Elementary,0.0,Kiker Elementary School,30.191557,-97.88125600000001,public,Kiker Elementary School,30.191557,-97.88125600000001,public
348,2016-2017,AUSTIN ISD,Mills Elementary School,843,61,0,158,Elementary,0.0,Mills Elementary School,30.210917,-97.8782,public,Mills Elementary School,30.210917,-97.8782,public
349,2016-2017,AUSTIN ISD,Baranoff Elementary School,1020,118,2,222,Elementary,0.19607843137254904,Baranoff Elementary School,30.153902000000002,-97.852165,public,Baranoff Elementary School,30.153902000000002,-97.852165,public
350,2016-2017,AUSTIN ISD,Cowan Elementary School,839,246,268,246,Elementary,31.942789034564964,Cowan Elementary School,30.188688,-97.83348000000001,public,Cowan Elementary School,30.188688,-97.83348000000001,public
351,2016-2017,AUSTIN ISD,Clayton Elementary School,855,10,0,134,Elementary,0.0,Clayton Elementary School,30.194855,-97.906334,public,Clayton Elementary School,30.194855,-97.906334,public
352,2016-2017,AUSTIN ISD,Blazier Elementary School,813,572,813,454,Elementary,100.0,Blazier Elementary School,30.158,-97.754295,public,Blazier Elementary School,30.158,-97.754295,public
353,2016-2017,AUSTIN ISD,Guerrero Thompson,667,545,667,601,Middle,100.0,Guerrero Thompson,30.363888,-97.691666,public,Guerrero Thompson,30.363888,-97.691666,public
354,2016-2017,AUSTIN ISD,Baldwin Elementary School,794,88,0,183,Elementary,0.0,Baldwin Elementary School,30.184890000000003,-97.923454,public,Baldwin Elementary School,30.184890000000003,-97.923454,public
355,2016-2017,AUSTIN ISD,Padron Elementary School,797,647,797,701,Elementary,100.0,Padron Elementary School,30.272375,-97.756516,public,Padron Elementary School,30.272375,-97.756516,public
356,2016-2017,AUSTIN ISD,Overton Elementary School,667,566,667,543,Elementary,100.0,Overton Elementary School,30.300186,-97.6367,public,Overton Elementary School,30.300186,-97.6367,public
357,2016-2017,AUSTIN ISD,Perez Elementary School,723,590,723,506,Elementary,100.0,Perez Elementary School,30.17085,-97.75624,public,Perez Elementary School,30.17085,-97.75624,public
358,2016-2017,AUSTIN ISD,Dobie Pk Center,208,190,2,154,Other,0.9615384615384616,,,,,,,,
359,2016-2017,AUSTIN ISD,Webb Pri Center,262,252,262,237,Elementary,100.0,,,,,,,,
360,2016-2017,AUSTIN ISD,Austin Isd Child Develementary Schoolopment Cente,78,73,0,5,Elementary,0.0,,,,,,,,
361,2016-2017,AUSTIN ISD,Alternative Learning Center,107,74,2,107,High,1.8691588785046729,Alternative Learning Center,30.268434999999997,-97.71007,public,Alternative Learning Center,30.268434999999997,-97.71007,public
362,2016-2017,AUSTIN ISD,Travis County Day School,11,6,0,11,High,0.0,Travis County Day School,30.335696999999996,-97.68336,public,Travis County Day School,30.335696999999996,-97.68336,public
363,2016-2017,AUSTIN ISD,Richards Sch For Young Women Leade,785,436,8,127,High,1.0191082802547768,,,,,,,,
364,2016-2017,AUSTIN ISD,Travis County Juvenile Detention C,44,23,0,44,Other,0.0,,,,,,,,
365,2016-2017,AUSTIN ISD,Phoenix Academy,34,5,0,34,High,0.0,Phoenix Academy,30.24414,-97.75614,public,Phoenix Academy,30.24414,-97.75614,public
366,2016-2017,AUSTIN ISD,Leadership Academy,40,24,0,40,High,0.0,Leadership Academy,30.235638,-97.75366,public,Leadership Academy,30.235638,-97.75366,public
367,2016-2017,AUSTIN ISD,Travis County J J A E P,5,2,0,5,Other,0.0,,,,,,,,
368,2016-2017,AUSTIN ISD,Delementary Schooll Children'S Medical Center,2,0,0,2,Elementary,0.0,,,,,,,,
369,2016-2017,AUSTIN ISD,Austin St Hospital,23,0,0,23,High,0.0,Austin St Hospital,30.272375,-97.756516,public,Austin St Hospital,30.272375,-97.756516,public
370,2016-2017,AUSTIN ISD,Rosedale,210,77,0,122,Elementary,0.0,Rosedale,30.320051,-97.74019,public,Rosedale,30.320051,-97.74019,public
371,2016-2017,AUSTIN ISD,Austin High School,2145,598,10,831,High,0.4662004662004662,Austin High School,30.273598,-97.76814,public,Austin High School,30.273598,-97.76814,public
372,2016-2017,AUSTIN ISD,Lanier High School,1659,1391,1659,1310,High,100.0,Lanier High School,30.360209,-97.70832,public,Lanier High School,30.360209,-97.70832,public
373,2016-2017,AUSTIN ISD,Mccallum High School,1759,468,26,707,High,1.4781125639567936,Mccallum High School,30.327484000000002,-97.72887,public,Mccallum High School,30.327484000000002,-97.72887,public
374,2016-2017,AUSTIN ISD,Reagan High School,1255,1019,1255,950,High,100.0,Reagan High School,30.324188,-97.69135,public,Reagan High School,30.324188,-97.69135,public
375,2016-2017,AUSTIN ISD,Travis High School,1332,1029,1332,1017,High,100.0,Travis High School,30.233839,-97.743256,public,Travis High School,30.233839,-97.743256,public
376,2016-2017,AUSTIN ISD,Crockett High School,1515,940,31,951,High,2.046204620462046,Crockett High School,30.214724,-97.79739000000001,public,Crockett High School,30.214724,-97.79739000000001,public
377,2016-2017,AUSTIN ISD,Anderson High School,2217,501,11,714,High,0.4961659900766802,Anderson High School,30.37575,-97.75371,public,Anderson High School,30.37575,-97.75371,public
378,2016-2017,AUSTIN ISD,Bowie High School,2894,345,11,715,High,0.38009675190048375,Bowie High School,30.186369,-97.85873000000001,public,Bowie High School,30.186369,-97.85873000000001,public
379,2016-2017,AUSTIN ISD,Lbj Highigh Schoolchool,804,624,804,537,High,100.0,,,,,,,,
380,2016-2017,AUSTIN ISD,Garza Independence High School,205,69,11,171,High,5.365853658536587,Garza Independence High School,30.277237,-97.72139,public,Garza Independence High School,30.277237,-97.72139,public
381,2016-2017,AUSTIN ISD,Akins High School,2680,1673,29,1590,High,1.082089552238806,Akins High School,30.148984999999996,-97.80185999999999,public,Akins High School,30.148984999999996,-97.80185999999999,public
382,2016-2017,AUSTIN ISD,Lasa High School,1111,78,0,24,High,0.0,Lasa High School,30.313496,-97.65666999999999,public,Lasa High School,30.313496,-97.65666999999999,public
383,2016-2017,AUSTIN ISD,Eastside Memorial At The Johnston,553,471,553,451,High,100.0,,,,,,,,
384,2016-2017,AUSTIN ISD,Graduation Prep Academy Travis,157,131,17,155,Other,10.828025477707007,,,,,,,,
385,2016-2017,AUSTIN ISD,Graduation Prep Academy Lanier,122,91,7,121,Other,5.737704918032787,,,,,,,,
386,2016-2017,AUSTIN ISD,International High School,261,250,18,220,High,6.896551724137932,International High School,30.257113,-97.68205999999999,public,International High School,30.257113,-97.68205999999999,public
387,2016-2017,AUSTIN ISD,Fulmore Middle School,1024,632,1024,534,Middle,100.0,Fulmore Middle School,30.243927000000003,-97.750465,public,Fulmore Middle School,30.243927000000003,-97.750465,public
388,2016-2017,AUSTIN ISD,Kealing Middle School,1224,326,1224,257,Middle,100.0,Kealing Middle School,30.270937,-97.72178000000001,public,Kealing Middle School,30.270937,-97.72178000000001,public
389,2016-2017,AUSTIN ISD,Lamar Middle School,1015,252,9,315,Middle,0.8866995073891626,Lamar Middle School,30.337774,-97.74058000000001,public,Lamar Middle School,30.337774,-97.74058000000001,public
390,2016-2017,AUSTIN ISD,Burnet Middle School,1040,939,1040,874,Middle,100.0,Burnet Middle School,30.365074,-97.7256,public,Burnet Middle School,30.365074,-97.7256,public
391,2016-2017,AUSTIN ISD,O Henry Middle,867,230,2,291,Middle,0.2306805074971165,,,,,,,,
392,2016-2017,AUSTIN ISD,Martin Middle,432,408,432,345,Middle,100.0,,,,,,,,
393,2016-2017,AUSTIN ISD,Murchison Middle,1328,296,0,440,Middle,0.0,,,,,,,,
394,2016-2017,AUSTIN ISD,Webb Middle School,677,631,677,553,Middle,100.0,Webb Middle School,30.332413,-97.70740500000001,public,Webb Middle School,30.332413,-97.70740500000001,public
395,2016-2017,AUSTIN ISD,Bedichek Middle,883,725,883,614,Middle,100.0,,,,,,,,
396,2016-2017,AUSTIN ISD,Dobie Middle,598,540,598,503,Middle,100.0,,,,,,,,
397,2016-2017,AUSTIN ISD,Covington Middle,615,386,7,344,Middle,1.1382113821138211,,,,,,,,
398,2016-2017,AUSTIN ISD,Mendez Middle School,711,660,711,597,Middle,100.0,Mendez Middle School,30.188675,-97.74306,public,Mendez Middle School,30.188675,-97.74306,public
399,2016-2017,AUSTIN ISD,Bailey Middle School,899,272,8,302,Middle,0.8898776418242491,Bailey Middle School,30.164225,-97.87241999999999,public,Bailey Middle School,30.164225,-97.87241999999999,public
400,2016-2017,AUSTIN ISD,Small Middle School,1179,322,5,425,Middle,0.4240882103477524,Small Middle School,30.233706,-97.84200000000001,public,Small Middle School,30.233706,-97.84200000000001,public
401,2016-2017,AUSTIN ISD,Paredes Middle School,957,698,957,604,Middle,100.0,Paredes Middle School,30.165659,-97.81159,public,Paredes Middle School,30.165659,-97.81159,public
402,2016-2017,AUSTIN ISD,Gorzycki Middle,1279,58,2,186,Middle,0.1563721657544957,,,,,,,,
403,2016-2017,AUSTIN ISD,Garcia Ymla,421,396,421,344,Other,100.0,Garcia Ymla,30.311397999999997,-97.64303000000001,public,Garcia Ymla,30.311397999999997,-97.64303000000001,public
404,2016-2017,AUSTIN ISD,Sadler Means Ywla,399,361,399,312,Middle,100.0,Sadler Means Ywla,30.313578000000003,-97.68073000000001,public,Sadler Means Ywla,30.313578000000003,-97.68073000000001,public
405,2017-2018,AUSTIN ISD,Allison Elementary School,479,458,479,362,Elementary,100.0,Allison Elementary School,30.235784999999996,-97.69203,public,Allison Elementary School,30.235784999999996,-97.69203,public
406,2017-2018,AUSTIN ISD,Andrews Elementary School,504,470,504,439,Elementary,100.0,Andrews Elementary School,30.317553999999998,-97.679665,public,Andrews Elementary School,30.317553999999998,-97.679665,public
407,2017-2018,AUSTIN ISD,Barton Hills Elementary School,455,41,2,91,Elementary,0.4395604395604396,Barton Hills Elementary School,30.254395000000002,-97.78335600000001,public,Barton Hills Elementary School,30.254395000000002,-97.78335600000001,public
408,2017-2018,AUSTIN ISD,Becker Elementary School,437,139,437,169,Elementary,100.0,Becker Elementary School,30.250395,-97.75945,public,Becker Elementary School,30.250395,-97.75945,public
409,2017-2018,AUSTIN ISD,Blackshear Elementary School,378,251,378,179,Elementary,100.0,Blackshear Elementary School,30.266968,-97.72216999999999,public,Blackshear Elementary School,30.266968,-97.72216999999999,public
410,2017-2018,AUSTIN ISD,Blanton Elementary School,516,357,516,305,Elementary,100.0,Blanton Elementary School,30.306929999999998,-97.69063,public,Blanton Elementary School,30.306929999999998,-97.69063,public
411,2017-2018,AUSTIN ISD,Brentwood Elementary School,675,131,2,171,Elementary,0.2962962962962963,Brentwood Elementary School,30.339640000000003,-97.731445,public,Brentwood Elementary School,30.339640000000003,-97.731445,public
412,2017-2018,AUSTIN ISD,Brooke Elementary School,246,240,246,166,Elementary,100.0,Brooke Elementary School,30.254821999999997,-97.70851,public,Brooke Elementary School,30.254821999999997,-97.70851,public
413,2017-2018,AUSTIN ISD,Brown Elementary School,272,269,272,229,Elementary,100.0,Brown Elementary School,30.344769,-97.71034,public,Brown Elementary School,30.344769,-97.71034,public
414,2017-2018,AUSTIN ISD,Bryker Woods Elementary School,458,36,0,91,Elementary,0.0,Bryker Woods Elementary School,30.304869,-97.750626,public,Bryker Woods Elementary School,30.304869,-97.750626,public
415,2017-2018,AUSTIN ISD,Campbelementary Schooll Elementary School,187,167,187,118,Elementary,100.0,,,,,,,,
416,2017-2018,AUSTIN ISD,Casis Elementary School,765,20,2,87,Elementary,0.26143790849673204,Casis Elementary School,30.304344,-97.76505,public,Casis Elementary School,30.304344,-97.76505,public
417,2017-2018,AUSTIN ISD,Cunningham Elementary School,394,236,394,194,Elementary,100.0,Cunningham Elementary School,30.210476,-97.80581,public,Cunningham Elementary School,30.210476,-97.80581,public
418,2017-2018,AUSTIN ISD,Dawson Elementary School,352,258,352,193,Elementary,100.0,Dawson Elementary School,30.234061999999998,-97.76337,public,Dawson Elementary School,30.234061999999998,-97.76337,public
419,2017-2018,AUSTIN ISD,Daep- Elementary School,7,6,0,6,Elementary,0.0,,,,,,,,
420,2017-2018,AUSTIN ISD,Govalle Elementary School,408,388,408,314,Elementary,100.0,Govalle Elementary School,30.210511999999998,-97.65354,public,Govalle Elementary School,30.210511999999998,-97.65354,public
421,2017-2018,AUSTIN ISD,Gullett Elementary School,569,37,0,65,Elementary,0.0,Gullett Elementary School,30.343542,-97.74866999999999,public,Gullett Elementary School,30.343542,-97.74866999999999,public
422,2017-2018,AUSTIN ISD,Harris Elementary School,630,614,630,499,Elementary,100.0,Harris Elementary School,30.314829,-97.690765,public,Harris Elementary School,30.314829,-97.690765,public
423,2017-2018,AUSTIN ISD,Highland Park Elementary School,641,36,2,87,Elementary,0.31201248049922,Highland Park Elementary School,30.330692,-97.76005,public,Highland Park Elementary School,30.330692,-97.76005,public
424,2017-2018,AUSTIN ISD,Joslin Elementary School,282,193,282,154,Elementary,100.0,Joslin Elementary School,30.228037,-97.79054000000001,public,Joslin Elementary School,30.228037,-97.79054000000001,public
425,2017-2018,AUSTIN ISD,Lee Elementary School,443,65,0,108,Elementary,0.0,Lee Elementary School,30.29305,-97.72763,public,Lee Elementary School,30.29305,-97.72763,public
426,2017-2018,AUSTIN ISD,Maplewood Elementary School,485,182,17,189,Elementary,3.5051546391752577,Maplewood Elementary School,30.293337,-97.714905,public,Maplewood Elementary School,30.293337,-97.714905,public
427,2017-2018,AUSTIN ISD,Mathews Elementary School,437,135,437,148,Elementary,100.0,Mathews Elementary School,30.278215000000003,-97.760796,public,Mathews Elementary School,30.278215000000003,-97.760796,public
428,2017-2018,AUSTIN ISD,Metz Elementary School,285,253,285,203,Elementary,100.0,Metz Elementary School,30.254284000000002,-97.721725,public,Metz Elementary School,30.254284000000002,-97.721725,public
429,2017-2018,AUSTIN ISD,Oak Springs Elementary School,322,319,322,174,Elementary,100.0,Oak Springs Elementary School,30.271786,-97.70484,public,Oak Springs Elementary School,30.271786,-97.70484,public
430,2017-2018,AUSTIN ISD,Ortega Elementary School,276,244,276,169,Elementary,100.0,Ortega Elementary School,30.269996999999996,-97.68428,public,Ortega Elementary School,30.269996999999996,-97.68428,public
431,2017-2018,AUSTIN ISD,Sanchez Elementary School,258,254,258,220,Elementary,100.0,Sanchez Elementary School,30.257991999999998,-97.735054,public,Sanchez Elementary School,30.257991999999998,-97.735054,public
432,2017-2018,AUSTIN ISD,Pease Elementary School,233,36,2,48,Elementary,0.8583690987124464,Pease Elementary School,30.275290999999996,-97.74803,public,Pease Elementary School,30.275290999999996,-97.74803,public
433,2017-2018,AUSTIN ISD,Pecan Springs Elementary School,454,439,454,305,Elementary,100.0,Pecan Springs Elementary School,30.303139,-97.676315,public,Pecan Springs Elementary School,30.303139,-97.676315,public
434,2017-2018,AUSTIN ISD,Pleasant Hill Elementary School,465,420,465,297,Elementary,100.0,Pleasant Hill Elementary School,30.196213,-97.77649,public,Pleasant Hill Elementary School,30.196213,-97.77649,public
435,2017-2018,AUSTIN ISD,Read Pre-K Center,304,270,2,227,Other,0.6578947368421053,,,,,,,,
436,2017-2018,AUSTIN ISD,Reilly Elementary School,238,181,238,188,Elementary,100.0,Reilly Elementary School,30.327883,-97.71982,public,Reilly Elementary School,30.327883,-97.71982,public
437,2017-2018,AUSTIN ISD,Ridgetop Elementary School,371,116,371,148,Elementary,100.0,Ridgetop Elementary School,30.311796,-97.716255,public,Ridgetop Elementary School,30.311796,-97.716255,public
438,2017-2018,AUSTIN ISD,St Elementary Schoolmo Elementary School,297,246,297,195,Elementary,100.0,,,,,,,,
439,2017-2018,AUSTIN ISD,Summitt Elementary School,844,249,7,380,Elementary,0.8293838862559242,Summitt Elementary School,30.418608000000003,-97.71907,public,Summitt Elementary School,30.418608000000003,-97.71907,public
440,2017-2018,AUSTIN ISD,Sims Elementary School,204,197,204,122,Elementary,100.0,Sims Elementary School,30.27941,-97.6854,public,Sims Elementary School,30.27941,-97.6854,public
441,2017-2018,AUSTIN ISD,Travis Hts Elementary School,518,328,518,274,Elementary,100.0,,,,,,,,
442,2017-2018,AUSTIN ISD,Walnut Creek Elementary School,642,606,642,555,Elementary,100.0,Walnut Creek Elementary School,30.379194000000002,-97.68413000000001,public,Walnut Creek Elementary School,30.379194000000002,-97.68413000000001,public
443,2017-2018,AUSTIN ISD,Patton Elementary School,984,215,2,354,Elementary,0.2032520325203252,Patton Elementary School,30.2318,-97.84553000000001,public,Patton Elementary School,30.2318,-97.84553000000001,public
444,2017-2018,AUSTIN ISD,Wooten Elementary School,503,464,503,445,Elementary,100.0,Wooten Elementary School,30.352916999999998,-97.71915,public,Wooten Elementary School,30.352916999999998,-97.71915,public
445,2017-2018,AUSTIN ISD,Zavala Elementary School,298,286,298,177,Elementary,100.0,Zavala Elementary School,30.258271999999998,-97.71954000000001,public,Zavala Elementary School,30.258271999999998,-97.71954000000001,public
446,2017-2018,AUSTIN ISD,Zilker Elementary School,550,106,15,145,Elementary,2.727272727272727,Zilker Elementary School,30.252544,-97.77457,public,Zilker Elementary School,30.252544,-97.77457,public
447,2017-2018,AUSTIN ISD,Menchaca Elementary School,717,302,717,315,Elementary,100.0,,,,,,,,
448,2017-2018,AUSTIN ISD,Oak Hill Elementary School,868,339,868,408,Elementary,100.0,Oak Hill Elementary School,30.237990999999997,-97.858765,public,Oak Hill Elementary School,30.237990999999997,-97.858765,public
449,2017-2018,AUSTIN ISD,Barrington Elementary School,547,536,547,461,Elementary,100.0,Barrington Elementary School,30.360529,-97.69606999999999,public,Barrington Elementary School,30.360529,-97.69606999999999,public
450,2017-2018,AUSTIN ISD,Norman Elementary School,192,187,192,112,Elementary,100.0,Norman Elementary School,30.278323999999998,-97.67397,public,Norman Elementary School,30.278323999999998,-97.67397,public
451,2017-2018,AUSTIN ISD,Pillow Elementary School,519,385,519,342,Elementary,100.0,Pillow Elementary School,30.369263,-97.73339,public,Pillow Elementary School,30.369263,-97.73339,public
452,2017-2018,AUSTIN ISD,Wooldridge Elementary School,532,506,532,443,Elementary,100.0,Wooldridge Elementary School,30.364952000000002,-97.70985,public,Wooldridge Elementary School,30.364952000000002,-97.70985,public
453,2017-2018,AUSTIN ISD,Doss Elementary School,835,126,5,212,Elementary,0.5988023952095808,Doss Elementary School,30.356087,-97.76281,public,Doss Elementary School,30.356087,-97.76281,public
454,2017-2018,AUSTIN ISD,Hill Elementary School,954,66,2,209,Elementary,0.20964360587002093,Hill Elementary School,30.376625,-97.74854,public,Hill Elementary School,30.376625,-97.74854,public
455,2017-2018,AUSTIN ISD,Odom Elementary School,463,400,463,319,Elementary,100.0,Odom Elementary School,30.20562,-97.78878,public,Odom Elementary School,30.20562,-97.78878,public
456,2017-2018,AUSTIN ISD,Winn Elementary School,259,218,259,179,Elementary,100.0,Winn Elementary School,30.314882,-97.66498,public,Winn Elementary School,30.314882,-97.66498,public
457,2017-2018,AUSTIN ISD,Sunset Valley Elementary School,543,271,543,288,Elementary,100.0,,,,,,,,
458,2017-2018,AUSTIN ISD,Graham Elementary School,610,507,610,461,Elementary,100.0,Graham Elementary School,30.372359999999997,-97.66886,public,Graham Elementary School,30.372359999999997,-97.66886,public
459,2017-2018,AUSTIN ISD,Linder Elementary School,306,287,306,225,Elementary,100.0,Linder Elementary School,30.224209000000002,-97.73794000000001,public,Linder Elementary School,30.224209000000002,-97.73794000000001,public
460,2017-2018,AUSTIN ISD,Cook Elementary School,453,420,453,390,Elementary,100.0,Cook Elementary School,30.378002000000002,-97.70482,public,Cook Elementary School,30.378002000000002,-97.70482,public
461,2017-2018,AUSTIN ISD,Houston Elementary School,642,600,642,496,Elementary,100.0,Houston Elementary School,30.196468,-97.75506999999999,public,Houston Elementary School,30.196468,-97.75506999999999,public
462,2017-2018,AUSTIN ISD,Hart Elementary School,682,640,682,620,Elementary,100.0,Hart Elementary School,30.342451,-97.68871,public,Hart Elementary School,30.342451,-97.68871,public
463,2017-2018,AUSTIN ISD,Pickle Elementary School,544,529,544,495,Elementary,100.0,Pickle Elementary School,30.333408000000002,-97.693825,public,Pickle Elementary School,30.333408000000002,-97.693825,public
464,2017-2018,AUSTIN ISD,Mcbee Elementary School,395,373,395,344,Elementary,100.0,Mcbee Elementary School,30.38325,-97.69106,public,Mcbee Elementary School,30.38325,-97.69106,public
465,2017-2018,AUSTIN ISD,Williams Elementary School,466,362,466,257,Elementary,100.0,Williams Elementary School,30.180972999999998,-97.79151,public,Williams Elementary School,30.180972999999998,-97.79151,public
466,2017-2018,AUSTIN ISD,Langford Elementary School,540,505,540,436,Elementary,100.0,Langford Elementary School,30.182083000000002,-97.76337,public,Langford Elementary School,30.182083000000002,-97.76337,public
467,2017-2018,AUSTIN ISD,Boone Elementary School,535,225,535,194,Elementary,100.0,Boone Elementary School,30.203723999999998,-97.840225,public,Boone Elementary School,30.203723999999998,-97.840225,public
468,2017-2018,AUSTIN ISD,Palm Elementary School,449,386,449,292,Elementary,100.0,Palm Elementary School,30.164824,-97.743675,public,Palm Elementary School,30.164824,-97.743675,public
469,2017-2018,AUSTIN ISD,Kocurek Elementary School,578,384,578,272,Elementary,100.0,Kocurek Elementary School,30.177746000000003,-97.83525,public,Kocurek Elementary School,30.177746000000003,-97.83525,public
470,2017-2018,AUSTIN ISD,Casey Elementary School,616,370,616,302,Elementary,100.0,Casey Elementary School,30.177266999999997,-97.81461,public,Casey Elementary School,30.177266999999997,-97.81461,public
471,2017-2018,AUSTIN ISD,Rodriguez Elementary School,503,485,503,405,Elementary,100.0,Rodriguez Elementary School,30.200659,-97.74725,public,Rodriguez Elementary School,30.200659,-97.74725,public
472,2017-2018,AUSTIN ISD,Widen Elementary School,522,478,522,408,Elementary,100.0,Widen Elementary School,30.188713,-97.74008,public,Widen Elementary School,30.188713,-97.74008,public
473,2017-2018,AUSTIN ISD,Galindo Elementary School,586,528,586,435,Elementary,100.0,Galindo Elementary School,30.229516999999998,-97.7719,public,Galindo Elementary School,30.229516999999998,-97.7719,public
474,2017-2018,AUSTIN ISD,Uphaus Early Childhood Center,340,306,340,231,Elementary,100.0,,,,,,,,
475,2017-2018,AUSTIN ISD,Jordan Elementary School,662,620,662,549,Elementary,100.0,Jordan Elementary School,30.301088,-97.646774,public,Jordan Elementary School,30.301088,-97.646774,public
476,2017-2018,AUSTIN ISD,Davis Elementary School,807,186,6,310,Elementary,0.7434944237918215,Davis Elementary School,30.418246999999997,-97.74218,public,Davis Elementary School,30.418246999999997,-97.74218,public
477,2017-2018,AUSTIN ISD,Kiker Elementary School,1111,29,2,219,Elementary,0.18001800180018002,Kiker Elementary School,30.191557,-97.88125600000001,public,Kiker Elementary School,30.191557,-97.88125600000001,public
478,2017-2018,AUSTIN ISD,Mills Elementary School,854,50,0,167,Elementary,0.0,Mills Elementary School,30.210917,-97.8782,public,Mills Elementary School,30.210917,-97.8782,public
479,2017-2018,AUSTIN ISD,Baranoff Elementary School,1014,118,7,235,Elementary,0.6903353057199211,Baranoff Elementary School,30.153902000000002,-97.852165,public,Baranoff Elementary School,30.153902000000002,-97.852165,public
480,2017-2018,AUSTIN ISD,Cowan Elementary School,841,257,19,268,Elementary,2.2592152199762188,Cowan Elementary School,30.188688,-97.83348000000001,public,Cowan Elementary School,30.188688,-97.83348000000001,public
481,2017-2018,AUSTIN ISD,Clayton Elementary School,838,12,0,134,Elementary,0.0,Clayton Elementary School,30.194855,-97.906334,public,Clayton Elementary School,30.194855,-97.906334,public
482,2017-2018,AUSTIN ISD,Blazier Elementary School,860,577,860,490,Elementary,100.0,Blazier Elementary School,30.158,-97.754295,public,Blazier Elementary School,30.158,-97.754295,public
483,2017-2018,AUSTIN ISD,Guerrero Thompson,633,618,633,575,Middle,100.0,Guerrero Thompson,30.363888,-97.691666,public,Guerrero Thompson,30.363888,-97.691666,public
484,2017-2018,AUSTIN ISD,Baldwin Elementary School,810,106,2,211,Elementary,0.2469135802469136,Baldwin Elementary School,30.184890000000003,-97.923454,public,Baldwin Elementary School,30.184890000000003,-97.923454,public
485,2017-2018,AUSTIN ISD,Padron Elementary School,759,718,759,691,Elementary,100.0,Padron Elementary School,30.272375,-97.756516,public,Padron Elementary School,30.272375,-97.756516,public
486,2017-2018,AUSTIN ISD,Overton Elementary School,559,519,559,456,Elementary,100.0,Overton Elementary School,30.300186,-97.6367,public,Overton Elementary School,30.300186,-97.6367,public
487,2017-2018,AUSTIN ISD,Perez Elementary School,650,581,650,467,Elementary,100.0,Perez Elementary School,30.17085,-97.75624,public,Perez Elementary School,30.17085,-97.75624,public
488,2017-2018,AUSTIN ISD,Dobie Pk Center,209,199,2,163,Other,0.9569377990430622,,,,,,,,
489,2017-2018,AUSTIN ISD,Webb Pri Center,246,227,246,210,Elementary,100.0,,,,,,,,
490,2017-2018,AUSTIN ISD,Austin Isd Child Develementary Schoolopment Cente,170,170,2,59,Elementary,1.1764705882352942,,,,,,,,
491,2017-2018,AUSTIN ISD,Alternative Learning Center,101,82,2,95,High,1.98019801980198,Alternative Learning Center,30.268434999999997,-97.71007,public,Alternative Learning Center,30.268434999999997,-97.71007,public
492,2017-2018,AUSTIN ISD,Travis County Day School,8,5,0,8,High,0.0,Travis County Day School,30.335696999999996,-97.68336,public,Travis County Day School,30.335696999999996,-97.68336,public
493,2017-2018,AUSTIN ISD,Richards Sch For Young Women Leade,827,445,7,137,High,0.8464328899637243,,,,,,,,
494,2017-2018,AUSTIN ISD,Travis County Juvenile Detention C,35,15,0,35,Other,0.0,,,,,,,,
495,2017-2018,AUSTIN ISD,Phoenix Academy,19,2,0,19,High,0.0,Phoenix Academy,30.24414,-97.75614,public,Phoenix Academy,30.24414,-97.75614,public
496,2017-2018,AUSTIN ISD,Leadership Academy,16,2,0,16,High,0.0,Leadership Academy,30.235638,-97.75366,public,Leadership Academy,30.235638,-97.75366,public
497,2017-2018,AUSTIN ISD,Travis County J J A E P,2,2,0,2,Other,0.0,,,,,,,,
498,2017-2018,AUSTIN ISD,Austin St Hospital,16,2,0,16,High,0.0,Austin St Hospital,30.272375,-97.756516,public,Austin St Hospital,30.272375,-97.756516,public
499,2017-2018,AUSTIN ISD,Rosedale,232,73,2,126,Elementary,0.8620689655172413,Rosedale,30.320051,-97.74019,public,Rosedale,30.320051,-97.74019,public
500,2017-2018,AUSTIN ISD,Austin High School,2267,544,22,810,High,0.9704455227172476,Austin High School,30.273598,-97.76814,public,Austin High School,30.273598,-97.76814,public
501,2017-2018,AUSTIN ISD,Lanier High School,1586,1322,1586,1227,High,100.0,Lanier High School,30.360209,-97.70832,public,Lanier High School,30.360209,-97.70832,public
502,2017-2018,AUSTIN ISD,Mccallum High School,1761,387,9,575,High,0.5110732538330494,Mccallum High School,30.327484000000002,-97.72887,public,Mccallum High School,30.327484000000002,-97.72887,public
503,2017-2018,AUSTIN ISD,Reagan High School,1252,1051,1252,931,High,100.0,Reagan High School,30.324188,-97.69135,public,Reagan High School,30.324188,-97.69135,public
504,2017-2018,AUSTIN ISD,Travis High School,1233,954,1233,878,High,100.0,Travis High School,30.233839,-97.743256,public,Travis High School,30.233839,-97.743256,public
505,2017-2018,AUSTIN ISD,Crockett High School,1466,897,45,846,High,3.0695770804911318,Crockett High School,30.214724,-97.79739000000001,public,Crockett High School,30.214724,-97.79739000000001,public
506,2017-2018,AUSTIN ISD,Anderson High School,2222,493,24,732,High,1.08010801080108,Anderson High School,30.37575,-97.75371,public,Anderson High School,30.37575,-97.75371,public
507,2017-2018,AUSTIN ISD,Bowie High School,2880,301,13,636,High,0.4513888888888889,Bowie High School,30.186369,-97.85873000000001,public,Bowie High School,30.186369,-97.85873000000001,public
508,2017-2018,AUSTIN ISD,Lbj Highigh Schoolchool,799,596,799,538,High,100.0,,,,,,,,
509,2017-2018,AUSTIN ISD,Garza Independence High School,169,56,9,138,High,5.325443786982248,Garza Independence High School,30.277237,-97.72139,public,Garza Independence High School,30.277237,-97.72139,public
510,2017-2018,AUSTIN ISD,Akins High School,2765,1691,44,1621,High,1.5913200723327303,Akins High School,30.148984999999996,-97.80185999999999,public,Akins High School,30.148984999999996,-97.80185999999999,public
511,2017-2018,AUSTIN ISD,Lasa High School,1186,98,2,29,High,0.16863406408094436,Lasa High School,30.313496,-97.65666999999999,public,Lasa High School,30.313496,-97.65666999999999,public
512,2017-2018,AUSTIN ISD,Eastside Memorial At The Johnston,491,436,491,384,High,100.0,,,,,,,,
513,2017-2018,AUSTIN ISD,Graduation Prep Academy Travis,164,121,2,159,Other,1.2195121951219512,,,,,,,,
514,2017-2018,AUSTIN ISD,Graduation Prep Academy Lanier,77,49,5,75,Other,6.493506493506493,,,,,,,,
515,2017-2018,AUSTIN ISD,International High School,191,185,25,184,High,13.089005235602095,International High School,30.257113,-97.68205999999999,public,International High School,30.257113,-97.68205999999999,public
516,2017-2018,AUSTIN ISD,Fulmore Middle School,998,641,998,530,Middle,100.0,Fulmore Middle School,30.243927000000003,-97.750465,public,Fulmore Middle School,30.243927000000003,-97.750465,public
517,2017-2018,AUSTIN ISD,Kealing Middle School,1223,381,1223,261,Middle,100.0,Kealing Middle School,30.270937,-97.72178000000001,public,Kealing Middle School,30.270937,-97.72178000000001,public
518,2017-2018,AUSTIN ISD,Lamar Middle School,1130,234,12,351,Middle,1.0619469026548674,Lamar Middle School,30.337774,-97.74058000000001,public,Lamar Middle School,30.337774,-97.74058000000001,public
519,2017-2018,AUSTIN ISD,Burnet Middle School,967,873,967,803,Middle,100.0,Burnet Middle School,30.365074,-97.7256,public,Burnet Middle School,30.365074,-97.7256,public
520,2017-2018,AUSTIN ISD,O Henry Middle,862,248,18,316,Middle,2.0881670533642693,,,,,,,,
521,2017-2018,AUSTIN ISD,Martin Middle,450,419,450,366,Middle,100.0,,,,,,,,
522,2017-2018,AUSTIN ISD,Murchison Middle,1392,298,10,464,Middle,0.7183908045977011,,,,,,,,
523,2017-2018,AUSTIN ISD,Webb Middle School,664,623,664,542,Middle,100.0,Webb Middle School,30.332413,-97.70740500000001,public,Webb Middle School,30.332413,-97.70740500000001,public
524,2017-2018,AUSTIN ISD,Bedichek Middle,846,718,846,571,Middle,100.0,,,,,,,,
525,2017-2018,AUSTIN ISD,Dobie Middle,579,534,579,465,Middle,100.0,,,,,,,,
526,2017-2018,AUSTIN ISD,Covington Middle,660,389,165,368,Middle,25.0,,,,,,,,
527,2017-2018,AUSTIN ISD,Mendez Middle School,646,583,646,554,Middle,100.0,Mendez Middle School,30.188675,-97.74306,public,Mendez Middle School,30.188675,-97.74306,public
528,2017-2018,AUSTIN ISD,Bailey Middle School,1006,316,9,404,Middle,0.8946322067594433,Bailey Middle School,30.164225,-97.87241999999999,public,Bailey Middle School,30.164225,-97.87241999999999,public
529,2017-2018,AUSTIN ISD,Small Middle School,1231,316,14,443,Middle,1.1372867587327375,Small Middle School,30.233706,-97.84200000000001,public,Small Middle School,30.233706,-97.84200000000001,public
530,2017-2018,AUSTIN ISD,Paredes Middle School,892,653,892,586,Middle,100.0,Paredes Middle School,30.165659,-97.81159,public,Paredes Middle School,30.165659,-97.81159,public
531,2017-2018,AUSTIN ISD,Gorzycki Middle,1275,60,5,205,Middle,0.392156862745098,,,,,,,,
532,2017-2018,AUSTIN ISD,Garcia Ymla,390,357,390,323,Other,100.0,Garcia Ymla,30.311397999999997,-97.64303000000001,public,Garcia Ymla,30.311397999999997,-97.64303000000001,public
533,2017-2018,AUSTIN ISD,Sadler Means Ywla,388,359,388,309,Middle,100.0,Sadler Means Ywla,30.313578000000003,-97.68073000000001,public,Sadler Means Ywla,30.313578000000003,-97.68073000000001,public
