"SCOPE","AGGREGATION LEVEL","YEAR","DISTRICT NUMBER","DISTRICT NAME","CAMPUS NUMBER","CAMPUS NAME","GRADE GROUP","COUNTY NUMBER","COUNTY NAME","REGION","TOTAL  ENROLLMENT","TOTAL  G & T  STUDENTS","TOTAL  CTE  STUDENTS","TOTAL  ELL  STUDENTS","TOTAL  BILINGUAL  STUDENTS","TOTAL  ESL  STUDENTS","TOTAL  ECONOMICALLY  DISADVANTAGED  STUDENTS","TOTAL  TITLE I  STUDENTS","TOTAL  AT RISK  STUDENTS","TOTAL MILITARY CONNECTED STUDENTS","TOTAL FOSTER CARE STUDENTS","TOTAL HOMELESS STUDENTS","SUM_HOMELESS","TOTAL DYSLEXIC STUDENTS"
"COUNTY","CAMPUS","2016-2017",227803,"WAYSIDE SCHOOLS",227803001,"SCI-TECH PREPARATORY","ELEMENTARY / SECONDARY",227,"TRAVIS COUNTY",13,483,0,161,142,0,141,238,483,302,0,0,53,0,26
"COUNTY","CAMPUS","2016-2017",227803,"WAYSIDE SCHOOLS",227803101,"EDEN PARK ACADEMY","ELEMENTARY",227,"TRAVIS COUNTY",13,426,0,0,42,0,42,151,426,204,-9999999,-9999999,18,0,12
"COUNTY","CAMPUS","2016-2017",227803,"WAYSIDE SCHOOLS",227803102,"REAL LEARNING ACADEMY","ELEMENTARY",227,"TRAVIS COUNTY",13,686,0,0,322,244,74,437,686,437,-9999999,-9999999,24,0,29
"COUNTY","CAMPUS","2016-2017",227803,"WAYSIDE SCHOOLS",227803103,"ALTAMIRA ACADEMY","ELEMENTARY",227,"TRAVIS COUNTY",13,396,0,0,127,94,34,248,396,257,0,-9999999,11,0,-9999999
"COUNTY","CAMPUS","2016-2017",227804,"NYOS CHARTER SCHOOL",227804101,"NYOS CHARTER SCHOOL","ELEMENTARY / SECONDARY",227,"TRAVIS COUNTY",13,634,5,183,72,0,72,175,634,264,9,0,64,-9999999,20
"COUNTY","CAMPUS","2016-2017",227804,"NYOS CHARTER SCHOOL",227804102,"NYOS - MAGNOLIA MCCULLOUGH CAMPUS","ELEMENTARY",227,"TRAVIS COUNTY",13,324,0,0,101,0,100,126,324,181,-9999999,0,17,-9999999,6
"COUNTY","CAMPUS","2016-2017",227805,"TEXAS EMPOWERMENT ACADEMY",227805041,"TEXAS EMPOWERMENT ACADEMY","ELEMENTARY / SECONDARY",227,"TRAVIS COUNTY",13,80,0,0,0,0,0,56,80,39,0,0,8,0,-9999999
"COUNTY","CAMPUS","2016-2017",227805,"TEXAS EMPOWERMENT ACADEMY",227805101,"TEXAS EMPOWERMENT ACADEMY EL","ELEMENTARY",227,"TRAVIS COUNTY",13,214,0,0,0,0,0,138,214,74,0,0,10,0,0
"COUNTY","CAMPUS","2016-2017",227806,"UNIVERSITY OF TEXAS UNIVERSITY CHA",227806005,"SETTLEMENT HOME","ELEMENTARY / SECONDARY",227,"TRAVIS COUNTY",13,32,0,8,-9999999,0,-9999999,32,0,32,0,32,17,0,0
"COUNTY","CAMPUS","2016-2017",227806,"UNIVERSITY OF TEXAS UNIVERSITY CHA",227806009,"PATHFINDER CAMP","ELEMENTARY / SECONDARY",227,"TRAVIS COUNTY",13,20,0,20,-9999999,0,-9999999,20,0,20,0,20,12,0,-9999999
"COUNTY","CAMPUS","2016-2017",227806,"UNIVERSITY OF TEXAS UNIVERSITY CHA",227806015,"GEORGE M KOZMETSKY SCHOOL","ELEMENTARY / SECONDARY",227,"TRAVIS COUNTY",13,50,0,0,9,0,9,34,50,50,0,21,10,29,-9999999
"COUNTY","CAMPUS","2016-2017",227806,"UNIVERSITY OF TEXAS UNIVERSITY CHA",227806017,"ANNUNCIATION MATERNITY HOME","ELEMENTARY / SECONDARY",227,"TRAVIS COUNTY",13,11,0,5,-9999999,0,-9999999,-9999999,0,11,0,-9999999,-9999999,0,-9999999
"COUNTY","CAMPUS","2016-2017",227806,"UNIVERSITY OF TEXAS UNIVERSITY CHA",227806023,"PATHWAYS 3H CAMPUS","ELEMENTARY / SECONDARY",227,"TRAVIS COUNTY",13,16,0,0,0,0,0,16,0,16,0,16,9,0,-9999999
"COUNTY","CAMPUS","2016-2017",227806,"UNIVERSITY OF TEXAS UNIVERSITY CHA",227806024,"TNC CAMPUS (TEXAS NEUROREHABILITAT","ELEMENTARY / SECONDARY",227,"TRAVIS COUNTY",13,71,0,43,-9999999,0,-9999999,16,0,56,0,10,59,0,0
"COUNTY","CAMPUS","2016-2017",227806,"UNIVERSITY OF TEXAS UNIVERSITY CHA",227806025,"METHODIST CHILDREN'S HOME","ELEMENTARY / SECONDARY",227,"TRAVIS COUNTY",13,120,0,51,7,0,7,119,0,120,0,19,19,0,-9999999
"COUNTY","CAMPUS","2016-2017",227806,"UNIVERSITY OF TEXAS UNIVERSITY CHA",227806029,"DEPELCHIN-RICHMOND","ELEMENTARY",227,"TRAVIS COUNTY",13,12,0,0,0,0,0,12,0,12,0,11,8,0,0
"COUNTY","CAMPUS","2016-2017",227806,"UNIVERSITY OF TEXAS UNIVERSITY CHA",227806030,"LAUREL RIDGE","ELEMENTARY / SECONDARY",227,"TRAVIS COUNTY",13,42,0,0,-9999999,0,-9999999,10,0,42,10,-9999999,19,0,0
"COUNTY","CAMPUS","2016-2017",227806,"UNIVERSITY OF TEXAS UNIVERSITY CHA",227806031,"OLYMPIA HILLS","ELEMENTARY / SECONDARY",227,"TRAVIS COUNTY",13,25,0,0,0,0,0,-9999999,0,0,0,0,-9999999,0,-9999999
"COUNTY","CAMPUS","2016-2017",227806,"UNIVERSITY OF TEXAS UNIVERSITY CHA",227806032,"HELPING HAND","ELEMENTARY",227,"TRAVIS COUNTY",13,24,0,0,0,0,0,24,0,24,0,22,15,0,0
"COUNTY","CAMPUS","2016-2017",227806,"UNIVERSITY OF TEXAS UNIVERSITY CHA",227806034,"UT - UNIVERSITY CHARTER SCHOOL AT","ELEMENTARY / SECONDARY",227,"TRAVIS COUNTY",13,13,0,0,-9999999,0,-9999999,-9999999,0,-9999999,0,0,-9999999,0,0
"COUNTY","CAMPUS","2016-2017",227806,"UNIVERSITY OF TEXAS UNIVERSITY CHA",227806035,"UT - UNIVERSITY CHARTER SCHOOL AT","ELEMENTARY / SECONDARY",227,"TRAVIS COUNTY",13,16,0,0,0,0,0,0,0,16,0,0,-9999999,0,0
"COUNTY","CAMPUS","2016-2017",227806,"UNIVERSITY OF TEXAS UNIVERSITY CHA",227806037,"SHRINERS HOSPITALS FOR CHILDREN","ELEMENTARY / SECONDARY",227,"TRAVIS COUNTY",13,-9999999,0,0,0,0,0,0,0,-9999999,0,0,0,0,0
"COUNTY","CAMPUS","2016-2017",227806,"UNIVERSITY OF TEXAS UNIVERSITY CHA",227806040,"AUSTIN OAKS","ELEMENTARY / SECONDARY",227,"TRAVIS COUNTY",13,14,0,0,0,0,0,-9999999,0,0,0,0,-9999999,0,0
"COUNTY","CAMPUS","2016-2017",227806,"UNIVERSITY OF TEXAS UNIVERSITY CHA",227806041,"UNLIMITED VISIONS AFTERCARE","ELEMENTARY / SECONDARY",227,"TRAVIS COUNTY",13,40,0,0,-9999999,0,-9999999,21,0,40,0,0,6,-9999999,0
"COUNTY","CAMPUS","2016-2017",227806,"UNIVERSITY OF TEXAS UNIVERSITY CHA",227806042,"HOUSTON BEHAVIORAL HEALTHCARE","ELEMENTARY / SECONDARY",227,"TRAVIS COUNTY",13,7,0,0,0,0,0,0,0,7,0,-9999999,0,0,0
"COUNTY","CAMPUS","2016-2017",227806,"UNIVERSITY OF TEXAS UNIVERSITY CHA",227806043,"UNIVERSITY H S","HIGH SCHOOL",227,"TRAVIS COUNTY",13,10,0,0,0,0,0,0,0,10,-9999999,0,-9999999,0,0
"COUNTY","CAMPUS","2016-2017",227806,"UNIVERSITY OF TEXAS UNIVERSITY CHA",227806044,"GEORGETOWN BEHAVIORAL HEALTH INSTI","ELEMENTARY / SECONDARY",227,"TRAVIS COUNTY",13,14,0,0,0,0,0,-9999999,0,-9999999,-9999999,0,-9999999,0,0
"COUNTY","CAMPUS","2016-2017",227806,"UNIVERSITY OF TEXAS UNIVERSITY CHA",227806045,"CEDAR CREST","ELEMENTARY / SECONDARY",227,"TRAVIS COUNTY",13,36,0,0,0,0,0,9,0,36,6,0,10,0,0
"COUNTY","CAMPUS","2016-2017",227806,"UNIVERSITY OF TEXAS UNIVERSITY CHA",227806046,"SETON HOME","ELEMENTARY / SECONDARY",227,"TRAVIS COUNTY",13,8,0,0,-9999999,0,-9999999,6,0,8,0,8,-9999999,0,0
"COUNTY","CAMPUS","2016-2017",227806,"UNIVERSITY OF TEXAS UNIVERSITY CHA",227806047,"CATES ACADEMY","ELEMENTARY / SECONDARY",227,"TRAVIS COUNTY",13,6,0,0,0,0,0,-9999999,0,0,0,0,0,0,0
"COUNTY","CAMPUS","2016-2017",227814,"CHAPARRAL STAR ACADEMY",227814001,"CHAPARRAL STAR ACADEMY","ELEMENTARY / SECONDARY",227,"TRAVIS COUNTY",13,378,0,121,21,0,21,0,0,58,-9999999,0,13,0,0
"COUNTY","CAMPUS","2016-2017",227816,"HARMONY SCIENCE ACADEMY (AUSTIN)",227816001,"HARMONY SCIENCE ACADEMY - AUSTIN","ELEMENTARY / SECONDARY",227,"TRAVIS COUNTY",13,594,27,0,357,0,356,545,594,472,0,0,43,6,9
"COUNTY","CAMPUS","2016-2017",227816,"HARMONY SCIENCE ACADEMY (AUSTIN)",227816002,"HARMONY SCIENCE ACADEMY-PFLUGERVIL","ELEMENTARY / SECONDARY",227,"TRAVIS COUNTY",13,881,89,259,188,0,186,476,881,428,0,0,43,-9999999,18
"COUNTY","CAMPUS","2016-2017",227816,"HARMONY SCIENCE ACADEMY (AUSTIN)",227816003,"HARMONY SCHOOL OF SCIENCE - AUSTIN","ELEMENTARY",227,"TRAVIS COUNTY",13,532,48,0,180,0,179,253,532,262,0,0,21,0,5
"COUNTY","CAMPUS","2016-2017",227816,"HARMONY SCIENCE ACADEMY (AUSTIN)",227816004,"HARMONY SCHOOL OF POLITICAL SCI AN","ELEMENTARY",227,"TRAVIS COUNTY",13,936,139,62,200,0,194,248,0,374,0,0,46,0,15
"COUNTY","CAMPUS","2016-2017",227816,"HARMONY SCIENCE ACADEMY (AUSTIN)",227816005,"HARMONY SCHOOL OF INNOVATION - AUS","ELEMENTARY",227,"TRAVIS COUNTY",13,450,32,0,201,0,198,337,450,306,0,0,28,-9999999,-9999999
"COUNTY","CAMPUS","2016-2017",227816,"HARMONY SCIENCE ACADEMY (AUSTIN)",227816101,"HARMONY SCHOOL OF EXCELLENCE","ELEMENTARY / SECONDARY",227,"TRAVIS COUNTY",13,578,51,107,188,0,187,449,578,407,0,0,65,0,31
"COUNTY","CAMPUS","2016-2017",227817,"CEDARS INTERNATIONAL ACADEMY",227817001,"CEDARS ACADEMY NEXT GENERATION H S","HIGH SCHOOL",227,"TRAVIS COUNTY",13,84,-9999999,39,17,0,17,40,0,23,0,0,9,-9999999,5
"COUNTY","CAMPUS","2016-2017",227817,"CEDARS INTERNATIONAL ACADEMY",227817101,"CEDARS INTERNATIONAL ACADEMY","ELEMENTARY",227,"TRAVIS COUNTY",13,371,12,0,176,18,158,282,371,208,-9999999,0,27,9,15
"COUNTY","CAMPUS","2016-2017",227819,"UNIVERSITY OF TEXAS ELEMENTARY CHA",227819101,"UNIVERSITY OF TEXAS EL CHARTER SCH","ELEMENTARY",227,"TRAVIS COUNTY",13,304,14,0,78,0,75,176,133,150,8,0,19,0,11
"COUNTY","CAMPUS","2016-2017",227820,"KIPP AUSTIN PUBLIC SCHOOLS INC",227820001,"KIPP AUSTIN COLLEGIATE","HIGH SCHOOL",227,"TRAVIS COUNTY",13,693,0,0,171,0,169,618,693,389,0,0,61,0,9
"COUNTY","CAMPUS","2016-2017",227820,"KIPP AUSTIN PUBLIC SCHOOLS INC",227820002,"KIPP AUSTIN BRAVE","HIGH SCHOOL",227,"TRAVIS COUNTY",13,198,0,0,82,0,77,172,-9999999,135,0,0,25,0,7
"COUNTY","CAMPUS","2016-2017",227820,"KIPP AUSTIN PUBLIC SCHOOLS INC",227820041,"KIPP AUSTIN COLLEGE PREP","MIDDLE SCHOOL",227,"TRAVIS COUNTY",13,434,0,0,217,0,214,400,434,297,0,0,36,0,-9999999
"COUNTY","CAMPUS","2016-2017",227820,"KIPP AUSTIN PUBLIC SCHOOLS INC",227820042,"KIPP AUSTIN ACADEMY OF ARTS & LETT","MIDDLE SCHOOL",227,"TRAVIS COUNTY",13,436,0,0,138,0,138,392,418,217,0,0,40,0,-9999999
"COUNTY","CAMPUS","2016-2017",227820,"KIPP AUSTIN PUBLIC SCHOOLS INC",227820043,"KIPP AUSTIN BEACON PREP","MIDDLE SCHOOL",227,"TRAVIS COUNTY",13,439,0,0,239,0,220,395,421,290,0,0,35,0,5
"COUNTY","CAMPUS","2016-2017",227820,"KIPP AUSTIN PUBLIC SCHOOLS INC",227820044,"KIPP AUSTIN VISTA MIDDLE SCHOOLS","MIDDLE SCHOOL",227,"TRAVIS COUNTY",13,411,0,0,231,0,204,377,408,286,0,0,55,0,7
"COUNTY","CAMPUS","2016-2017",227820,"KIPP AUSTIN PUBLIC SCHOOLS INC",227820101,"KIPP AUSTIN COMUNIDAD","ELEMENTARY",227,"TRAVIS COUNTY",13,602,0,0,390,390,0,530,599,450,0,-9999999,33,0,-9999999
"COUNTY","CAMPUS","2016-2017",227820,"KIPP AUSTIN PUBLIC SCHOOLS INC",227820102,"KIPP AUSTIN CONNECTIONS EL","ELEMENTARY",227,"TRAVIS COUNTY",13,603,0,0,313,313,0,502,593,372,0,0,42,0,-9999999
"COUNTY","CAMPUS","2016-2017",227820,"KIPP AUSTIN PUBLIC SCHOOLS INC",227820103,"KIPP AUSTIN OBRAS","ELEMENTARY",227,"TRAVIS COUNTY",13,591,0,0,341,341,0,505,591,394,0,0,40,0,-9999999
"COUNTY","CAMPUS","2016-2017",227820,"KIPP AUSTIN PUBLIC SCHOOLS INC",227820104,"KIPP AUSTIN LEADERSHIP EL","ELEMENTARY",227,"TRAVIS COUNTY",13,583,0,0,298,298,0,501,582,365,0,0,39,-9999999,-9999999
"COUNTY","CAMPUS","2016-2017",227821,"AUSTIN DISCOVERY SCHOOL",227821101,"AUSTIN DISCOVERY SCH","ELEMENTARY",227,"TRAVIS COUNTY",13,557,0,0,15,0,15,66,-9999999,192,-9999999,-9999999,47,0,20
"COUNTY","CAMPUS","2016-2017",227824,"EAST AUSTIN COLLEGE PREP",227824001,"THE EAST AUSTIN COLLEGE PREP AT SO","ELEMENTARY",227,"TRAVIS COUNTY",13,101,0,0,26,0,26,100,101,36,0,0,-9999999,0,-9999999
"COUNTY","CAMPUS","2016-2017",227824,"EAST AUSTIN COLLEGE PREP",227824002,"THE EAST AUSTIN COLLEGE PREP AT ML","ELEMENTARY / SECONDARY",227,"TRAVIS COUNTY",13,568,0,203,146,0,146,490,0,402,0,0,54,0,8
"COUNTY","CAMPUS","2016-2017",227825,"AUSTIN ACHIEVE PUBLIC SCHOOLS",227825001,"AUSTIN ACHIEVE PUBLIC SCHOOLS","ELEMENTARY / SECONDARY",227,"TRAVIS COUNTY",13,702,0,45,393,0,393,626,702,487,0,-9999999,86,0,0
"COUNTY","CAMPUS","2016-2017",227826,"MONTESSORI FOR ALL",227826101,"MAGNOLIA MONTESSORI FOR ALL","ELEMENTARY",227,"TRAVIS COUNTY",13,377,0,0,92,0,91,147,377,93,-9999999,0,25,0,0
"COUNTY","CAMPUS","2016-2017",227827,"THE EXCEL CENTER (FOR ADULTS)",227827001,"THE EXCEL CENTER (FOR ADULTS)","HIGH SCHOOL",227,"TRAVIS COUNTY",13,148,0,15,18,0,18,96,0,0,0,0,0,0,0
"COUNTY","CAMPUS","2016-2017",227828,"THE EXCEL CENTER",227828001,"THE EXCEL CENTER","HIGH SCHOOL",227,"TRAVIS COUNTY",13,213,0,16,85,0,85,99,0,167,0,0,9,14,0
"COUNTY","CAMPUS","2016-2017",227828,"THE EXCEL CENTER",227828002,"EXCEL CENTER LOCKHART","HIGH SCHOOL",227,"TRAVIS COUNTY",13,13,0,0,0,0,0,0,0,8,0,0,0,0,0
"COUNTY","CAMPUS","2016-2017",227901,"AUSTIN ISD",227901002,"AUSTIN H S","HIGH SCHOOL",227,"TRAVIS COUNTY",13,2145,231,1253,73,0,70,598,10,831,0,0,196,11,181
"COUNTY","CAMPUS","2016-2017",227901,"AUSTIN ISD",227901004,"LANIER H S","HIGH SCHOOL",227,"TRAVIS COUNTY",13,1659,61,1093,626,0,618,1391,1659,1310,0,7,217,23,125
"COUNTY","CAMPUS","2016-2017",227901,"AUSTIN ISD",227901005,"MCCALLUM H S","HIGH SCHOOL",227,"TRAVIS COUNTY",13,1759,328,933,70,0,66,468,26,707,-9999999,0,170,27,118
"COUNTY","CAMPUS","2016-2017",227901,"AUSTIN ISD",227901006,"REAGAN H S","HIGH SCHOOL",227,"TRAVIS COUNTY",13,1255,87,978,432,-9999999,423,1019,1255,950,0,6,166,31,92
"COUNTY","CAMPUS","2016-2017",227901,"AUSTIN ISD",227901007,"TRAVIS H S","HIGH SCHOOL",227,"TRAVIS COUNTY",13,1332,88,966,336,0,323,1029,1332,1017,0,-9999999,222,31,167
"COUNTY","CAMPUS","2016-2017",227901,"AUSTIN ISD",227901008,"CROCKETT H S","HIGH SCHOOL",227,"TRAVIS COUNTY",13,1515,143,725,226,-9999999,219,940,31,951,-9999999,6,226,33,146
"COUNTY","CAMPUS","2016-2017",227901,"AUSTIN ISD",227901009,"ANDERSON H S","HIGH SCHOOL",227,"TRAVIS COUNTY",13,2217,188,1203,104,-9999999,99,501,11,714,18,-9999999,167,12,112
"COUNTY","CAMPUS","2016-2017",227901,"AUSTIN ISD",227901012,"ALTERNATIVE LEARNING CENTER","ELEMENTARY / SECONDARY",227,"TRAVIS COUNTY",13,107,-9999999,0,27,0,26,74,-9999999,107,0,-9999999,27,8,14
"COUNTY","CAMPUS","2016-2017",227901,"AUSTIN ISD",227901013,"BOWIE H S","HIGH SCHOOL",227,"TRAVIS COUNTY",13,2894,290,1953,52,0,44,345,11,715,23,-9999999,204,11,167
"COUNTY","CAMPUS","2016-2017",227901,"AUSTIN ISD",227901014,"LBJ HIGH SCHOOL","HIGH SCHOOL",227,"TRAVIS COUNTY",13,804,68,671,175,0,167,624,804,537,0,0,105,12,98
"COUNTY","CAMPUS","2016-2017",227901,"AUSTIN ISD",227901015,"GARZA INDEPENDENCE H S","HIGH SCHOOL",227,"TRAVIS COUNTY",13,205,11,33,13,0,13,69,11,171,0,0,20,12,9
"COUNTY","CAMPUS","2016-2017",227901,"AUSTIN ISD",227901017,"AKINS H S","HIGH SCHOOL",227,"TRAVIS COUNTY",13,2680,195,2260,329,-9999999,313,1673,29,1590,8,-9999999,318,30,198
"COUNTY","CAMPUS","2016-2017",227901,"AUSTIN ISD",227901018,"LASA H S","HIGH SCHOOL",227,"TRAVIS COUNTY",13,1111,549,720,0,0,0,78,0,24,0,0,9,0,17
"COUNTY","CAMPUS","2016-2017",227901,"AUSTIN ISD",227901019,"EASTSIDE MEMORIAL AT THE JOHNSTON","HIGH SCHOOL",227,"TRAVIS COUNTY",13,553,23,337,160,0,157,471,553,451,-9999999,-9999999,112,16,85
"COUNTY","CAMPUS","2016-2017",227901,"AUSTIN ISD",227901025,"GRADUATION PREP ACADEMY TRAVIS","HIGH SCHOOL",227,"TRAVIS COUNTY",13,157,0,0,36,0,34,131,17,155,0,0,16,19,13
"COUNTY","CAMPUS","2016-2017",227901,"AUSTIN ISD",227901026,"GRADUATION PREP ACADEMY LANIER","HIGH SCHOOL",227,"TRAVIS COUNTY",13,122,0,0,42,0,42,91,7,121,0,0,12,10,7
"COUNTY","CAMPUS","2016-2017",227901,"AUSTIN ISD",227901027,"TRAVIS COUNTY DAY SCHOOL","ELEMENTARY / SECONDARY",227,"TRAVIS COUNTY",13,11,0,0,5,0,5,6,0,11,0,0,-9999999,0,-9999999
"COUNTY","CAMPUS","2016-2017",227901,"AUSTIN ISD",227901028,"RICHARDS SCH FOR YOUNG WOMEN LEADE","ELEMENTARY / SECONDARY",227,"TRAVIS COUNTY",13,785,246,785,45,0,43,436,8,127,-9999999,-9999999,6,9,16
"COUNTY","CAMPUS","2016-2017",227901,"AUSTIN ISD",227901029,"INTERNATIONAL H S","HIGH SCHOOL",227,"TRAVIS COUNTY",13,261,0,69,216,0,216,250,18,220,0,0,0,18,0
"COUNTY","CAMPUS","2016-2017",227901,"AUSTIN ISD",227901030,"TRAVIS COUNTY JUVENILE DETENTION C","ELEMENTARY / SECONDARY",227,"TRAVIS COUNTY",13,44,0,0,12,0,11,23,0,44,0,0,11,0,-9999999
"COUNTY","CAMPUS","2016-2017",227901,"AUSTIN ISD",227901032,"PHOENIX ACADEMY","ELEMENTARY / SECONDARY",227,"TRAVIS COUNTY",13,34,0,0,-9999999,0,-9999999,5,0,34,0,0,5,0,0
"COUNTY","CAMPUS","2016-2017",227901,"AUSTIN ISD",227901035,"LEADERSHIP ACADEMY","ELEMENTARY / SECONDARY",227,"TRAVIS COUNTY",13,40,0,6,13,0,11,24,0,40,0,0,13,0,7
"COUNTY","CAMPUS","2016-2017",227901,"AUSTIN ISD",227901036,"TRAVIS COUNTY J J A E P","ELEMENTARY / SECONDARY",227,"TRAVIS COUNTY",13,5,0,-9999999,-9999999,0,-9999999,-9999999,0,5,0,0,0,0,0
"COUNTY","CAMPUS","2016-2017",227901,"AUSTIN ISD",227901043,"FULMORE M S","MIDDLE SCHOOL",227,"TRAVIS COUNTY",13,1024,266,322,280,0,273,632,1024,534,0,0,116,17,79
"COUNTY","CAMPUS","2016-2017",227901,"AUSTIN ISD",227901044,"KEALING M S","MIDDLE SCHOOL",227,"TRAVIS COUNTY",13,1224,569,349,68,0,64,326,1224,257,0,-9999999,100,-9999999,50
"COUNTY","CAMPUS","2016-2017",227901,"AUSTIN ISD",227901045,"LAMAR M S","MIDDLE SCHOOL",227,"TRAVIS COUNTY",13,1015,144,633,75,0,66,252,9,315,0,0,103,11,86
"COUNTY","CAMPUS","2016-2017",227901,"AUSTIN ISD",227901046,"BURNET M S","MIDDLE SCHOOL",227,"TRAVIS COUNTY",13,1040,39,727,612,0,608,939,1040,874,0,-9999999,150,21,73
"COUNTY","CAMPUS","2016-2017",227901,"AUSTIN ISD",227901047,"O HENRY MIDDLE","MIDDLE SCHOOL",227,"TRAVIS COUNTY",13,867,83,267,74,0,72,230,-9999999,291,5,-9999999,86,-9999999,81
"COUNTY","CAMPUS","2016-2017",227901,"AUSTIN ISD",227901051,"MARTIN MIDDLE","MIDDLE SCHOOL",227,"TRAVIS COUNTY",13,432,39,271,139,0,137,408,432,345,0,0,86,13,64
"COUNTY","CAMPUS","2016-2017",227901,"AUSTIN ISD",227901052,"MURCHISON MIDDLE","MIDDLE SCHOOL",227,"TRAVIS COUNTY",13,1328,148,687,116,0,114,296,0,440,0,0,95,0,74
"COUNTY","CAMPUS","2016-2017",227901,"AUSTIN ISD",227901053,"WEBB M S","MIDDLE SCHOOL",227,"TRAVIS COUNTY",13,677,31,331,410,-9999999,404,631,677,553,0,0,130,10,51
"COUNTY","CAMPUS","2016-2017",227901,"AUSTIN ISD",227901054,"BEDICHEK MIDDLE","MIDDLE SCHOOL",227,"TRAVIS COUNTY",13,883,52,520,249,0,243,725,883,614,8,-9999999,167,18,103
"COUNTY","CAMPUS","2016-2017",227901,"AUSTIN ISD",227901055,"DOBIE MIDDLE","MIDDLE SCHOOL",227,"TRAVIS COUNTY",13,598,28,201,321,0,319,540,598,503,0,0,108,21,43
"COUNTY","CAMPUS","2016-2017",227901,"AUSTIN ISD",227901057,"COVINGTON MIDDLE","MIDDLE SCHOOL",227,"TRAVIS COUNTY",13,615,43,288,104,0,102,386,7,344,7,-9999999,107,9,83
"COUNTY","CAMPUS","2016-2017",227901,"AUSTIN ISD",227901058,"MENDEZ M S","MIDDLE SCHOOL",227,"TRAVIS COUNTY",13,711,20,391,319,0,316,660,711,597,0,0,105,16,69
"COUNTY","CAMPUS","2016-2017",227901,"AUSTIN ISD",227901059,"BAILEY M S","MIDDLE SCHOOL",227,"TRAVIS COUNTY",13,899,63,421,44,0,38,272,8,302,0,0,108,9,74
"COUNTY","CAMPUS","2016-2017",227901,"AUSTIN ISD",227901060,"SMALL M S","MIDDLE SCHOOL",227,"TRAVIS COUNTY",13,1179,166,731,117,0,115,322,5,425,0,0,136,6,99
"COUNTY","CAMPUS","2016-2017",227901,"AUSTIN ISD",227901061,"PAREDES M S","MIDDLE SCHOOL",227,"TRAVIS COUNTY",13,957,65,338,231,0,226,698,957,604,-9999999,-9999999,119,21,65
"COUNTY","CAMPUS","2016-2017",227901,"AUSTIN ISD",227901062,"GORZYCKI MIDDLE","MIDDLE SCHOOL",227,"TRAVIS COUNTY",13,1279,179,711,28,0,26,58,-9999999,186,8,-9999999,116,-9999999,110
"COUNTY","CAMPUS","2016-2017",227901,"AUSTIN ISD",227901064,"GARCIA YMLA","MIDDLE SCHOOL",227,"TRAVIS COUNTY",13,421,42,237,198,0,193,396,421,344,-9999999,0,74,17,51
"COUNTY","CAMPUS","2016-2017",227901,"AUSTIN ISD",227901065,"SADLER MEANS YWLA","MIDDLE SCHOOL",227,"TRAVIS COUNTY",13,399,28,243,197,0,196,361,399,312,0,0,51,16,27
"COUNTY","CAMPUS","2016-2017",227901,"AUSTIN ISD",227901101,"ALLISON EL","ELEMENTARY",227,"TRAVIS COUNTY",13,460,17,0,216,198,15,392,460,332,0,0,57,5,20
"COUNTY","CAMPUS","2016-2017",227901,"AUSTIN ISD",227901102,"ANDREWS EL","ELEMENTARY",227,"TRAVIS COUNTY",13,572,13,0,431,387,44,537,572,495,0,-9999999,55,15,28
"COUNTY","CAMPUS","2016-2017",227901,"AUSTIN ISD",227901103,"BARTON HILLS EL","ELEMENTARY",227,"TRAVIS COUNTY",13,427,26,0,11,0,7,25,0,81,-9999999,0,20,0,29
"COUNTY","CAMPUS","2016-2017",227901,"AUSTIN ISD",227901104,"BECKER EL","ELEMENTARY",227,"TRAVIS COUNTY",13,431,84,0,70,368,8,166,431,176,0,-9999999,16,6,17
"COUNTY","CAMPUS","2016-2017",227901,"AUSTIN ISD",227901105,"BLACKSHEAR EL","ELEMENTARY",227,"TRAVIS COUNTY",13,381,17,0,85,31,53,268,381,197,-9999999,0,43,-9999999,22
"COUNTY","CAMPUS","2016-2017",227901,"AUSTIN ISD",227901106,"BLANTON EL","ELEMENTARY",227,"TRAVIS COUNTY",13,486,34,0,258,322,18,363,486,325,0,0,37,-9999999,20
"COUNTY","CAMPUS","2016-2017",227901,"AUSTIN ISD",227901107,"BRENTWOOD EL","ELEMENTARY",227,"TRAVIS COUNTY",13,644,64,0,69,109,17,140,-9999999,192,-9999999,-9999999,79,-9999999,49
"COUNTY","CAMPUS","2016-2017",227901,"AUSTIN ISD",227901108,"BROOKE EL","ELEMENTARY",227,"TRAVIS COUNTY",13,272,20,0,82,100,10,250,272,168,0,0,47,11,18
"COUNTY","CAMPUS","2016-2017",227901,"AUSTIN ISD",227901109,"BROWN EL","ELEMENTARY",227,"TRAVIS COUNTY",13,354,18,0,246,224,24,306,354,297,0,0,43,17,13
"COUNTY","CAMPUS","2016-2017",227901,"AUSTIN ISD",227901110,"BRYKER WOODS EL","ELEMENTARY",227,"TRAVIS COUNTY",13,443,24,0,14,0,13,43,0,95,0,0,33,0,27
"COUNTY","CAMPUS","2016-2017",227901,"AUSTIN ISD",227901111,"CAMPBELL EL","ELEMENTARY",227,"TRAVIS COUNTY",13,194,-9999999,0,40,30,8,171,194,120,-9999999,0,36,19,13
"COUNTY","CAMPUS","2016-2017",227901,"AUSTIN ISD",227901112,"CASIS EL","ELEMENTARY",227,"TRAVIS COUNTY",13,817,24,0,17,0,15,21,0,85,-9999999,0,45,0,45
"COUNTY","CAMPUS","2016-2017",227901,"AUSTIN ISD",227901113,"CUNNINGHAM EL","ELEMENTARY",227,"TRAVIS COUNTY",13,412,14,0,78,99,18,233,412,188,-9999999,-9999999,64,-9999999,23
"COUNTY","CAMPUS","2016-2017",227901,"AUSTIN ISD",227901114,"DAWSON EL","ELEMENTARY",227,"TRAVIS COUNTY",13,340,29,0,111,134,28,272,340,194,0,0,64,5,15
"COUNTY","CAMPUS","2016-2017",227901,"AUSTIN ISD",227901115,"DAEP- EL","ELEMENTARY",227,"TRAVIS COUNTY",13,5,0,0,-9999999,-9999999,-9999999,5,0,5,0,0,-9999999,0,-9999999
"COUNTY","CAMPUS","2016-2017",227901,"AUSTIN ISD",227901116,"GOVALLE EL","ELEMENTARY",227,"TRAVIS COUNTY",13,470,28,0,164,154,9,415,470,329,-9999999,-9999999,71,19,34
"COUNTY","CAMPUS","2016-2017",227901,"AUSTIN ISD",227901117,"GULLETT EL","ELEMENTARY",227,"TRAVIS COUNTY",13,554,25,0,7,0,6,49,-9999999,58,0,-9999999,38,-9999999,20
"COUNTY","CAMPUS","2016-2017",227901,"AUSTIN ISD",227901118,"HARRIS EL","ELEMENTARY",227,"TRAVIS COUNTY",13,615,5,0,434,363,71,586,615,509,0,-9999999,55,18,16
"COUNTY","CAMPUS","2016-2017",227901,"AUSTIN ISD",227901119,"HIGHLAND PARK EL","ELEMENTARY",227,"TRAVIS COUNTY",13,652,119,0,9,0,8,29,0,94,-9999999,-9999999,39,0,37
"COUNTY","CAMPUS","2016-2017",227901,"AUSTIN ISD",227901120,"JOSLIN EL","ELEMENTARY",227,"TRAVIS COUNTY",13,261,13,0,76,60,14,174,261,130,-9999999,0,41,-9999999,21
"COUNTY","CAMPUS","2016-2017",227901,"AUSTIN ISD",227901121,"LEE EL","ELEMENTARY",227,"TRAVIS COUNTY",13,402,21,0,15,0,15,62,-9999999,99,0,0,42,-9999999,15
"COUNTY","CAMPUS","2016-2017",227901,"AUSTIN ISD",227901122,"MAPLEWOOD EL","ELEMENTARY",227,"TRAVIS COUNTY",13,498,35,0,43,111,12,201,9,186,0,-9999999,64,15,22
"COUNTY","CAMPUS","2016-2017",227901,"AUSTIN ISD",227901123,"MATHEWS EL","ELEMENTARY",227,"TRAVIS COUNTY",13,442,25,0,66,8,57,126,442,151,0,0,28,26,23
"COUNTY","CAMPUS","2016-2017",227901,"AUSTIN ISD",227901124,"METZ EL","ELEMENTARY",227,"TRAVIS COUNTY",13,305,9,0,140,105,34,251,305,221,-9999999,0,32,5,16
"COUNTY","CAMPUS","2016-2017",227901,"AUSTIN ISD",227901125,"OAK SPRINGS EL","ELEMENTARY",227,"TRAVIS COUNTY",13,324,10,0,93,70,23,298,324,198,0,0,44,11,12
"COUNTY","CAMPUS","2016-2017",227901,"AUSTIN ISD",227901126,"ORTEGA EL","ELEMENTARY",227,"TRAVIS COUNTY",13,306,13,0,120,104,17,256,306,181,-9999999,0,40,18,15
"COUNTY","CAMPUS","2016-2017",227901,"AUSTIN ISD",227901127,"SANCHEZ EL","ELEMENTARY",227,"TRAVIS COUNTY",13,353,8,0,257,235,22,331,353,290,-9999999,0,29,-9999999,-9999999
"COUNTY","CAMPUS","2016-2017",227901,"AUSTIN ISD",227901128,"PEASE EL","ELEMENTARY",227,"TRAVIS COUNTY",13,242,22,0,-9999999,0,-9999999,39,-9999999,48,0,0,19,-9999999,15
"COUNTY","CAMPUS","2016-2017",227901,"AUSTIN ISD",227901129,"PECAN SPRINGS EL","ELEMENTARY",227,"TRAVIS COUNTY",13,470,19,0,210,196,21,420,470,318,0,-9999999,36,19,22
"COUNTY","CAMPUS","2016-2017",227901,"AUSTIN ISD",227901130,"PLEASANT HILL EL","ELEMENTARY",227,"TRAVIS COUNTY",13,502,-9999999,0,243,205,35,410,502,336,0,-9999999,62,13,22
"COUNTY","CAMPUS","2016-2017",227901,"AUSTIN ISD",227901131,"READ PRE-K CENTER","ELEMENTARY",227,"TRAVIS COUNTY",13,320,0,0,215,191,23,243,0,215,0,-9999999,44,0,0
"COUNTY","CAMPUS","2016-2017",227901,"AUSTIN ISD",227901132,"REILLY EL","ELEMENTARY",227,"TRAVIS COUNTY",13,268,11,0,197,143,49,186,268,230,0,-9999999,39,7,15
"COUNTY","CAMPUS","2016-2017",227901,"AUSTIN ISD",227901133,"RIDGETOP EL","ELEMENTARY",227,"TRAVIS COUNTY",13,331,39,0,89,327,-9999999,112,331,151,0,-9999999,27,9,10
"COUNTY","CAMPUS","2016-2017",227901,"AUSTIN ISD",227901136,"ST ELMO EL","ELEMENTARY",227,"TRAVIS COUNTY",13,284,16,0,143,124,15,223,284,181,0,0,28,24,8
"COUNTY","CAMPUS","2016-2017",227901,"AUSTIN ISD",227901138,"SUMMITT EL","ELEMENTARY",227,"TRAVIS COUNTY",13,833,48,0,251,243,38,253,5,370,7,0,81,5,24
"COUNTY","CAMPUS","2016-2017",227901,"AUSTIN ISD",227901139,"SIMS EL","ELEMENTARY",227,"TRAVIS COUNTY",13,232,-9999999,0,69,66,-9999999,214,232,139,0,0,18,7,7
"COUNTY","CAMPUS","2016-2017",227901,"AUSTIN ISD",227901140,"TRAVIS HTS EL","ELEMENTARY",227,"TRAVIS COUNTY",13,548,40,0,138,172,48,347,548,290,0,-9999999,68,-9999999,32
"COUNTY","CAMPUS","2016-2017",227901,"AUSTIN ISD",227901141,"WALNUT CREEK EL","ELEMENTARY",227,"TRAVIS COUNTY",13,605,10,0,434,368,64,501,605,513,-9999999,0,58,12,16
"COUNTY","CAMPUS","2016-2017",227901,"AUSTIN ISD",227901143,"PATTON EL","ELEMENTARY",227,"TRAVIS COUNTY",13,982,108,0,167,0,166,196,-9999999,288,-9999999,-9999999,69,-9999999,38
"COUNTY","CAMPUS","2016-2017",227901,"AUSTIN ISD",227901144,"WOOTEN EL","ELEMENTARY",227,"TRAVIS COUNTY",13,568,19,0,439,415,42,475,568,489,0,0,65,6,15
"COUNTY","CAMPUS","2016-2017",227901,"AUSTIN ISD",227901145,"ZAVALA EL","ELEMENTARY",227,"TRAVIS COUNTY",13,357,9,0,121,98,21,297,357,214,0,-9999999,66,27,15
"COUNTY","CAMPUS","2016-2017",227901,"AUSTIN ISD",227901146,"ZILKER EL","ELEMENTARY",227,"TRAVIS COUNTY",13,562,69,0,33,26,7,114,0,110,-9999999,0,52,0,36
"COUNTY","CAMPUS","2016-2017",227901,"AUSTIN ISD",227901147,"MENCHACA EL","ELEMENTARY",227,"TRAVIS COUNTY",13,740,24,0,151,161,39,290,740,340,-9999999,-9999999,86,-9999999,31
"COUNTY","CAMPUS","2016-2017",227901,"AUSTIN ISD",227901148,"OAK HILL EL","ELEMENTARY",227,"TRAVIS COUNTY",13,832,57,0,257,268,38,298,832,402,5,10,88,-9999999,27
"COUNTY","CAMPUS","2016-2017",227901,"AUSTIN ISD",227901149,"BARRINGTON EL","ELEMENTARY",227,"TRAVIS COUNTY",13,542,28,0,380,356,25,420,542,446,0,0,54,-9999999,7
"COUNTY","CAMPUS","2016-2017",227901,"AUSTIN ISD",227901150,"NORMAN EL","ELEMENTARY",227,"TRAVIS COUNTY",13,263,22,0,64,59,5,244,263,169,0,0,33,18,-9999999
"COUNTY","CAMPUS","2016-2017",227901,"AUSTIN ISD",227901151,"PILLOW EL","ELEMENTARY",227,"TRAVIS COUNTY",13,509,17,0,214,140,74,365,509,329,0,-9999999,48,14,26
"COUNTY","CAMPUS","2016-2017",227901,"AUSTIN ISD",227901152,"WOOLDRIDGE EL","ELEMENTARY",227,"TRAVIS COUNTY",13,612,25,0,431,371,57,568,612,508,0,0,35,-9999999,18
"COUNTY","CAMPUS","2016-2017",227901,"AUSTIN ISD",227901154,"DOSS EL","ELEMENTARY",227,"TRAVIS COUNTY",13,882,52,0,122,0,117,128,-9999999,204,0,0,39,-9999999,49
"COUNTY","CAMPUS","2016-2017",227901,"AUSTIN ISD",227901155,"HILL EL","ELEMENTARY",227,"TRAVIS COUNTY",13,939,70,0,68,-9999999,64,71,5,183,9,-9999999,45,5,28
"COUNTY","CAMPUS","2016-2017",227901,"AUSTIN ISD",227901156,"ODOM EL","ELEMENTARY",227,"TRAVIS COUNTY",13,509,15,0,212,198,10,437,509,343,-9999999,-9999999,36,24,13
"COUNTY","CAMPUS","2016-2017",227901,"AUSTIN ISD",227901157,"WINN EL","ELEMENTARY",227,"TRAVIS COUNTY",13,241,13,0,148,144,-9999999,205,241,199,0,0,33,11,-9999999
"COUNTY","CAMPUS","2016-2017",227901,"AUSTIN ISD",227901158,"SUNSET VALLEY EL","ELEMENTARY",227,"TRAVIS COUNTY",13,533,55,0,218,378,10,269,533,309,-9999999,0,45,8,22
"COUNTY","CAMPUS","2016-2017",227901,"AUSTIN ISD",227901159,"GRAHAM EL","ELEMENTARY",227,"TRAVIS COUNTY",13,686,28,0,407,383,22,575,686,523,0,0,58,-9999999,21
"COUNTY","CAMPUS","2016-2017",227901,"AUSTIN ISD",227901160,"LINDER EL","ELEMENTARY",227,"TRAVIS COUNTY",13,320,7,0,170,138,31,296,320,245,0,0,49,8,12
"COUNTY","CAMPUS","2016-2017",227901,"AUSTIN ISD",227901161,"COOK EL","ELEMENTARY",227,"TRAVIS COUNTY",13,521,10,0,365,345,16,492,521,446,0,0,42,8,40
"COUNTY","CAMPUS","2016-2017",227901,"AUSTIN ISD",227901162,"HOUSTON EL","ELEMENTARY",227,"TRAVIS COUNTY",13,680,15,0,366,351,13,565,680,532,-9999999,-9999999,50,11,16
"COUNTY","CAMPUS","2016-2017",227901,"AUSTIN ISD",227901163,"HART EL","ELEMENTARY",227,"TRAVIS COUNTY",13,700,20,0,555,453,101,672,700,631,0,-9999999,62,15,33
"COUNTY","CAMPUS","2016-2017",227901,"AUSTIN ISD",227901164,"PICKLE EL","ELEMENTARY",227,"TRAVIS COUNTY",13,638,-9999999,0,499,478,20,577,638,570,0,0,39,21,10
"COUNTY","CAMPUS","2016-2017",227901,"AUSTIN ISD",227901165,"MCBEE EL","ELEMENTARY",227,"TRAVIS COUNTY",13,450,-9999999,0,351,336,13,424,450,397,0,0,67,-9999999,51
"COUNTY","CAMPUS","2016-2017",227901,"AUSTIN ISD",227901166,"WILLIAMS EL","ELEMENTARY",227,"TRAVIS COUNTY",13,458,20,0,120,96,16,355,458,255,-9999999,-9999999,85,7,26
"COUNTY","CAMPUS","2016-2017",227901,"AUSTIN ISD",227901168,"LANGFORD EL","ELEMENTARY",227,"TRAVIS COUNTY",13,619,13,0,403,373,29,581,619,520,-9999999,0,42,7,21
"COUNTY","CAMPUS","2016-2017",227901,"AUSTIN ISD",227901170,"BOONE EL","ELEMENTARY",227,"TRAVIS COUNTY",13,568,34,0,79,19,60,225,568,186,9,-9999999,72,8,35
"COUNTY","CAMPUS","2016-2017",227901,"AUSTIN ISD",227901171,"PALM EL","ELEMENTARY",227,"TRAVIS COUNTY",13,470,19,0,201,177,21,378,470,306,9,-9999999,45,9,18
"COUNTY","CAMPUS","2016-2017",227901,"AUSTIN ISD",227901172,"KOCUREK EL","ELEMENTARY",227,"TRAVIS COUNTY",13,539,20,0,99,76,21,334,539,244,-9999999,-9999999,60,7,29
"COUNTY","CAMPUS","2016-2017",227901,"AUSTIN ISD",227901173,"CASEY EL","ELEMENTARY",227,"TRAVIS COUNTY",13,633,18,0,117,167,18,377,633,275,-9999999,-9999999,61,6,19
"COUNTY","CAMPUS","2016-2017",227901,"AUSTIN ISD",227901174,"RODRIGUEZ EL","ELEMENTARY",227,"TRAVIS COUNTY",13,591,17,0,339,323,17,563,591,446,0,-9999999,42,8,12
"COUNTY","CAMPUS","2016-2017",227901,"AUSTIN ISD",227901175,"WIDEN EL","ELEMENTARY",227,"TRAVIS COUNTY",13,558,11,0,284,247,37,479,558,418,-9999999,0,68,5,14
"COUNTY","CAMPUS","2016-2017",227901,"AUSTIN ISD",227901176,"GALINDO EL","ELEMENTARY",227,"TRAVIS COUNTY",13,590,22,0,353,295,56,500,590,436,0,9,80,9,40
"COUNTY","CAMPUS","2016-2017",227901,"AUSTIN ISD",227901177,"UPHAUS EARLY CHILDHOOD CENTER","ELEMENTARY",227,"TRAVIS COUNTY",13,299,0,0,177,164,12,249,299,207,-9999999,-9999999,46,-9999999,0
"COUNTY","CAMPUS","2016-2017",227901,"AUSTIN ISD",227901178,"JORDAN EL","ELEMENTARY",227,"TRAVIS COUNTY",13,712,11,0,475,460,13,626,712,577,-9999999,-9999999,67,12,15
"COUNTY","CAMPUS","2016-2017",227901,"AUSTIN ISD",227901179,"DAVIS EL","ELEMENTARY",227,"TRAVIS COUNTY",13,815,77,0,152,34,116,172,-9999999,303,8,-9999999,67,5,29
"COUNTY","CAMPUS","2016-2017",227901,"AUSTIN ISD",227901180,"KIKER EL","ELEMENTARY",227,"TRAVIS COUNTY",13,1049,126,0,63,0,62,28,0,192,11,-9999999,103,0,106
"COUNTY","CAMPUS","2016-2017",227901,"AUSTIN ISD",227901181,"MILLS EL","ELEMENTARY",227,"TRAVIS COUNTY",13,843,56,0,73,0,70,61,0,158,7,0,63,0,25
"COUNTY","CAMPUS","2016-2017",227901,"AUSTIN ISD",227901182,"BARANOFF EL","ELEMENTARY",227,"TRAVIS COUNTY",13,1020,50,0,60,0,54,118,-9999999,222,13,7,71,-9999999,58
"COUNTY","CAMPUS","2016-2017",227901,"AUSTIN ISD",227901183,"COWAN EL","ELEMENTARY",227,"TRAVIS COUNTY",13,839,40,0,62,11,46,246,268,246,11,9,87,24,47
"COUNTY","CAMPUS","2016-2017",227901,"AUSTIN ISD",227901184,"CLAYTON EL","ELEMENTARY",227,"TRAVIS COUNTY",13,855,110,0,57,0,53,10,0,134,-9999999,0,71,0,27
"COUNTY","CAMPUS","2016-2017",227901,"AUSTIN ISD",227901185,"BLAZIER EL","ELEMENTARY",227,"TRAVIS COUNTY",13,813,22,0,265,316,28,572,813,454,15,5,72,-9999999,39
"COUNTY","CAMPUS","2016-2017",227901,"AUSTIN ISD",227901186,"GUERRERO THOMPSON","ELEMENTARY",227,"TRAVIS COUNTY",13,667,15,0,566,495,70,545,667,601,0,-9999999,68,-9999999,9
"COUNTY","CAMPUS","2016-2017",227901,"AUSTIN ISD",227901187,"BALDWIN EL","ELEMENTARY",227,"TRAVIS COUNTY",13,794,62,0,94,44,48,88,0,183,-9999999,-9999999,81,0,31
"COUNTY","CAMPUS","2016-2017",227901,"AUSTIN ISD",227901188,"PADRON EL","ELEMENTARY",227,"TRAVIS COUNTY",13,797,12,0,654,621,32,647,797,701,0,-9999999,74,-9999999,23
"COUNTY","CAMPUS","2016-2017",227901,"AUSTIN ISD",227901189,"OVERTON EL","ELEMENTARY",227,"TRAVIS COUNTY",13,667,12,0,426,398,26,566,667,543,0,0,49,7,30
"COUNTY","CAMPUS","2016-2017",227901,"AUSTIN ISD",227901190,"PEREZ EL","ELEMENTARY",227,"TRAVIS COUNTY",13,723,28,0,394,451,19,590,723,506,-9999999,0,96,6,29
"COUNTY","CAMPUS","2016-2017",227901,"AUSTIN ISD",227901192,"DOBIE PK CENTER","ELEMENTARY",227,"TRAVIS COUNTY",13,208,0,0,153,133,20,190,-9999999,154,-9999999,-9999999,25,-9999999,0
"COUNTY","CAMPUS","2016-2017",227901,"AUSTIN ISD",227901193,"WEBB PRI CENTER","ELEMENTARY",227,"TRAVIS COUNTY",13,262,-9999999,0,213,178,34,252,262,237,0,0,20,9,13
"COUNTY","CAMPUS","2016-2017",227901,"AUSTIN ISD",227901194,"AUSTIN ISD CHILD DEVELOPMENT CENTE","ELEMENTARY",227,"TRAVIS COUNTY",13,78,0,0,-9999999,0,-9999999,73,0,5,0,-9999999,-9999999,0,0
"COUNTY","CAMPUS","2016-2017",227901,"AUSTIN ISD",227901249,"DELL CHILDREN'S MEDICAL CENTER","ELEMENTARY / SECONDARY",227,"TRAVIS COUNTY",13,-9999999,0,0,0,0,0,0,0,-9999999,0,0,-9999999,0,0
"COUNTY","CAMPUS","2016-2017",227901,"AUSTIN ISD",227901250,"AUSTIN ST HOSPITAL","ELEMENTARY / SECONDARY",227,"TRAVIS COUNTY",13,23,0,0,-9999999,0,-9999999,0,0,23,-9999999,-9999999,12,0,0
"COUNTY","CAMPUS","2016-2017",227901,"AUSTIN ISD",227901251,"ROSEDALE","ELEMENTARY / SECONDARY",227,"TRAVIS COUNTY",13,210,0,0,23,6,14,77,0,122,0,0,199,0,5
"COUNTY","CAMPUS","2016-2017",227904,"PFLUGERVILLE ISD",227904001,"PFLUGERVILLE H S","HIGH SCHOOL",227,"TRAVIS COUNTY",13,2086,238,1492,150,0,147,897,2086,1009,29,0,228,18,36
"COUNTY","CAMPUS","2016-2017",227904,"PFLUGERVILLE ISD",227904003,"JOHN B CONNALLY H S","HIGH SCHOOL",227,"TRAVIS COUNTY",13,1884,124,1510,365,0,361,1220,1884,1221,10,-9999999,209,29,24
"COUNTY","CAMPUS","2016-2017",227904,"PFLUGERVILLE ISD",227904004,"HENDRICKSON H S","HIGH SCHOOL",227,"TRAVIS COUNTY",13,3258,341,2656,241,0,234,1099,32,1195,38,8,253,32,73
"COUNTY","CAMPUS","2016-2017",227904,"PFLUGERVILLE ISD",227904008,"TRAVIS CO J J A E P","ELEMENTARY / SECONDARY",227,"TRAVIS COUNTY",13,-9999999,0,-9999999,-9999999,0,-9999999,-9999999,0,-9999999,0,0,0,0,0
"COUNTY","CAMPUS","2016-2017",227904,"PFLUGERVILLE ISD",227904041,"PFLUGERVILLE MIDDLE","MIDDLE SCHOOL",227,"TRAVIS COUNTY",13,944,131,82,166,0,163,479,944,503,-9999999,-9999999,119,10,42
"COUNTY","CAMPUS","2016-2017",227904,"PFLUGERVILLE ISD",227904042,"WESTVIEW MIDDLE","MIDDLE SCHOOL",227,"TRAVIS COUNTY",13,802,79,130,265,0,262,559,802,568,0,0,120,12,24
"COUNTY","CAMPUS","2016-2017",227904,"PFLUGERVILLE ISD",227904043,"PARK CREST MIDDLE","MIDDLE SCHOOL",227,"TRAVIS COUNTY",13,903,99,63,78,0,77,342,903,458,17,-9999999,116,13,45
"COUNTY","CAMPUS","2016-2017",227904,"PFLUGERVILLE ISD",227904045,"DESSAU MIDDLE","MIDDLE SCHOOL",227,"TRAVIS COUNTY",13,792,59,133,287,0,283,598,792,565,-9999999,0,100,17,20
"COUNTY","CAMPUS","2016-2017",227904,"PFLUGERVILLE ISD",227904046,"KELLY LANE MIDDLE","MIDDLE SCHOOL",227,"TRAVIS COUNTY",13,1205,134,154,63,0,62,293,-9999999,358,7,-9999999,118,-9999999,34
"COUNTY","CAMPUS","2016-2017",227904,"PFLUGERVILLE ISD",227904048,"CELE MIDDLE","MIDDLE SCHOOL",227,"TRAVIS COUNTY",13,895,78,113,112,0,110,360,895,380,6,-9999999,102,6,36
"COUNTY","CAMPUS","2016-2017",227904,"PFLUGERVILLE ISD",227904101,"PFLUGERVILLE EL","ELEMENTARY",227,"TRAVIS COUNTY",13,469,25,0,61,0,57,225,469,202,6,-9999999,44,8,13
"COUNTY","CAMPUS","2016-2017",227904,"PFLUGERVILLE ISD",227904102,"PARMER LANE EL","ELEMENTARY",227,"TRAVIS COUNTY",13,491,21,0,267,193,73,312,491,334,-9999999,0,52,10,8
"COUNTY","CAMPUS","2016-2017",227904,"PFLUGERVILLE ISD",227904103,"TIMMERMAN EL","ELEMENTARY",227,"TRAVIS COUNTY",13,421,27,0,46,0,44,185,421,154,-9999999,-9999999,48,6,17
"COUNTY","CAMPUS","2016-2017",227904,"PFLUGERVILLE ISD",227904104,"NORTHWEST EL","ELEMENTARY",227,"TRAVIS COUNTY",13,531,19,0,127,0,125,375,531,283,-9999999,0,86,8,-9999999
"COUNTY","CAMPUS","2016-2017",227904,"PFLUGERVILLE ISD",227904105,"DESSAU EL","ELEMENTARY",227,"TRAVIS COUNTY",13,567,35,0,348,281,64,452,567,449,0,0,44,6,11
"COUNTY","CAMPUS","2016-2017",227904,"PFLUGERVILLE ISD",227904106,"WINDERMERE EL","ELEMENTARY",227,"TRAVIS COUNTY",13,431,71,0,42,0,41,200,431,184,0,-9999999,60,10,27
"COUNTY","CAMPUS","2016-2017",227904,"PFLUGERVILLE ISD",227904107,"RIVER OAKS EL","ELEMENTARY",227,"TRAVIS COUNTY",13,544,24,0,230,175,52,422,544,364,0,0,56,10,7
"COUNTY","CAMPUS","2016-2017",227904,"PFLUGERVILLE ISD",227904108,"BROOKHOLLOW EL","ELEMENTARY",227,"TRAVIS COUNTY",13,422,20,0,44,0,42,204,422,156,9,-9999999,50,9,11
"COUNTY","CAMPUS","2016-2017",227904,"PFLUGERVILLE ISD",227904109,"SPRINGHILL EL","ELEMENTARY",227,"TRAVIS COUNTY",13,579,25,0,301,234,62,380,579,439,-9999999,-9999999,59,7,8
"COUNTY","CAMPUS","2016-2017",227904,"PFLUGERVILLE ISD",227904110,"WINDERMERE PRI","ELEMENTARY",227,"TRAVIS COUNTY",13,407,7,0,47,0,45,219,407,148,6,0,52,9,-9999999
"COUNTY","CAMPUS","2016-2017",227904,"PFLUGERVILLE ISD",227904111,"COPPERFIELD EL","ELEMENTARY",227,"TRAVIS COUNTY",13,443,27,0,215,182,33,331,443,299,-9999999,0,57,12,8
"COUNTY","CAMPUS","2016-2017",227904,"PFLUGERVILLE ISD",227904112,"MURCHISON EL","ELEMENTARY",227,"TRAVIS COUNTY",13,787,26,0,55,0,49,87,5,224,18,6,65,5,12
"COUNTY","CAMPUS","2016-2017",227904,"PFLUGERVILLE ISD",227904113,"DELCO PRI","ELEMENTARY",227,"TRAVIS COUNTY",13,658,7,0,459,397,53,543,658,529,0,-9999999,49,5,-9999999
"COUNTY","CAMPUS","2016-2017",227904,"PFLUGERVILLE ISD",227904114,"CALDWELL EL","ELEMENTARY",227,"TRAVIS COUNTY",13,686,28,0,260,259,53,352,686,401,11,-9999999,62,8,17
"COUNTY","CAMPUS","2016-2017",227904,"PFLUGERVILLE ISD",227904115,"ROWE LANE EL","ELEMENTARY",227,"TRAVIS COUNTY",13,894,39,0,52,0,49,108,-9999999,244,18,7,74,-9999999,22
"COUNTY","CAMPUS","2016-2017",227904,"PFLUGERVILLE ISD",227904116,"HIGHLAND PARK EL","ELEMENTARY",227,"TRAVIS COUNTY",13,825,45,0,302,278,58,331,825,425,20,-9999999,79,-9999999,15
"COUNTY","CAMPUS","2016-2017",227904,"PFLUGERVILLE ISD",227904117,"WIELAND EL","ELEMENTARY",227,"TRAVIS COUNTY",13,407,28,0,160,112,49,269,407,244,11,0,44,-9999999,13
"COUNTY","CAMPUS","2016-2017",227904,"PFLUGERVILLE ISD",227904118,"RIOJAS EL","ELEMENTARY",227,"TRAVIS COUNTY",13,954,49,0,81,5,68,203,0,266,5,-9999999,59,0,10
"COUNTY","CAMPUS","2016-2017",227904,"PFLUGERVILLE ISD",227904119,"RUTH BARRON EL","ELEMENTARY",227,"TRAVIS COUNTY",13,732,20,0,479,465,43,592,732,580,-9999999,-9999999,64,-9999999,6
"COUNTY","CAMPUS","2016-2017",227904,"PFLUGERVILLE ISD",227904120,"DEARING EL","ELEMENTARY",227,"TRAVIS COUNTY",13,570,22,0,49,0,49,254,570,226,16,-9999999,63,-9999999,8
"COUNTY","CAMPUS","2016-2017",227907,"MANOR ISD",227907001,"MANOR H S","HIGH SCHOOL",227,"TRAVIS COUNTY",13,1826,125,1641,352,0,344,1308,51,1162,-9999999,-9999999,207,55,45
"COUNTY","CAMPUS","2016-2017",227907,"MANOR ISD",227907002,"MANOR EXCEL ACADEMY","ELEMENTARY / SECONDARY",227,"TRAVIS COUNTY",13,61,0,28,7,0,7,55,61,57,-9999999,-9999999,8,7,-9999999
"COUNTY","CAMPUS","2016-2017",227907,"MANOR ISD",227907004,"MANOR NEW TECHNOLOGY HIGH","HIGH SCHOOL",227,"TRAVIS COUNTY",13,391,91,365,33,0,32,227,6,153,0,0,10,7,9
"COUNTY","CAMPUS","2016-2017",227907,"MANOR ISD",227907041,"MANOR MIDDLE","MIDDLE SCHOOL",227,"TRAVIS COUNTY",13,1018,103,457,309,0,303,783,18,700,-9999999,-9999999,100,20,41
"COUNTY","CAMPUS","2016-2017",227907,"MANOR ISD",227907042,"DECKER MIDDLE","MIDDLE SCHOOL",227,"TRAVIS COUNTY",13,840,107,257,315,0,305,675,25,612,-9999999,-9999999,88,28,28
"COUNTY","CAMPUS","2016-2017",227907,"MANOR ISD",227907101,"MANOR EL","ELEMENTARY",227,"TRAVIS COUNTY",13,493,34,0,247,218,33,408,493,398,-9999999,-9999999,42,31,10
"COUNTY","CAMPUS","2016-2017",227907,"MANOR ISD",227907102,"BLUEBONNET TRAIL EL","ELEMENTARY",227,"TRAVIS COUNTY",13,554,38,0,237,125,109,369,554,410,-9999999,-9999999,29,23,6
"COUNTY","CAMPUS","2016-2017",227907,"MANOR ISD",227907104,"DECKER EL","ELEMENTARY",227,"TRAVIS COUNTY",13,517,32,0,345,301,42,503,517,472,0,0,39,24,20
"COUNTY","CAMPUS","2016-2017",227907,"MANOR ISD",227907105,"BLAKE MANOR EL","ELEMENTARY",227,"TRAVIS COUNTY",13,672,29,0,386,356,31,576,672,576,-9999999,-9999999,38,17,12
"COUNTY","CAMPUS","2016-2017",227907,"MANOR ISD",227907106,"PRESIDENTIAL MEADOWS EL","ELEMENTARY",227,"TRAVIS COUNTY",13,521,37,0,261,212,45,392,521,438,-9999999,-9999999,54,24,6
"COUNTY","CAMPUS","2016-2017",227907,"MANOR ISD",227907107,"OAK MEADOWS EL","ELEMENTARY",227,"TRAVIS COUNTY",13,617,28,0,381,338,31,598,617,538,0,-9999999,33,44,-9999999
"COUNTY","CAMPUS","2016-2017",227907,"MANOR ISD",227907108,"PIONEER CROSSING EL","ELEMENTARY",227,"TRAVIS COUNTY",13,628,70,0,265,127,133,407,628,469,0,9,52,13,8
"COUNTY","CAMPUS","2016-2017",227907,"MANOR ISD",227907109,"SHADOWGLEN EL","ELEMENTARY",227,"TRAVIS COUNTY",13,732,57,0,253,200,47,489,732,558,-9999999,7,43,25,12
"COUNTY","CAMPUS","2016-2017",227909,"EANES ISD",227909001,"WESTLAKE H S","HIGH SCHOOL",227,"TRAVIS COUNTY",13,2659,296,1670,16,0,18,67,0,116,24,0,188,0,133
"COUNTY","CAMPUS","2016-2017",227909,"EANES ISD",227909005,"ADULT TRANSITION SERVICES","HIGH SCHOOL",227,"TRAVIS COUNTY",13,27,0,0,0,0,0,0,0,6,-9999999,0,27,0,0
"COUNTY","CAMPUS","2016-2017",227909,"EANES ISD",227909041,"HILL COUNTRY MIDDLE","MIDDLE SCHOOL",227,"TRAVIS COUNTY",13,1056,164,0,16,0,16,24,0,138,-9999999,-9999999,83,0,61
"COUNTY","CAMPUS","2016-2017",227909,"EANES ISD",227909042,"WEST RIDGE MIDDLE","MIDDLE SCHOOL",227,"TRAVIS COUNTY",13,936,195,0,10,0,10,24,0,98,-9999999,0,95,0,53
"COUNTY","CAMPUS","2016-2017",227909,"EANES ISD",227909101,"EANES EL","ELEMENTARY",227,"TRAVIS COUNTY",13,681,62,0,17,0,16,16,60,69,-9999999,0,72,0,19
"COUNTY","CAMPUS","2016-2017",227909,"EANES ISD",227909102,"CEDAR CREEK EL","ELEMENTARY",227,"TRAVIS COUNTY",13,492,48,0,23,0,21,16,0,73,6,-9999999,30,0,23
"COUNTY","CAMPUS","2016-2017",227909,"EANES ISD",227909103,"VALLEY VIEW EL","ELEMENTARY",227,"TRAVIS COUNTY",13,498,39,0,30,0,28,29,85,94,7,-9999999,45,-9999999,14
"COUNTY","CAMPUS","2016-2017",227909,"EANES ISD",227909104,"FOREST TRAIL EL","ELEMENTARY",227,"TRAVIS COUNTY",13,578,50,0,18,0,17,-9999999,0,47,6,0,42,0,23
"COUNTY","CAMPUS","2016-2017",227909,"EANES ISD",227909105,"BARTON CREEK EL","ELEMENTARY",227,"TRAVIS COUNTY",13,498,54,0,19,0,14,-9999999,0,51,-9999999,0,54,0,26
"COUNTY","CAMPUS","2016-2017",227909,"EANES ISD",227909106,"BRIDGE POINT EL","ELEMENTARY",227,"TRAVIS COUNTY",13,709,28,0,26,0,26,14,0,69,0,0,54,0,17
"COUNTY","CAMPUS","2016-2017",227910,"DEL VALLE ISD",227910001,"DEL VALLE H S","HIGH SCHOOL",227,"TRAVIS COUNTY",13,2995,129,2464,497,0,484,2340,2995,2005,8,17,341,17,152
"COUNTY","CAMPUS","2016-2017",227910,"DEL VALLE ISD",227910002,"DEL VALLE OPPORTUNITY CTR","ELEMENTARY / SECONDARY",227,"TRAVIS COUNTY",13,155,-9999999,104,38,0,38,139,0,154,0,-9999999,22,-9999999,9
"COUNTY","CAMPUS","2016-2017",227910,"DEL VALLE ISD",227910041,"DEL VALLE MIDDLE","MIDDLE SCHOOL",227,"TRAVIS COUNTY",13,975,61,371,371,0,361,846,975,731,5,-9999999,109,9,69
"COUNTY","CAMPUS","2016-2017",227910,"DEL VALLE ISD",227910042,"JOHN P OJEDA J H","MIDDLE SCHOOL",227,"TRAVIS COUNTY",13,911,55,373,328,0,322,790,911,644,-9999999,-9999999,129,5,56
"COUNTY","CAMPUS","2016-2017",227910,"DEL VALLE ISD",227910043,"DAILEY MIDDLE","MIDDLE SCHOOL",227,"TRAVIS COUNTY",13,681,37,271,264,0,263,586,681,515,0,-9999999,75,-9999999,42
"COUNTY","CAMPUS","2016-2017",227910,"DEL VALLE ISD",227910101,"POPHAM EL","ELEMENTARY",227,"TRAVIS COUNTY",13,778,34,0,323,237,69,689,778,503,-9999999,0,59,8,36
"COUNTY","CAMPUS","2016-2017",227910,"DEL VALLE ISD",227910106,"SMITH EL","ELEMENTARY",227,"TRAVIS COUNTY",13,793,34,0,401,305,93,728,793,581,0,-9999999,82,-9999999,33
"COUNTY","CAMPUS","2016-2017",227910,"DEL VALLE ISD",227910107,"HILLCREST EL","ELEMENTARY",227,"TRAVIS COUNTY",13,556,24,0,369,319,41,535,556,459,0,-9999999,46,-9999999,27
"COUNTY","CAMPUS","2016-2017",227910,"DEL VALLE ISD",227910108,"BATY EL","ELEMENTARY",227,"TRAVIS COUNTY",13,709,9,0,298,225,69,687,709,538,0,-9999999,86,6,25
"COUNTY","CAMPUS","2016-2017",227910,"DEL VALLE ISD",227910109,"HORNSBY-DUNLAP EL","ELEMENTARY",227,"TRAVIS COUNTY",13,597,19,0,215,163,52,540,597,409,-9999999,-9999999,49,0,12
"COUNTY","CAMPUS","2016-2017",227910,"DEL VALLE ISD",227910110,"DEL VALLE EL","ELEMENTARY",227,"TRAVIS COUNTY",13,806,13,0,352,234,107,682,806,585,6,-9999999,60,-9999999,18
"COUNTY","CAMPUS","2016-2017",227910,"DEL VALLE ISD",227910111,"CREEDMOOR EL","ELEMENTARY",227,"TRAVIS COUNTY",13,703,35,0,419,324,84,659,703,544,-9999999,-9999999,56,9,28
"COUNTY","CAMPUS","2016-2017",227910,"DEL VALLE ISD",227910112,"JOSEPH GILBERT EL","ELEMENTARY",227,"TRAVIS COUNTY",13,619,24,0,355,241,110,571,619,451,0,5,82,0,19
"COUNTY","CAMPUS","2016-2017",227912,"LAGO VISTA ISD",227912001,"LAGO VISTA H S","HIGH SCHOOL",227,"TRAVIS COUNTY",13,433,38,412,11,0,11,75,0,202,-9999999,0,44,-9999999,15
"COUNTY","CAMPUS","2016-2017",227912,"LAGO VISTA ISD",227912041,"LAGO VISTA MIDDLE","MIDDLE SCHOOL",227,"TRAVIS COUNTY",13,359,30,0,9,0,9,84,50,92,-9999999,0,32,5,19
"COUNTY","CAMPUS","2016-2017",227912,"LAGO VISTA ISD",227912101,"LAGO VISTA EL","ELEMENTARY",227,"TRAVIS COUNTY",13,425,18,0,38,0,38,140,23,113,-9999999,0,43,8,-9999999
"COUNTY","CAMPUS","2016-2017",227912,"LAGO VISTA ISD",227912102,"LAGO VISTA INT","ELEMENTARY",227,"TRAVIS COUNTY",13,232,20,0,10,0,10,72,14,51,8,0,15,-9999999,13
"COUNTY","CAMPUS","2016-2017",227913,"LAKE TRAVIS ISD",227913001,"LAKE TRAVIS H S","HIGH SCHOOL",227,"TRAVIS COUNTY",13,2828,440,2190,56,0,55,249,0,659,26,0,208,-9999999,93
"COUNTY","CAMPUS","2016-2017",227913,"LAKE TRAVIS ISD",227913041,"LAKE TRAVIS MIDDLE","MIDDLE SCHOOL",227,"TRAVIS COUNTY",13,1263,165,0,21,0,13,65,0,183,-9999999,0,92,-9999999,45
"COUNTY","CAMPUS","2016-2017",227913,"LAKE TRAVIS ISD",227913042,"HUDSON BEND MIDDLE","MIDDLE SCHOOL",227,"TRAVIS COUNTY",13,1180,223,0,87,0,87,180,144,272,12,-9999999,85,-9999999,52
"COUNTY","CAMPUS","2016-2017",227913,"LAKE TRAVIS ISD",227913101,"LAKE TRAVIS EL","ELEMENTARY",227,"TRAVIS COUNTY",13,925,45,0,330,301,27,436,925,434,10,-9999999,77,18,16
"COUNTY","CAMPUS","2016-2017",227913,"LAKE TRAVIS ISD",227913102,"LAKEWAY EL","ELEMENTARY",227,"TRAVIS COUNTY",13,716,45,0,23,0,23,39,0,92,-9999999,-9999999,62,0,18
"COUNTY","CAMPUS","2016-2017",227913,"LAKE TRAVIS ISD",227913103,"BEE CAVE EL","ELEMENTARY",227,"TRAVIS COUNTY",13,688,30,0,20,0,18,32,0,106,-9999999,-9999999,59,-9999999,12
"COUNTY","CAMPUS","2016-2017",227913,"LAKE TRAVIS ISD",227913104,"LAKE POINTE EL","ELEMENTARY",227,"TRAVIS COUNTY",13,735,42,0,28,0,22,28,0,94,-9999999,-9999999,75,5,11
"COUNTY","CAMPUS","2016-2017",227913,"LAKE TRAVIS ISD",227913105,"SERENE HILLS EL","ELEMENTARY",227,"TRAVIS COUNTY",13,814,48,0,13,0,12,52,0,87,-9999999,0,49,-9999999,13
"COUNTY","CAMPUS","2016-2017",227913,"LAKE TRAVIS ISD",227913106,"WEST CYPRESS HILLS EL","ELEMENTARY",227,"TRAVIS COUNTY",13,676,40,0,11,0,9,51,0,136,7,-9999999,49,8,15

