,gsId,name,type,gradeRange,enrollment,gsRating,parentRating,city,state,districtId,district,districtNCESId,address,phone,fax,website,ncesId,lat,lon,schoolName,latitude,longitude,headOfficialName,freeAndReducedPriceLunch,idea,plan504,percentTeachersInFirstSecondYear,"White, non-Hispanic","Black, non-Hispanic",Hispanic,Multiracial,Asian,Native American or Native Alaskan,Native Hawaiian or Other Pacific Islander
0,527,Blackshear Elementary School,public,PK-5,302.0,8.0,5.0,Austin,TX,115.0,Austin Independent School District,4808940.0,"1712 East 11th Street,  Austin, TX  78702",(512) 414-2021,(512) 477-7640,http://www.blackshearyellowjackets.org/,480894000300,30.266968,-97.72216999999999,Blackshear Elementary School,30.266968,-97.72216999999999,MR RICHARD GARNER,81.1,8.4,4.2,15.0,9.97,27.84,57.39,3.09,0.69,1.03,0.0
1,532,Bryker Woods Elementary School,public,PK-6,400.0,9.0,5.0,Austin,TX,115.0,Austin Independent School District,4808940.0,"3309 Kerbey Lane,  Austin, TX  78703",(512) 414-2054,(512) 459-9047,https://brykerwoodspta.org/,480894000305,30.304869,-97.750626,Bryker Woods Elementary School,30.304869,-97.750626,MS KRISTINA MUEHLING,9.75,6.1,4.2,3.8,68.25,1.75,20.75,5.0,4.0,0.25,0.0
2,535,Casis Elementary School,public,PK-5,793.0,10.0,5.0,Austin,TX,115.0,Austin Independent School District,4808940.0,"2710 Exposition Boulevard,  Austin, TX  78703",(512) 414-2062,(512) 477-1776,http://casiselementary.com/,480894000308,30.304344,-97.76505,Casis Elementary School,30.304344,-97.76505,MR SAMUEL TINNON,2.14,6.2,6.1,5.9,79.32,1.26,10.84,5.17,3.15,0.13,0.13
3,557,Maplewood Elementary School,public,PK-6,480.0,4.0,5.0,Austin,TX,115.0,Austin Independent School District,4808940.0,"3808 Maplewood Avenue,  Austin, TX  78722",(512) 414-4402,(512) 472-8559,www.maplewoodelementary.com,480894000330,30.293337,-97.714905,Maplewood Elementary School,30.293337,-97.714905,MS VICKIE JACOBSON,43.07,10.5,6.0,6.7,38.1,17.97,33.55,8.23,2.16,0.0,0.0
4,559,Mathews Elementary School,public,PK-6,425.0,8.0,5.0,Austin,TX,115.0,Austin Independent School District,4808940.0,"906 West Lynn Street,  Austin, TX  78703",(512) 414-4406,(512) 476-2108,https://www.mathews360.com/,480894000332,30.278215000000003,-97.760796,Mathews Elementary School,30.278215000000003,-97.760796,G MARTINO-BREWSTER,36.0,4.4,4.2,3.6,44.0,5.18,35.76,5.65,8.94,0.24,0.24
5,562,Metz Elementary School,public,PK-5,305.0,3.0,5.0,Austin,TX,115.0,Austin Independent School District,4808940.0,"84 Robert Martinez Junior Street,  Austin, TX  78702",(512) 414-4408,(512) 472-3412,http://www.metzelem.tx.aie.schoolinsites.com/,480894000335,30.254284000000002,-97.721725,Metz Elementary School,30.254284000000002,-97.721725,MS MARTHA CASTILLO,86.89,7.3,6.5,8.8,1.31,7.21,85.9,0.98,4.59,0.0,0.0
6,567,Oak Springs Elementary School,public,PK-5,333.0,3.0,5.0,Austin,TX,115.0,Austin Independent School District,4808940.0,"3601 Webberville Road,  Austin, TX  78702",(512) 414-4413,(512) 472-5005,,480894000340,30.271786,-97.70484,Oak Springs Elementary School,30.271786,-97.70484,MS MONICA WOODS,94.59,15.7,6.8,22.7,3.6,30.33,63.66,0.9,1.5,0.0,0.0
7,569,Ortega Elementary School,public,PK-5,316.0,5.0,5.0,Austin,TX,115.0,Austin Independent School District,4808940.0,"1135 Garland Avenue,  Austin, TX  78721",(512) 414-4417,(512) 929-7906,http://ortegaelementary.weebly.com/,480894000342,30.269996999999996,-97.68428,Ortega Elementary School,30.269996999999996,-97.68428,JENNIFER STEPHENS,89.56,10.2,5.7,0.0,3.8,10.44,83.54,2.22,0.0,0.0,0.0
8,580,Sims Elementary School,public,PK-6,267.0,3.0,5.0,Austin,TX,115.0,Austin Independent School District,4808940.0,"1203 Springdale Road,  Austin, TX  78721",(512) 414-4488,(512) 841-1282,,480894000356,30.27941,-97.6854,Sims Elementary School,30.27941,-97.6854,,94.01,6.5,5.2,0.0,4.12,35.58,59.18,1.12,0.0,0.0,0.0
9,591,Zavala Elementary School,public,PK-6,350.0,4.0,5.0,Austin,TX,115.0,Austin Independent School District,4808940.0,"310 Robert Martinez Junior Street,  Austin, TX  78702",(512) 414-2318,(512) 477-2361,https://www.austinisd.org/schools/zavala,480894000368,30.258271999999998,-97.71954000000001,Zavala Elementary School,30.258271999999998,-97.71954000000001,JOSE MEJIA,97.12,16.3,2.4,6.2,2.36,14.14,79.84,0.79,2.88,0.0,0.0
10,595,Davis Elementary School,public,PK-5,798.0,6.0,5.0,Austin,TX,115.0,Austin Independent School District,4808940.0,"5214 Duval Road,  Austin, TX  78727",(512) 414-2580,(512) 346-7384,http://www.austinisd.org/,480894002775,30.418246999999997,-97.74218,Davis Elementary School,30.418246999999997,-97.74218,MS JENNIFER DANIELS,,7.2,4.0,9.0,47.49,6.39,25.44,6.77,13.41,0.13,0.38
11,598,Rosedale,public,PK-12,263.0,,5.0,Austin,TX,115.0,Austin Independent School District,4808940.0,"2117 West 49th Street,  Austin, TX  78756",(512) 414-3617,(512) 458-6754,,480894005396,30.320051,-97.74019,Rosedale,30.320051,-97.74019,MS ELIZABETH DICKEY,24.71,100.0,0.0,8.1,45.25,8.75,39.92,2.28,3.42,0.0,0.38
12,618,Garza Independence High School,public,9-12,192.0,,5.0,Austin,TX,115.0,Austin Independent School District,4808940.0,"1600 Chicon Street,  Austin, TX  78702",(512) 414-8600,(512) 414-8615,,480894008060,30.277237,-97.72139,Garza Independence High School,30.277237,-97.72139,DR LINDA WEBB,29.17,6.8,11.6,9.5,44.27,6.25,43.75,5.73,0.0,0.0,0.0
13,10787,Clayton Elementary School,public,PK-5,876.0,10.0,5.0,Austin,TX,115.0,Austin Independent School District,4808940.0,"7525 La Crosse Avenue,  Austin, TX  78739",(512) 841-9200,,http://claytoncardinals.org/,480894011061,30.194855,-97.906334,Clayton Elementary School,30.194855,-97.906334,AMY GONLAZES,1.6,9.0,4.5,3.7,67.35,0.68,13.81,3.88,14.27,0.0,0.0
14,18841,Alternative Learning Center,public,6-12,116.0,,5.0,Austin,TX,115.0,Austin Independent School District,4808940.0,"900 Neal Street,  Austin, TX  78702",(512) 414-2554,(512) 476-2809,http://aisdalc.org/,480894009076,30.268434999999997,-97.71007,Alternative Learning Center,30.268434999999997,-97.71007,MS TRACILYNN WRIGHT,81.03,28.1,9.0,4.5,8.62,13.79,75.86,1.72,0.0,0.0,0.0
15,20409,Webb Primary Center,public,PK-5,217.0,3.0,5.0,Austin,TX,115.0,Austin Independent School District,4808940.0,"601 East Saint Johns Avenue,  Austin, TX  78752",(512) 414-8831,(512) 452-9683,,480894012842,30.332413,-97.70740500000001,Webb Primary Center,30.332413,-97.70740500000001,RAUL SANCHEZ,97.24,,,,1.38,3.69,94.01,0.92,0.0,0.0,0.0
16,520,Anderson High School,public,9-12,2270.0,8.0,4.0,Austin,TX,115.0,Austin Independent School District,4808940.0,"8403 Mesa Drive,  Austin, TX  78759",(512) 414-2538,(512) 338-1293,http://andersononline.org/,480894000292,30.37575,-97.75371,Anderson High School,30.37575,-97.75371,MS SAMMILU HARRISON,22.82,7.8,8.0,3.3,50.84,5.9,32.11,3.83,7.09,0.18,0.04
17,521,Andrews Elementary School,public,PK-6,657.0,4.0,4.0,Austin,TX,115.0,Austin Independent School District,4808940.0,"6801 Northeast Drive,  Austin, TX  78723",(512) 414-1770,(512) 926-6635,http://archive.austinisd.org/schools/details.phtml?id=043,480894000293,30.317553999999998,-97.679665,Andrews Elementary School,30.317553999999998,-97.679665,MS GABRIELA SOTO,95.96,9.2,5.7,11.6,3.7,13.47,79.97,0.17,2.53,0.17,0.0
18,522,Austin High School,public,9-12,2084.0,7.0,4.0,Austin,TX,115.0,Austin Independent School District,4808940.0,"1715 West Cesar Chavez Street,  Austin, TX  78703",(512) 414-2505,(512) 474-7935,,480894000294,30.273598,-97.76814,Austin High School,30.273598,-97.76814,MS AMY TAYLOR,28.65,11.2,7.2,10.9,45.92,4.8,44.19,2.98,1.92,0.1,0.1
19,524,Barton Hills Elementary School,public,PK-6,407.0,9.0,4.0,Austin,TX,115.0,Austin Independent School District,4808940.0,"2108 Barton Hills Drive,  Austin, TX  78704",(512) 414-2013,(512) 841-3849,http://bheeagles.com/,480894000297,30.254395000000002,-97.78335600000001,Barton Hills Elementary School,30.254395000000002,-97.78335600000001,MS KATI ACHTERMANN,7.86,4.3,3.3,3.9,67.32,1.97,23.1,5.9,1.23,0.0,0.49
20,525,Becker Elementary School,public,PK-5,377.0,7.0,4.0,Austin,TX,115.0,Austin Independent School District,4808940.0,"906 West Milton Street,  Austin, TX  78704",(512) 414-2019,(512) 442-1759,http://www.beckerelementary.com/,480894000298,30.250395,-97.75945,Becker Elementary School,30.250395,-97.75945,MS VALERIE BORCHERS,42.71,10.1,11.9,30.0,31.3,6.37,58.09,3.18,1.06,0.0,0.0
21,526,Bedichek Middle School,public,6-8,908.0,2.0,4.0,Austin,TX,115.0,Austin Independent School District,4808940.0,"6800 Bill Hughes Road,  Austin, TX  78745",(512) 414-3265,(512) 444-4382,http://www.bedichekbobcats.org/,480894000299,30.196163000000002,-97.78622,Bedichek Middle School,30.196163000000002,-97.78622,,80.51,14.3,12.1,12.3,6.94,5.51,84.69,1.43,1.21,0.22,0.0
22,528,Blanton Elementary School,public,PK-6,479.0,5.0,4.0,Austin,TX,115.0,Austin Independent School District,4808940.0,"5408 Westminster Drive,  Austin, TX  78723",(512) 414-2026,(512) 926-8553,,480894000301,30.306929999999998,-97.69063,Blanton Elementary School,30.306929999999998,-97.69063,DORA MOLINA,81.84,6.1,8.0,7.3,9.6,8.35,81.21,0.63,0.21,0.0,0.0
23,529,Brentwood Elementary School,public,PK-5,617.0,7.0,4.0,Austin,TX,115.0,Austin Independent School District,4808940.0,"6700 Arroyo Seco,  Austin, TX  78757",(512) 414-2039,(512) 453-8928,http://archive.austinisd.org/schools/details.phtml?id=051,480894000302,30.339640000000003,-97.731445,Brentwood Elementary School,30.339640000000003,-97.731445,MS AMBER LAROCHE,26.09,15.0,1.9,2.7,58.02,3.57,33.23,3.89,1.3,0.0,0.0
24,534,Campbell Elementary School,public,PK-5,253.0,4.0,4.0,Austin,TX,115.0,Austin Independent School District,4808940.0,"2613 Rogers Avenue,  Austin, TX  78722",(512) 414-2056,(512) 476-9248,,480894000307,30.282290999999997,-97.71334,Campbell Elementary School,30.282290999999997,-97.71334,MR KEITH MOORE,93.64,10.6,3.0,11.5,5.91,47.73,43.18,3.18,0.0,0.0,0.0
25,537,Crockett High School,public,9-12,1542.0,4.0,4.0,Austin,TX,115.0,Austin Independent School District,4808940.0,"5601 Manchaca Road,  Austin, TX  78745",(512) 414-2532,(512) 447-0489,http://www.crocketths.org,480894000310,30.214724,-97.79739000000001,Crockett High School,30.214724,-97.79739000000001,KORI CRAWFORD,59.51,15.6,5.3,11.3,15.53,6.63,74.83,1.85,1.09,0.07,0.0
26,538,Cunningham Elementary School,public,PK-5,415.0,2.0,4.0,Austin,TX,115.0,Austin Independent School District,4808940.0,"2200 Berkeley Avenue,  Austin, TX  78745",(512) 414-2067,(512) 441-6006,http://www.austinschools.org/campus/cunningham/,480894000311,30.210476,-97.80581,Cunningham Elementary School,30.210476,-97.80581,HEATHER PETRUZZINI,63.13,16.3,6.3,11.4,24.58,8.92,57.11,6.51,2.89,0.0,0.0
27,539,Dawson Elementary School,public,PK-5,382.0,6.0,4.0,Austin,TX,115.0,Austin Independent School District,4808940.0,"3001 South 1st Street,  Austin, TX  78704",(512) 414-2070,(512) 442-5765,http://www.austinisd.org/schools/dawson,480894000312,30.234061999999998,-97.76337,Dawson Elementary School,30.234061999999998,-97.76337,MS TANIA JEDELE,82.72,23.8,8.3,3.2,11.78,8.64,75.92,1.57,1.05,0.52,0.52
28,541,Doss Elementary School,public,PK-5,884.0,9.0,4.0,Austin,TX,115.0,Austin Independent School District,4808940.0,"7005 Northledge Drive,  Austin, TX  78731",(512) 414-2365,(512) 345-0013,https://www.austinisd.org/schools/doss,480894000314,30.356087,-97.76281,Doss Elementary School,30.356087,-97.76281,MS JANNA GRIFFIN,16.29,4.9,4.3,10.6,70.14,2.6,14.03,3.17,9.95,0.0,0.11
29,542,Fulmore Middle School,public,6-8,1007.0,5.0,4.0,Austin,TX,115.0,Austin Independent School District,4808940.0,"201 East Mary Street,  Austin, TX  78704",(512) 414-3207,(512) 441-3129,http://www.fulmoremiddleschool.org/,480894000315,30.243927000000003,-97.750465,Fulmore Middle School,30.243927000000003,-97.750465,STACIA HOLIDAY,67.92,13.2,10.0,10.1,18.67,6.45,69.31,2.38,2.78,0.4,0.0
30,543,Govalle Elementary School,public,PK-5,370.0,1.0,4.0,Austin,TX,115.0,Austin Independent School District,4808940.0,"3601 Govalle Ave, Austin, Texas 78702,  Austin, TX  78617",(512) 414-2078,(512) 926-4820,http://govalle.austinschools.org,480894000316,30.210511999999998,-97.65354,Govalle Elementary School,30.210511999999998,-97.65354,MS PAULA REYES,89.62,11.7,5.2,14.5,2.0,12.97,82.83,1.6,0.4,0.0,0.2
31,544,Graham Elementary School,public,PK-5,697.0,8.0,4.0,Austin,TX,115.0,Austin Independent School District,4808940.0,"11211 Tom Adams Drive,  Austin, TX  78753",(512) 414-2395,(512) 835-4562,https://www.austinisd.org/schools/graham,480894000317,30.372359999999997,-97.66886,Graham Elementary School,30.372359999999997,-97.66886,ERCILLA PAREDES,87.37,13.7,2.7,12.2,5.02,13.49,78.34,1.87,0.86,0.14,0.29
32,545,Gullett Elementary School,public,PK-5,574.0,10.0,4.0,Austin,TX,115.0,Austin Independent School District,4808940.0,"6310 Treadwell Boulevard,  Austin, TX  78757",(512) 414-2082,(512) 451-2036,,480894000318,30.343542,-97.74866999999999,Gullett Elementary School,30.343542,-97.74866999999999,MS TISHA BROWN,6.45,9.4,5.0,14.3,75.44,2.09,18.12,3.14,0.87,0.17,0.17
33,547,Highland Park Elementary School,public,PK-5,622.0,9.0,4.0,Austin,TX,115.0,Austin Independent School District,4808940.0,"4900 Fairview Drive,  Austin, TX  78731",(512) 414-2090,(512) 414-2626,http://www.austinisd.org/,480894000320,30.330692,-97.76005,Highland Park Elementary School,30.330692,-97.76005,MS KATI PENA,4.82,7.3,7.6,4.5,76.69,0.8,12.54,4.98,4.66,0.16,0.16
34,548,Hill Elementary School,public,PK-5,970.0,8.0,4.0,Austin,TX,115.0,Austin Independent School District,4808940.0,"8601 Tallwood Drive,  Austin, TX  78759",(512) 414-2369,(512) 841-8105,http://www.hillelementary.com/,480894000321,30.376625,-97.74854,Hill Elementary School,30.376625,-97.74854,MS BETH NEWTON,9.79,6.1,4.0,8.9,67.53,2.89,15.98,7.01,6.49,0.0,0.1
35,549,Houston Elementary School,public,PK-5,705.0,3.0,4.0,Austin,TX,115.0,Austin Independent School District,4808940.0,"5409 Ponciana Drive,  Austin, TX  78744",(512) 414-2517,(512) 448-4869,http://www.houstonelementary.weebly.com,480894000322,30.196468,-97.75506999999999,Houston Elementary School,30.196468,-97.75506999999999,MS ELIA DIAZ-CAMARILLO,95.18,7.2,3.8,7.1,1.13,8.23,89.93,0.28,0.0,0.43,0.0
36,552,Joslin Elementary School,public,PK-5,289.0,4.0,4.0,Austin,TX,115.0,Austin Independent School District,4808940.0,"4500 Manchaca Road,  Austin, TX  78745",(512) 414-2094,(512) 443-3011,http://www.joslinelementary.org/,480894000325,30.228037,-97.79054000000001,Joslin Elementary School,30.228037,-97.79054000000001,PATRICK AZIZ,74.47,13.0,4.1,0.0,24.82,0.71,66.31,3.9,3.9,0.0,0.35
37,553,Lamar Middle School,public,6-8,895.0,7.0,4.0,Austin,TX,115.0,Austin Independent School District,4808940.0,"6201 Wynona Avenue,  Austin, TX  78757",(512) 414-3217,(512) 467-6862,http://lamarmiddleschool.org/,480894000326,30.337774,-97.74058000000001,Lamar Middle School,30.337774,-97.74058000000001,MR GEORGE LLEWELLYN,29.84,13.6,8.1,7.0,52.98,6.28,37.24,2.26,1.03,0.1,0.1
38,554,Lanier High School,public,9-12,1615.0,3.0,4.0,Austin,TX,115.0,Austin Independent School District,4808940.0,"1201 Payton Gin Road,  Austin, TX  78758",(512) 414-2514,(512) 832-1203,http://www.laniervikings.org/,480894000327,30.360209,-97.70832,Lanier High School,30.360209,-97.70832,MR RYAN HOPKINS,87.12,11.8,2.3,20.4,3.34,8.73,84.71,0.8,2.17,0.25,0.0
39,555,Lee Elementary School,public,PK-6,375.0,8.0,4.0,Austin,TX,115.0,Austin Independent School District,4808940.0,"3308 Hampton Road,  Austin, TX  78705",(512) 414-2098,(512) 478-4463,http://www.lee-elementary.org/,480894000328,30.29305,-97.72763,Lee Elementary School,30.29305,-97.72763,MR JOHN HEWLETT,13.6,7.1,3.9,0.0,66.67,4.8,20.53,5.87,2.13,0.0,0.0
40,560,Mccallum High School,public,9-12,1738.0,7.0,4.0,Austin,TX,115.0,Austin Independent School District,4808940.0,"5600 Sunshine Drive,  Austin, TX  78756",(512) 414-2519,(512) 453-2599,http://www.austinschools.org/mccallum,480894000333,30.327484000000002,-97.72887,Mccallum High School,30.327484000000002,-97.72887,MR MICHAEL GARRISON,28.88,10.4,7.0,4.9,46.72,11.16,35.04,4.03,2.36,0.52,0.17
41,563,Murchison Middle School,public,6-8,1365.0,7.0,4.0,Austin,TX,115.0,Austin Independent School District,4808940.0,"3700 North Hills Drive,  Austin, TX  78731",(512) 414-3254,(512) 343-1710,http://www.murchisonmatadors.org/,480894000336,30.353977,-97.75872,Murchison Middle School,30.353977,-97.75872,BRADLEY CLARK,25.42,8.1,8.7,3.8,48.06,6.01,30.33,5.35,10.04,0.22,0.0
42,565,O Henry Middle School,public,6-8,931.0,6.0,4.0,Austin,TX,115.0,Austin Independent School District,4808940.0,"2610 West 10th Street,  Austin, TX  78703",(512) 414-3229,(512) 477-7428,http://ohenrypta.org/,480894000338,30.285491999999998,-97.77376,O Henry Middle School,30.285491999999998,-97.77376,MS MARLO MALOTT,23.74,12.0,11.6,3.2,53.28,3.87,38.02,3.54,1.18,0.11,0.0
43,566,Oak Hill Elementary School,public,PK-5,871.0,6.0,4.0,Austin,TX,115.0,Austin Independent School District,4808940.0,"6101 Patton Ranch Road,  Austin, TX  78735",(512) 414-2336,(512) 892-2279,www.oakhillelementary.org,480894000339,30.237990999999997,-97.858765,Oak Hill Elementary School,30.237990999999997,-97.858765,MS LORI KOMASSA,39.48,7.7,6.4,2.1,41.74,1.78,46.14,4.64,5.23,0.36,0.12
44,571,Pease Elementary School,public,PK-6,260.0,7.0,4.0,Austin,TX,115.0,Austin Independent School District,4808940.0,"1106 Rio Grande Street,  Austin, TX  78701",(512) 414-4428,(512) 477-3009,www.peaseelementary.weebly.com,480894000344,30.275290999999996,-97.74803,Pease Elementary School,30.275290999999996,-97.74803,CYNTHIA JACKSON,15.36,4.2,8.5,0.0,51.31,11.99,31.46,5.24,0.0,0.0,0.0
45,573,Pillow Elementary School,public,PK-5,518.0,4.0,4.0,Austin,TX,115.0,Austin Independent School District,4808940.0,"3025 Crosscreek Drive,  Austin, TX  78757",(512) 414-2350,(512) 467-2513,http://archive.austinisd.org/schools/details.phtml?id=096,480894000346,30.369263,-97.73339,Pillow Elementary School,30.369263,-97.73339,YVETTE CARDENAS,75.68,8.3,3.3,9.5,16.99,14.29,58.49,5.6,4.44,0.19,0.0
46,576,Reagan High School,public,9-12,1302.0,3.0,4.0,Austin,TX,115.0,Austin Independent School District,4808940.0,"7104 Berkman Drive,  Austin, TX  78752",(512) 414-2523,(512) 452-7089,https://www.austinisd.org/schools/reagan,480894000350,30.324188,-97.69135,Reagan High School,30.324188,-97.69135,MR ISMAEL VILLAFANE,79.88,12.6,2.9,24.4,2.92,16.21,76.96,0.84,2.92,0.15,0.0
47,577,Reilly Elementary School,public,PK-5,274.0,7.0,4.0,Austin,TX,115.0,Austin Independent School District,4808940.0,"405 Denson Drive,  Austin, TX  78752",(512) 414-4464,(512) 453-1193,,480894000351,30.327883,-97.71982,Reilly Elementary School,30.327883,-97.71982,MS CORRINE SAENZ,90.88,8.1,1.6,21.3,7.3,3.65,83.21,1.09,4.38,0.36,0.0
48,578,Ridgetop Elementary School,public,PK-5,292.0,5.0,4.0,Austin,TX,115.0,Austin Independent School District,4808940.0,"5005 Caswell Avenue,  Austin, TX  78751",(512) 414-4469,(512) 459-9187,http://ridgetoprattlers.com/,480894000352,30.311796,-97.716255,Ridgetop Elementary School,30.311796,-97.716255,MR JOAQUIN GLORIA III,42.12,13.7,7.3,12.5,27.4,3.08,65.75,2.4,1.03,0.34,0.0
49,581,St Elmo El,public,PK-5,295.0,6.0,4.0,Austin,TX,115.0,Austin Independent School District,4808940.0,"600 West Saint Elmo Road,  Austin, TX  78745",(512) 414-4477,(512) 442-6871,http://stelmo.austinschools.org/,480894000357,30.222063000000002,-97.77338,St Elmo El,30.222063000000002,-97.77338,BEN MCCORMACK,85.34,6.8,2.4,0.0,8.47,4.23,83.71,1.3,2.28,0.0,0.0
50,582,Summitt Elementary School,public,PK-5,815.0,8.0,4.0,Austin,TX,115.0,Austin Independent School District,4808940.0,"12207 Brigadoon Lane,  Austin, TX  78727",(512) 414-4484,(512) 832-1458,http://summitteagles.org/,480894000358,30.418608000000003,-97.71907,Summitt Elementary School,30.418608000000003,-97.71907,MS DEBRA STANDISH,36.93,5.9,4.5,0.0,37.55,5.4,28.22,6.26,22.33,0.12,0.12
51,584,Travis High School,public,9-12,1291.0,3.0,4.0,Austin,TX,115.0,Austin Independent School District,4808940.0,"1211 East Oltorf Street,  Austin, TX  78704",(512) 414-2527,(512) 707-0050,travisrebels.org,480894000360,30.233839,-97.743256,Travis High School,30.233839,-97.743256,MR TY DAVIDSON,82.03,14.5,4.4,7.9,3.64,8.75,85.44,0.7,1.32,0.15,0.0
52,586,Walnut Creek Elementary School,public,PK-6,634.0,3.0,4.0,Austin,TX,115.0,Austin Independent School District,4808940.0,"401 West Braker Lane,  Austin, TX  78753",(512) 414-4499,(512) 837-6789,,480894000362,30.379194000000002,-97.68413000000001,Walnut Creek Elementary School,30.379194000000002,-97.68413000000001,MS DINORAH BORES,88.64,6.7,3.7,26.3,5.68,10.25,79.02,1.1,3.79,0.16,0.0
53,589,Wooldridge Elementary School,public,PK-5,630.0,5.0,4.0,Austin,TX,115.0,Austin Independent School District,4808940.0,"1412 Norseman Terrace,  Austin, TX  78758",(512) 414-2353,(512) 339-6583,http://wooldridge.weebly.com/,480894000366,30.364952000000002,-97.70985,Wooldridge Elementary School,30.364952000000002,-97.70985,MS SHERI MULL,95.71,6.2,2.1,20.7,4.13,6.03,82.86,0.63,6.35,0.0,0.0
54,592,Zilker Elementary School,public,PK-6,538.0,7.0,4.0,Austin,TX,115.0,Austin Independent School District,4808940.0,"1900 Bluebonnet Lane,  Austin, TX  78704",(512) 414-2327,(512) 442-3992,http://www.zilkerelem.org/,480894000369,30.252544,-97.77457,Zilker Elementary School,30.252544,-97.77457,ALICIA HILL,20.63,11.0,6.3,8.6,57.99,1.12,34.39,5.58,0.93,0.0,0.0
55,593,Webb Middle School,public,6-8,699.0,2.0,4.0,Austin,TX,115.0,Austin Independent School District,4808940.0,"601 East Saint Johns Avenue,  Austin, TX  78752",(512) 414-3258,(512) 452-9683,http://www.webbecp.org/,480894002468,30.332413,-97.70740500000001,Webb Middle School,30.332413,-97.70740500000001,MR RAUL SANCHEZ,95.28,16.7,5.6,9.5,1.43,8.15,87.98,1.43,0.86,0.14,0.0
56,596,Kiker Elementary School,public,PK-5,998.0,10.0,4.0,Austin,TX,115.0,Austin Independent School District,4808940.0,"5913 La Crosse Avenue,  Austin, TX  78739",(512) 414-2584,(512) 288-5779,http://www.kikerelementary.org/,480894002776,30.191557,-97.88125600000001,Kiker Elementary School,30.191557,-97.88125600000001,MS LORI SCHNEIDER,4.41,7.2,9.9,7.5,67.54,1.0,16.63,3.51,11.12,0.2,0.0
57,597,Allan Elementary School,public,PK-5,,,4.0,Austin,TX,115.0,Austin Independent School District,4808940.0,"4900 Gonzales Street,  Austin, TX  78702",(512) 414-2304,(512) 385-2512,,480894005394,30.255674,-97.69715,Allan Elementary School,30.255674,-97.69715,,,12.7,4.3,17.9,,,,,,,
58,604,Patton Elementary School,public,PK-5,973.0,6.0,4.0,Austin,TX,115.0,Austin Independent School District,4808940.0,"6001 Westcreek Drive,  Austin, TX  78749",(512) 414-1780,(512) 892-6541,http://www.pattonelementary.com/,480894006070,30.2318,-97.84553000000001,Patton Elementary School,30.2318,-97.84553000000001,DR AMANDA BRANTLEY,23.95,4.4,6.4,7.2,51.28,4.11,25.49,4.21,14.49,0.41,0.0
59,605,Kealing Middle School,public,6-8,1203.0,8.0,4.0,Austin,TX,115.0,Austin Independent School District,4808940.0,"1607 Pennsylvania Avenue,  Austin, TX  78702",(512) 414-3214,(512) 478-9133,http://www.kealingmiddleschool.org/,480894006207,30.270937,-97.72178000000001,Kealing Middle School,30.270937,-97.72178000000001,MS KENISHA COBURN,30.51,6.6,5.0,3.8,42.06,12.05,28.35,4.49,12.8,0.17,0.08
60,606,Covington Middle School,public,6-8,634.0,5.0,4.0,Austin,TX,115.0,Austin Independent School District,4808940.0,"3700 Convict Hill Road,  Austin, TX  78749",(512) 414-3276,(512) 892-4547,covingtoncolts.org   twitter @covington_colts,480894006208,30.211359,-97.83413,Covington Middle School,30.211359,-97.83413,TAI CHOICE,62.4,16.6,10.7,6.1,28.24,5.46,60.22,2.96,2.5,0.31,0.31
61,607,Mendez Middle School,public,6-8,790.0,1.0,4.0,Austin,TX,115.0,Austin Independent School District,4808940.0,"5106 Village Square Drive,  Austin, TX  78744",(512) 414-3284,(512) 442-5738,,480894006209,30.188675,-97.74306,Mendez Middle School,30.188675,-97.74306,CHRIS JONES,93.8,10.2,10.4,19.7,1.65,7.47,90.13,0.63,0.0,0.13,0.0
62,608,Boone Elementary School,public,PK-5,573.0,8.0,4.0,Austin,TX,115.0,Austin Independent School District,4808940.0,"8101 Croftwood Drive,  Austin, TX  78749",(512) 414-2537,(512) 280-3307,http://boone.austinschools.org/,480894006210,30.203723999999998,-97.840225,Boone Elementary School,30.203723999999998,-97.840225,ALAN STEVENS,48.17,16.0,8.9,2.8,40.84,4.19,43.63,5.24,5.76,0.35,0.0
63,610,Kocurek Elementary School,public,PK-5,544.0,4.0,4.0,Austin,TX,115.0,Austin Independent School District,4808940.0,"9800 Curlew Drive,  Austin, TX  78748",(512) 414-2547,(512) 282-7824,www.kocurekelementary.com,480894006212,30.177746000000003,-97.83525,Kocurek Elementary School,30.177746000000003,-97.83525,MS HEATHER SCHOLL,64.56,8.1,6.5,11.4,24.85,7.13,61.1,4.89,1.83,0.0,0.2
64,613,Bowie High School,public,9-12,2912.0,9.0,4.0,Austin,TX,115.0,Austin Independent School District,4808940.0,"4103 West Slaughter Lane,  Austin, TX  78749",(512) 414-5247,(512) 292-0527,,480894006508,30.186369,-97.85873000000001,Bowie High School,30.186369,-97.85873000000001,MARK ROBINSON,11.88,7.7,4.7,9.2,50.17,3.26,36.95,4.6,4.84,0.14,0.03
65,620,Mills Elementary School,public,PK-5,812.0,9.0,4.0,Austin,TX,115.0,Austin Independent School District,4808940.0,"6201 Davis Lane,  Austin, TX  78749",(512) 841-2400,(512) 841-2490,http://www.millspta.org/,480894008062,30.210917,-97.8782,Mills Elementary School,30.210917,-97.8782,MS LALLA BEACHUM,8.25,9.8,3.4,3.6,56.9,1.48,25.49,5.42,10.47,0.25,0.0
66,8615,Small Middle School,public,6-8,1006.0,5.0,4.0,Austin,TX,115.0,Austin Independent School District,4808940.0,"4801 Monterey Oaks Boulevard,  Austin, TX  78749",(512) 841-6700,(512) 841-6703,http://www.smallmiddleschool.org/,480894008390,30.233706,-97.84200000000001,Small Middle School,30.233706,-97.84200000000001,MR MATTHEW NELSON,30.82,9.0,11.2,7.0,48.21,4.67,38.87,4.47,3.48,0.3,0.0
67,8616,Casey Elementary School,public,PK-5,625.0,4.0,4.0,Austin,TX,115.0,Austin Independent School District,4808940.0,"9400 Texas Oaks Drive,  Austin, TX  78748",(512) 841-6900,(512) 841-6925,www.caseycrocodiles.com,480894008391,30.177266999999997,-97.81461,Casey Elementary School,30.177266999999997,-97.81461,MS LINA VILLARREAL,62.21,9.6,2.5,13.6,21.45,4.79,66.83,4.29,2.64,0.0,0.0
68,8618,Baranoff Elementary School,public,PK-5,984.0,9.0,4.0,Austin,TX,115.0,Austin Independent School District,4808940.0,"12009 Buckingham Gate Road,  Austin, TX  78748",(512) 841-7100,(512) 841-7104,http://www.baranoffschool.org/,480894008393,30.153902000000002,-97.852165,Baranoff Elementary School,30.153902000000002,-97.852165,MS MEGAN COUNIHAN,11.38,5.9,6.4,13.2,52.24,2.64,34.25,4.98,5.59,0.3,0.0
69,9146,Cowan Elementary School,public,PK-5,790.0,9.0,4.0,Austin,TX,115.0,Austin Independent School District,4808940.0,"2817 Kentish Drive,  Austin, TX  78748",(512) 841-2700,(512) 841-2755,http://www.cowancoyotes.org/,480894008940,30.188688,-97.83348000000001,Cowan Elementary School,30.188688,-97.83348000000001,MS DEBORAH WARNKEN,30.38,5.5,4.3,0.0,45.44,3.04,40.89,5.95,4.56,0.13,0.0
70,9663,Akins High School,public,9-12,2713.0,4.0,4.0,Austin,TX,115.0,Austin Independent School District,4808940.0,"10701 South 1st Street,  Austin, TX  78748",(512) 841-9900,(512) 841-9903,http://austinisd.org/,480894008937,30.148984999999996,-97.80185999999999,Akins High School,30.148984999999996,-97.80185999999999,MS TINA SALAZAR,66.27,11.7,4.5,11.4,10.5,8.18,76.82,1.51,2.8,0.07,0.11
71,10790,Baldwin Elementary School,public,PK-5,787.0,8.0,4.0,Austin,TX,115.0,Austin Independent School District,4808940.0,"12200 Meridian Park Boulevard,  Austin, TX  78739",(512) 841-8900,(512) 841-8901,http://www.baldwinpta.org/,480894011064,30.184890000000003,-97.923454,Baldwin Elementary School,30.184890000000003,-97.923454,MS JENNIFER MURRAY,13.09,6.7,4.3,5.3,60.36,0.89,26.3,5.34,6.86,0.25,0.0
72,10792,Overton Elementary School,public,PK-6,718.0,4.0,4.0,Austin,TX,115.0,Austin Independent School District,4808940.0,"7201 Colony Loop Drive,  Austin, TX  78724",(512) 841-9300,(512) 841-9301,,480894011066,30.300186,-97.6367,Overton Elementary School,30.300186,-97.6367,MS COURTNEY COLVIN,94.01,10.0,8.7,10.1,0.42,22.84,75.49,0.97,0.28,0.0,0.0
73,10795,Perez Elementary School,public,PK-5,752.0,4.0,4.0,Austin,TX,115.0,Austin Independent School District,4808940.0,"7500 South Pleasant Valley Road,  Austin, TX  78744",(512) 841-9100,,,480894011067,30.17085,-97.75624,Perez Elementary School,30.17085,-97.75624,MS KARA MITCHELL-SANTIBANEZ,90.16,6.2,3.1,19.6,3.72,6.91,87.77,1.06,0.13,0.27,0.13
74,11838,Richards School For Young Women Leade,public,6-12,787.0,9.0,4.0,Austin,TX,115.0,Austin Independent School District,4808940.0,"2206 Prather Lane,  Austin, TX  78704",(512) 414-3236,(512) 441-5208,,480894011354,30.236442999999998,-97.78828399999999,Richards School For Young Women Leade,30.236442999999998,-97.78828399999999,MS KRISTINA WAUGH,58.07,1.1,1.3,7.8,19.7,6.99,65.69,4.45,3.05,0.0,0.13
75,12100,Lbj High School,public,9-12,874.0,2.0,4.0,Austin,TX,115.0,Austin Independent School District,4808940.0,"7309 Lazy Creek Drive,  Austin, TX  78724",(512) 414-2543,(512) 414-7076,,480894011844,30.313496,-97.65666999999999,Lbj High School,30.313496,-97.65666999999999,MS SHEILA HENRY,77.8,,,,1.6,40.27,56.29,1.37,0.23,0.23,0.0
76,12101,Lasa High School,public,9-12,1016.0,10.0,4.0,Austin,TX,115.0,Austin Independent School District,4808940.0,"7309 Lazy Creek Drive,  Austin, TX  78724",(512) 414-2589,(512) 929-3955,,480894011930,30.313496,-97.65666999999999,Lasa High School,30.313496,-97.65666999999999,MS STACIA CRESCENZI,8.76,0.4,4.4,17.8,56.3,1.67,18.6,4.92,18.01,0.1,0.39
77,18848,Eastside Memorial High School,public,9-12,560.0,2.0,4.0,Austin,TX,115.0,Austin Independent School District,4808940.0,"1012 Arthur Stiles Road,  Austin, TX  78721",(512) 414-5810,(512) 414-6819,eastsidememorial.org,480894012013,30.257113,-97.68205999999999,Eastside Memorial High School,30.257113,-97.68205999999999,MIGUEL GARCIA,86.93,,,,3.09,15.97,78.58,0.54,1.45,0.36,0.0
78,519,Allison Elementary School,public,PK-6,545.0,7.0,3.0,Austin,TX,115.0,Austin Independent School District,4808940.0,"515 Vargas Road,  Austin, TX  78741",(512) 414-2004,(512) 385-0905,http://www.allisonelementary.com/,480894000291,30.235784999999996,-97.69203,Allison Elementary School,30.235784999999996,-97.69203,MS LUPE MOLINA,95.6,4.4,8.2,11.3,0.55,4.04,95.23,0.0,0.0,0.18,0.0
79,523,Barrington Elementary School,public,PK-6,627.0,4.0,3.0,Austin,TX,115.0,Austin Independent School District,4808940.0,"400 Cooper Drive,  Austin, TX  78753",(512) 414-2008,(512) 836-4077,http://molliebarringtonschool.weebly.com/,480894000296,30.360529,-97.69606999999999,Barrington Elementary School,30.360529,-97.69606999999999,MS GILMA SANCHEZ,94.74,11.7,0.4,16.3,1.75,8.77,88.52,0.8,0.0,0.0,0.16
80,530,Brooke Elementary School,public,PK-5,254.0,3.0,3.0,Austin,TX,115.0,Austin Independent School District,4808940.0,"3100 East 4th Street,  Austin, TX  78702",(512) 414-2043,(512) 385-3862,http://www.brookeelementary.org/,480894000303,30.254821999999997,-97.70851,Brooke Elementary School,30.254821999999997,-97.70851,GRISELDA GALINDO-VARGAS,94.09,14.7,9.2,0.0,3.15,9.45,87.01,0.0,0.0,0.39,0.0
81,531,Brown Elementary School,public,PK-6,358.0,4.0,3.0,Austin,TX,115.0,Austin Independent School District,4808940.0,"505 West Anderson Lane,  Austin, TX  78752",(512) 414-2047,(512) 452-6097,http://tabrown.austinschools.org/,480894000304,30.344769,-97.71034,Brown Elementary School,30.344769,-97.71034,MS VERONICA SHARP,95.81,10.8,7.5,17.1,3.91,5.31,89.66,0.56,0.56,0.0,0.0
82,533,Burnet Middle School,public,6-8,1020.0,2.0,3.0,Austin,TX,115.0,Austin Independent School District,4808940.0,"8401 Hathaway Drive,  Austin, TX  78757",(512) 414-3225,(512) 452-0695,http://burnet.austinschools.org/,480894000306,30.365074,-97.7256,Burnet Middle School,30.365074,-97.7256,MARVELIA DELAROSA,90.69,14.2,6.4,1.4,3.82,8.53,84.02,1.37,2.25,0.0,0.0
83,536,Cook Elementary School,public,PK-5,553.0,5.0,3.0,Austin,TX,115.0,Austin Independent School District,4808940.0,"1511 Cripple Creek Drive,  Austin, TX  78758",(512) 414-2510,(512) 837-5983,,480894000309,30.378002000000002,-97.70482,Cook Elementary School,30.378002000000002,-97.70482,MR FRAMY DIAZ,97.11,6.8,2.3,16.9,4.34,7.23,86.98,0.36,0.9,0.18,0.0
84,540,Dobie Middle School,public,6-8,579.0,3.0,3.0,Austin,TX,115.0,Austin Independent School District,4808940.0,"1200 East Rundberg Lane,  Austin, TX  78753",(512) 414-3270,(512) 836-8411,http://www.dobiecollegeprep.org/,480894000313,30.35455,-97.679375,Dobie Middle School,30.35455,-97.679375,JESSE DE LA HUERTA,91.32,14.2,5.5,5.2,2.21,13.72,80.91,1.1,2.05,0.0,0.0
85,546,Harris Elementary School,public,PK-6,629.0,4.0,3.0,Austin,TX,115.0,Austin Independent School District,4808940.0,"1711 Wheless Lane,  Austin, TX  78723",(512) 414-2085,(512) 929-7347,http://harriselem.tx.aie.schoolinsites.com/,480894000319,30.314829,-97.690765,Harris Elementary School,30.314829,-97.690765,MS MONICA MARTINEZ,96.5,9.5,2.1,4.4,2.54,9.38,81.08,0.48,5.72,0.64,0.16
86,556,Linder Elementary School,public,1-5,364.0,3.0,3.0,Austin,TX,115.0,Austin Independent School District,4808940.0,"2800 Metcalfe Road,  Austin, TX  78741",(512) 414-2398,(512) 447-3222,,480894000329,30.224209000000002,-97.73794000000001,Linder Elementary School,30.224209000000002,-97.73794000000001,MS BEVERLEY JONES ODOM,89.56,5.4,3.9,20.4,3.57,5.22,85.99,1.65,3.57,0.0,0.0
87,558,Martin Middle School,public,6-8,456.0,1.0,3.0,Austin,TX,115.0,Austin Independent School District,4808940.0,"1601 Haskell Street,  Austin, TX  78702",(512) 414-3243,(512) 320-0125,,480894000331,30.253086,-97.72986999999999,Martin Middle School,30.253086,-97.72986999999999,MR MONICA DE LA GARZA-CONNESS,91.89,19.2,9.1,2.1,1.75,16.23,80.92,0.44,0.66,0.0,0.0
88,564,Norman Elementary School,public,PK-6,319.0,6.0,3.0,Austin,TX,115.0,Austin Independent School District,4808940.0,"4001 Tannehill Lane,  Austin, TX  78721",(512) 414-2347,(512) 926-6321,,480894000337,30.278323999999998,-97.67397,Norman Elementary School,30.278323999999998,-97.67397,MS WENDY MILLS,96.87,11.0,3.8,16.7,2.19,51.72,44.51,0.63,0.0,0.63,0.31
89,568,Odom Elementary School,public,PK-5,542.0,6.0,3.0,Austin,TX,115.0,Austin Independent School District,4808940.0,"1010 Turtle Creek Boulevard,  Austin, TX  78745",(512) 414-2388,(512) 443-6170,,480894000341,30.20562,-97.78878,Odom Elementary School,30.20562,-97.78878,MS SONDRA MCWILLIAMS,91.51,9.1,2.3,4.8,5.35,4.98,88.38,1.11,0.18,0.0,0.0
90,572,Pecan Springs Elementary School,public,PK-6,464.0,5.0,3.0,Austin,TX,115.0,Austin Independent School District,4808940.0,"3100 Rogge Lane,  Austin, TX  78723",(512) 414-4445,(512) 926-0001,,480894000345,30.303139,-97.676315,Pecan Springs Elementary School,30.303139,-97.676315,MS ELAINE MCKINNEY,96.34,11.1,7.1,12.5,2.59,30.82,65.73,0.86,0.0,0.0,0.0
91,574,Pleasant Hill Elementary School,public,PK-5,566.0,5.0,3.0,Austin,TX,115.0,Austin Independent School District,4808940.0,"6405 Circle South Road,  Austin, TX  78745",(512) 414-4453,(512) 442-4741,,480894000347,30.196213,-97.77649,Pleasant Hill Elementary School,30.196213,-97.77649,MS KRISTI CISNEROS,87.46,9.2,8.5,10.3,4.06,7.07,86.93,1.41,0.53,0.0,0.0
92,579,Sanchez Elementary School,public,PK-5,407.0,5.0,3.0,Austin,TX,115.0,Austin Independent School District,4808940.0,"73 San Marcos Street,  Austin, TX  78702",(512) 414-4423,(512) 472-9493,http://sanchez.austinschools.org/,480894000355,30.257991999999998,-97.735054,Sanchez Elementary School,30.257991999999998,-97.735054,MS AZUCENA GARCIA,94.35,8.7,2.8,7.9,2.46,2.7,89.43,0.74,4.18,0.49,0.0
93,587,Williams Elementary School,public,PK-5,458.0,4.0,3.0,Austin,TX,115.0,Austin Independent School District,4808940.0,"500 Mairo Street,  Austin, TX  78748",(512) 414-2525,(512) 292-3041,williamswildcats.org,480894000364,30.180972999999998,-97.79151,Williams Elementary School,30.180972999999998,-97.79151,MS MARY CISNEROS,82.1,12.8,6.9,13.6,11.79,4.37,79.48,1.75,2.62,0.0,0.0
94,588,Winn Elementary School,public,PK-6,304.0,3.0,3.0,Austin,TX,115.0,Austin Independent School District,4808940.0,"3500 Susquehanna Lane,  Austin, TX  78723",(512) 414-2390,(512) 926-9211,,480894000365,30.314882,-97.66498,Winn Elementary School,30.314882,-97.66498,ANAYANSI BLESSUM,97.04,6.4,3.9,3.3,1.64,21.71,75.33,0.99,0.33,0.0,0.0
95,590,Wooten Elementary School,public,PK-5,613.0,6.0,3.0,Austin,TX,115.0,Austin Independent School District,4808940.0,"1406 Dale Drive,  Austin, TX  78757",(512) 414-2315,(512) 459-9227,http://wooten.austinschools.org/,480894000367,30.352916999999998,-97.71915,Wooten Elementary School,30.352916999999998,-97.71915,MR ANGELO SAN SEGUNDO,93.31,8.8,1.5,2.3,5.87,5.55,86.95,0.33,1.14,0.16,0.0
96,594,Jordan Elementary School,public,PK-6,674.0,5.0,3.0,Austin,TX,115.0,Austin Independent School District,4808940.0,"6711 Johnny Morris Road,  Austin, TX  78724",(512) 414-2578,(512) 926-8299,http://www.austinisd.org/,480894002470,30.301088,-97.646774,Jordan Elementary School,30.301088,-97.646774,MS ADRIENNE WILLIAMS,97.03,5.8,9.6,11.1,1.63,15.88,81.16,1.19,0.0,0.15,0.0
97,600,Langford Elementary School,public,PK-5,687.0,5.0,3.0,Austin,TX,115.0,Austin Independent School District,4808940.0,"2206 Blue Meadow Drive,  Austin, TX  78744",(512) 414-1765,(512) 447-4808,http://www.austinisd.org/,480894005398,30.182083000000002,-97.76337,Langford Elementary School,30.182083000000002,-97.76337,MS DOUNNA POTH,94.76,5.4,3.1,12.8,1.89,3.78,93.01,1.02,0.0,0.29,0.0
98,601,Bailey Middle School,public,6-8,873.0,6.0,3.0,Austin,TX,115.0,Austin Independent School District,4808940.0,"4020 Lost Oasis Hollow,  Austin, TX  78739",(512) 414-4990,(512) 292-0898,www.baileybears.org,480894005486,30.164225,-97.87241999999999,Bailey Middle School,30.164225,-97.87241999999999,MR JOHN ROCHA,26.83,10.5,7.7,4.8,39.45,4.36,48.28,4.01,3.78,0.11,0.0
99,609,Palm Elementary School,public,PK-5,481.0,6.0,3.0,Austin,TX,115.0,Austin Independent School District,4808940.0,"7601 Dixie Drive,  Austin, TX  78744",(512) 414-2545,(512) 280-2769,http://palm.austinschools.org/,480894006211,30.164824,-97.743675,Palm Elementary School,30.164824,-97.743675,MS RHODA COLEMAN,83.16,10.1,4.0,2.8,3.74,5.82,87.53,1.04,1.46,0.0,0.42
100,614,Galindo Elementary School,public,PK-5,585.0,3.0,3.0,Austin,TX,115.0,Austin Independent School District,4808940.0,"3800 South 2nd Street,  Austin, TX  78704",(512) 414-1756,(512) 414-0448,https://www.austinisd.org/schools/galindo,480894006509,30.229516999999998,-97.7719,Galindo Elementary School,30.229516999999998,-97.7719,MS NATASCHA BARRETA-ROMERO,94.19,13.2,11.7,8.3,4.96,4.27,88.89,1.54,0.34,0.0,0.0
101,619,Hart Elementary School,public,PK-5,692.0,7.0,3.0,Austin,TX,115.0,Austin Independent School District,4808940.0,"8301 Furness Drive,  Austin, TX  78753",(512) 841-2100,(512) 841-2190,https://www.austinisd.org/schools/hart,480894008061,30.342451,-97.68871,Hart Elementary School,30.342451,-97.68871,MR SONIA TOSH,96.53,8.6,2.0,10.3,4.77,9.1,81.21,0.43,4.34,0.14,0.0
102,8617,Rodriguez Elementary School,public,PK-5,701.0,2.0,3.0,Austin,TX,115.0,Austin Independent School District,4808940.0,"4400 Franklin Park Drive,  Austin, TX  78744",(512) 841-7200,(512) 841-7205,,480894008392,30.200659,-97.74725,Rodriguez Elementary School,30.200659,-97.74725,MONICA VILLASENOR,97.0,6.3,4.3,15.3,0.86,7.7,90.73,0.43,0.29,0.0,0.0
103,9142,Pickle Elementary School,public,PK-5,695.0,2.0,3.0,Austin,TX,115.0,Austin Independent School District,4808940.0,"1101 Wheatley Avenue,  Austin, TX  78752",(512) 841-8400,(512) 841-8444,https://www.austinisd.org/schools/pickle,480894009078,30.333408000000002,-97.693825,Pickle Elementary School,30.333408000000002,-97.693825,MR JOEL DE LA GARZA,96.26,7.7,2.1,10.2,1.44,7.34,90.65,0.14,0.29,0.14,0.0
104,9148,Mcbee Elementary School,public,PK-5,490.0,7.0,3.0,Austin,TX,115.0,Austin Independent School District,4808940.0,"1101 West Braker Lane,  Austin, TX  78758",(512) 841-2500,(512) 841-2333,,480894008939,30.38325,-97.69106,Mcbee Elementary School,30.38325,-97.69106,MAGGIE DELAROSA,95.31,6.9,4.5,9.9,1.84,4.49,91.63,1.02,1.02,0.0,0.0
105,9472,Paredes Middle School,public,6-8,997.0,4.0,3.0,Austin,TX,115.0,Austin Independent School District,4808940.0,"10100 South Mary Moore Searight Drive,  Austin, TX  78748",(512) 841-6800,(512) 841-7036,,480894008938,30.165659,-97.81159,Paredes Middle School,30.165659,-97.81159,MS VALERIA TORRES-SOLIS,72.52,11.5,8.2,3.1,9.93,7.42,78.13,1.91,2.01,0.4,0.2
106,10730,International High School,public,9-12,294.0,,3.0,Austin,TX,115.0,Austin Independent School District,4808940.0,"1012 Arthur Stiles Road,  Austin, TX  78721",(512) 414-6817,(512) 841-5621,http://www.austinisd.org/,480894011057,30.257113,-97.68205999999999,International High School,30.257113,-97.68205999999999,MS SUSAN GALVAN,96.6,0.0,1.4,14.8,3.4,4.76,86.05,0.34,5.44,0.0,0.0
107,10746,Gorzycki Middle School,public,6-8,1341.0,9.0,3.0,Austin,TX,115.0,Austin Independent School District,4808940.0,"7412 West Slaughter Lane,  Austin, TX  78749",(512) 841-8600,(512) 841-8601,http://www.gmstigers.com/,480894011059,30.214663,-97.89199,Gorzycki Middle School,30.214663,-97.89199,MS CATHRYN MITCHELL,4.77,7.2,11.0,4.9,62.71,1.94,23.71,4.1,7.38,0.15,0.0
108,10788,Blazier Elementary School,public,PK-5,842.0,7.0,3.0,Austin,TX,115.0,Austin Independent School District,4808940.0,"8601 Nuckols Crossing Road,  Austin, TX  78744",(512) 841-8800,(512) 841-8801,,480894011062,30.158,-97.754295,Blazier Elementary School,30.158,-97.754295,MS LETICIA PENA,74.47,10.7,3.3,9.6,10.21,5.58,79.69,2.02,1.9,0.59,0.0
109,611,Widen Elementary School,public,PK-5,450.0,1.0,2.0,Austin,TX,115.0,Austin Independent School District,4808940.0,"4500 Manchaca Road,  Austin, TX  78744",(512) 810-0633,(512) 441-8971,,480894006213,30.188713,-97.74008,Widen Elementary School,30.188713,-97.74008,MS JENNIFER PACE,94.52,8.8,3.8,12.8,0.88,8.48,89.58,0.71,0.0,0.35,0.0
110,18842,Daep- El,public,PK-6,16.0,,1.0,Austin,TX,115.0,Austin Independent School District,4808940.0,"906 West Milton Street,  Austin, TX  78704",(512) 414-2074,(512) 472-9029,,480894006356,30.250395,-97.75945,Daep- El,30.250395,-97.75945,MR JEFF BLACK,81.25,0.0,35.7,33.3,12.5,18.75,62.5,6.25,0.0,0.0,0.0
111,616,Leadership Academy,public,6-12,27.0,,,Austin,TX,115.0,Austin Independent School District,4808940.0,"2515 South Congress Avenue,  Austin, TX  78704",(512) 854-7077,(512) 476-2809,http://www.greatschools.org/texas/austin/616-Leadership-Academy/,480894007137,30.235638,-97.75366,Leadership Academy,30.235638,-97.75366,,48.15,14.9,0.0,0.0,3.7,40.74,55.56,0.0,0.0,0.0,0.0
112,8614,Phoenix Academy,public,6-12,34.0,,,Austin,TX,115.0,Austin Independent School District,4808940.0,"400 West Live Oak Street,  Austin, TX  78704",(512) 440-0613 x4721,(512) 440-0235,,480894008389,30.24414,-97.75614,Phoenix Academy,30.24414,-97.75614,MR HECTOR RODRIQUEZ,14.71,0.0,0.0,0.0,23.53,2.94,67.65,2.94,2.94,0.0,0.0
113,10789,Guerrero Thompson,public,PK-5,673.0,7.0,,Austin,TX,115.0,Austin Independent School District,4808940.0,"102 East Rundberg Lane,  Austin, TX  78753",(512) 414-8400,(512) 414-8401,,480894011063,30.363888,-97.691666,Guerrero Thompson,30.363888,-97.691666,MS LAKESHA DRINKS,97.33,,,,3.27,3.27,89.75,0.3,2.67,0.45,0.3
114,10791,Padron Elementary School,public,PK-5,772.0,7.0,,Austin,TX,115.0,Austin Independent School District,4808940.0,"1111 West 6th Street,  Austin, TX  78703",(512) 841-9600,(512) 841-9601,,480894011065,30.272375,-97.756516,Padron Elementary School,30.272375,-97.756516,MR RAFAEL SORIANO,97.67,,,,1.42,5.96,91.45,0.78,0.39,0.0,0.0
115,10849,Austin St Hospital,public,PK-12,19.0,,,Austin,TX,115.0,Austin Independent School District,4808940.0,"1111 West 6th Street,  Austin, TX  78703",(512) 499-1700,(512) 419-2560,,480894005646,30.272375,-97.756516,Austin St Hospital,30.272375,-97.756516,MS GLORIA WILLIAMS,0.0,55.0,0.0,0.0,52.63,21.05,21.05,5.26,0.0,0.0,0.0
116,18840,Travis County Day School,public,6-12,6.0,,,Austin,TX,115.0,Austin Independent School District,4808940.0,"8011 Cameron Road,  Austin, TX  78754",(512) 414-1700,(512) 414-1486,,480894012204,30.335696999999996,-97.68336,Travis County Day School,30.335696999999996,-97.68336,,50.0,20.0,0.0,0.0,0.0,16.67,83.33,0.0,0.0,0.0,0.0
117,24939,Garcia Ymla,public,6-8,425.0,3.0,,Austin,TX,115.0,Austin Independent School District,4808940.0,"7414 Johnny Morris Road,  Austin, TX  78724",(512) 841-9400,(512) 841-9401,,,30.311397999999997,-97.64303000000001,Garcia Ymla,30.311397999999997,-97.64303000000001,,93.88,,,,2.59,27.53,66.12,0.47,3.06,0.24,0.0
118,24678,Dell Children's Medical Center,public,PK-12,2.0,,,Austin,TX,115.0,Austin Independent School District,4808940.0,"4900 Mueller Boulevard,  Austin, TX  78723",(512) 324-0000,,,,30.303455,-97.70734399999999,Dell Children's Medical Center,30.303455,-97.70734399999999,DR GLORIA WILLIAMS,,,,,0.0,100.0,0.0,0.0,0.0,0.0,0.0
119,25080,Sadler Means Ywla,public,6-8,341.0,2.0,,Austin,TX,115.0,Austin Independent School District,4808940.0,"6401 North Hampton Drive,  Austin, TX  78723",(512) 414-3234,(512) 926-6146,,,30.313578000000003,-97.68073000000001,Sadler Means Ywla,30.313578000000003,-97.68073000000001,MS CHRISTINA ALMARAZ,88.89,,,,3.52,21.95,69.65,1.08,3.25,0.54,0.0
120,585,Travis Heights Elementary School,charter,PK-5,495.0,6.0,4.0,Austin,TX,115.0,Austin Independent School District,4808940.0,"2010 Alameda Drive,  Austin, TX  78704",(512) 414-4495,(512) 442-9537,http://www.travisheightselementary.com/,480894000361,30.241429999999998,-97.74596,Travis Heights Elementary School,30.241429999999998,-97.74596,MICHELLE AMEZQUITA-NAVARRO,66.67,10.3,5.7,5.5,22.22,7.66,65.71,1.92,2.3,0.19,0.0
121,20405,Premier High School At Travis,charter,9-12,123.0,1.0,,Austin,TX,115.0,Austin Independent School District,4808940.0,"1211 East Oltorf Street,  Austin, TX  78704",(512) 414-6635,(512) 707-0050,http://www.austinisd.org/,,30.233839,-97.743256,Premier High School At Travis,30.233839,-97.743256,,77.24,,,,3.25,7.32,89.43,0.0,0.0,0.0,0.0
122,20406,Premier High School At Lanier,charter,9-12,124.0,1.0,,Austin,TX,115.0,Austin Independent School District,4808940.0,"1201 Payton Gin Road,  Austin, TX  78758",(512) 414-2896,(512) 832-1203,,,30.360209,-97.70832,Premier High School At Lanier,30.360209,-97.70832,,79.03,,,,1.61,9.68,87.9,0.81,0.0,0.0,0.0
