year,district,campus,total_enroll,total_disadvtg,total_title1,total_atrisk,school_type,title1_rate,lat,lon,type,Street Address,ZIP,school_name
2014-2015,AUSTIN ISD,Austin High School,2085,599,11,792,High,0.5275779376498801,30.273598,-97.76814,public,1715 W CESAR CHAVEZ,78703.0,Austin High School
2014-2015,AUSTIN ISD,Lanier High School,1619,1386,1619,1220,High,100.0,30.360209,-97.70832,public,1201 PEYTON GIN RD,78758.0,Lanier High School
2014-2015,AUSTIN ISD,Mccallum High School,1648,524,33,677,High,2.0024271844660197,30.327484000000002,-97.72887,public,5600 SUNSHINE DR,78756.0,Mccallum High School
2014-2015,AUSTIN ISD,Reagan High School,1229,1012,1229,879,High,100.0,30.324188,-97.69135,public,7104 BERKMAN DR,78752.0,Reagan High School
2014-2015,AUSTIN ISD,Travis High School,1329,1138,1329,1019,High,100.0,30.233839,-97.743256,public,1211 E OLTORF ST,78704.0,Travis High School
2014-2015,AUSTIN ISD,Crockett High School,1498,993,19,847,High,1.2683578104138853,30.214724,-97.79739000000001,public,5601 MANCHACA RD,78745.0,Crockett High School
2014-2015,AUSTIN ISD,Anderson High School,2224,594,11,718,High,0.4946043165467626,30.37575,-97.75371,public,8403 MESA DR,78759.0,Anderson High School
2014-2015,AUSTIN ISD,Alternative Learning Center,166,134,9,166,High,5.421686746987952,30.268434999999997,-97.71007,public,900 NEAL ST,78702.0,Alternative Learning Center
2014-2015,AUSTIN ISD,Bowie High School,2871,408,2,729,High,0.06966213862765587,30.186369,-97.85873000000001,public,4103 SLAUGHTER LN,78749.0,Bowie High School
2014-2015,AUSTIN ISD,Lbj Highigh Schoolchool,853,711,853,572,High,100.0,,,,7309 LAZY CREEK DR,78724.0,Lbj Highigh Schoolchool
2014-2015,AUSTIN ISD,Garza Independence High School,190,79,15,150,High,7.894736842105262,30.277237,-97.72139,public,1600 CHICON,78702.0,Garza Independence High School
2014-2015,AUSTIN ISD,Akins High School,2667,1847,11,1555,High,0.4124484439445069,30.148984999999996,-97.80185999999999,public,10701 S 1ST ST,78748.0,Akins High School
2014-2015,AUSTIN ISD,Lasa High School,1002,119,0,41,High,0.0,30.313496,-97.65666999999999,public,7309 LAZY CREEK DR,78724.0,Lasa High School
2014-2015,AUSTIN ISD,Eastside Memorial At The Johnston,625,553,625,500,High,100.0,,,,,,
2014-2015,AUSTIN ISD,Premier High School At Travis,133,92,2,127,High,1.5037593984962403,30.233839,-97.743256,charter,,,
2014-2015,AUSTIN ISD,Premier High School At Travis,133,92,2,127,High,1.5037593984962403,30.233839,-97.743256,charter,,,
2014-2015,AUSTIN ISD,Premier High School At Travis,133,92,2,127,High,1.5037593984962403,30.233839,-97.743256,charter,,,
2014-2015,AUSTIN ISD,Premier High School At Lanier,122,76,2,113,High,1.639344262295082,30.360209,-97.70832,charter,,,
2014-2015,AUSTIN ISD,Premier High School At Lanier,122,76,2,113,High,1.639344262295082,30.360209,-97.70832,charter,,,
2014-2015,AUSTIN ISD,Premier High School At Lanier,122,76,2,113,High,1.639344262295082,30.360209,-97.70832,charter,,,
2014-2015,AUSTIN ISD,Travis County Day School,15,7,0,15,High,0.0,30.335696999999996,-97.68336,public,8011 CAMERON RD STE B,78754.0,Travis County Day School
2014-2015,AUSTIN ISD,Richards Sch For Young Women Leade,764,451,0,94,High,0.0,,,,,,
2014-2015,AUSTIN ISD,International High School,368,343,10,356,High,2.717391304347826,30.257113,-97.68205999999999,public,1012 ARTHUR STILES,78721.0,International High School
2014-2015,AUSTIN ISD,Travis County Juvenile Detention C,58,34,0,58,Other,0.0,,,,,,
2014-2015,AUSTIN ISD,Phoenix Academy,32,2,0,32,High,0.0,30.24414,-97.75614,public,400 W LIVE OAK,78704.0,Phoenix Academy
2014-2015,AUSTIN ISD,Leadership Academy,39,15,0,39,High,0.0,30.235638,-97.75366,public,2515 S CONGRESS,78704.0,Leadership Academy
2014-2015,AUSTIN ISD,Travis County J J A E P,2,2,2,2,Other,100.0,,,,1111 W 6TH ST,78703.0,Travis County J J A E P
2014-2015,AUSTIN ISD,Fulmore Middle School,952,684,952,442,Middle,100.0,30.243927000000003,-97.750465,public,201 E MARY ST,78704.0,Fulmore Middle School
2014-2015,AUSTIN ISD,Kealing Middle School,1188,395,1188,262,Middle,100.0,30.270937,-97.72178000000001,public,1607 PENNSYLVANIA AVE,78702.0,Kealing Middle School
2014-2015,AUSTIN ISD,Lamar Middle School,895,307,6,289,Middle,0.6703910614525139,30.337774,-97.74058000000001,public,6201 WYNONA AVE,78757.0,Lamar Middle School
2014-2015,AUSTIN ISD,Burnet Middle School,1138,1056,1138,835,Middle,100.0,30.365074,-97.7256,public,8401 HATHAWAY DR,78757.0,Burnet Middle School
2014-2015,AUSTIN ISD,O Henry Middle School,891,265,2,249,Middle,0.2244668911335578,30.285491999999998,-97.77376,public,,,
2014-2015,AUSTIN ISD,Martin Middle School,555,521,555,417,Middle,100.0,30.253086,-97.72986999999999,public,,,
2014-2015,AUSTIN ISD,Murchison Middle School,1363,378,7,403,Middle,0.5135730007336757,30.353977,-97.75872,public,,,
2014-2015,AUSTIN ISD,Webb Middle School,691,670,691,524,Middle,100.0,30.332413,-97.70740500000001,public,601 E ST JOHNS AVE,78752.0,Webb Middle School
2014-2015,AUSTIN ISD,Bedichek Middle School,969,807,969,565,Middle,100.0,30.196163000000002,-97.78622,public,,,
2014-2015,AUSTIN ISD,Dobie Middle School,691,633,691,463,Middle,100.0,30.35455,-97.679375,public,,,
2014-2015,AUSTIN ISD,Covington Middle School,634,412,2,319,Middle,0.3154574132492113,30.211359,-97.83413,public,,,
2014-2015,AUSTIN ISD,Mendez Middle School,842,801,842,642,Middle,100.0,30.188675,-97.74306,public,5106 VILLAGE SQ DR,78744.0,Mendez Middle School
2014-2015,AUSTIN ISD,Bailey Middle School,917,300,11,311,Middle,1.1995637949836424,30.164225,-97.87241999999999,public,4020 LOST OASIS HOLLOW,78739.0,Bailey Middle School
2014-2015,AUSTIN ISD,Small Middle School,1003,323,10,301,Middle,0.9970089730807578,30.233706,-97.84200000000001,public,4801 MONTEREY OAKS BLVD,78749.0,Small Middle School
2014-2015,AUSTIN ISD,Paredes Middle School,1032,759,1032,585,Middle,100.0,30.165659,-97.81159,public,10100 S MARY MOORE SEARIGHT DR,78748.0,Paredes Middle School
2014-2015,AUSTIN ISD,Gorzycki Middle,1330,61,2,148,Middle,0.15037593984962405,,,,7412 SLAUGHTER LN,78749.0,Gorzycki Middle
2014-2015,AUSTIN ISD,School For Young Men,391,377,166,290,Other,42.455242966751925,,,,,,
2014-2015,AUSTIN ISD,Sadler Means Ywla,341,319,166,262,Middle,48.680351906158364,30.313578000000003,-97.68073000000001,public,6401 N HAMPTON DR,78723.0,Sadler Means Ywla
2014-2015,AUSTIN ISD,Allison Elementary School,487,466,487,350,Elementary,100.0,30.235784999999996,-97.69203,public,515 VARGAS RD,78741.0,Allison Elementary School
2014-2015,AUSTIN ISD,Andrews Elementary School,657,640,657,562,Elementary,100.0,30.317553999999998,-97.679665,public,6801 NE DR,78723.0,Andrews Elementary School
2014-2015,AUSTIN ISD,Barton Hills Elementary School,419,34,2,77,Elementary,0.47732696897374705,30.254395000000002,-97.78335600000001,public,2108 BARTON HILLS DR,78704.0,Barton Hills Elementary School
2014-2015,AUSTIN ISD,Becker Elementary School,344,169,344,154,Elementary,100.0,30.250395,-97.75945,public,906 W MILTON,78704.0,Becker Elementary School
2014-2015,AUSTIN ISD,Blackshear Elementary School,276,252,276,167,Elementary,100.0,30.266968,-97.72216999999999,public,1712 E 11TH ST,78702.0,Blackshear Elementary School
2014-2015,AUSTIN ISD,Blanton Elementary School,542,472,542,405,Elementary,100.0,30.306929999999998,-97.69063,public,5408 WESTMINSTER DR,78723.0,Blanton Elementary School
2014-2015,AUSTIN ISD,Brentwood Elementary School,581,173,2,198,Elementary,0.3442340791738382,30.339640000000003,-97.731445,public,6700 ARROYO SECO ST,78757.0,Brentwood Elementary School
2014-2015,AUSTIN ISD,Brooke Elementary School,347,317,347,218,Elementary,100.0,30.254821999999997,-97.70851,public,3100 E 4TH ST,78702.0,Brooke Elementary School
2014-2015,AUSTIN ISD,Brown Elementary School,411,392,411,330,Elementary,100.0,30.344769,-97.71034,public,505 W ANDERSON LN,78752.0,Brown Elementary School
2014-2015,AUSTIN ISD,Bryker Woods Elementary School,393,40,2,67,Elementary,0.5089058524173028,30.304869,-97.750626,public,3309 KERBEY LN,78703.0,Bryker Woods Elementary School
2014-2015,AUSTIN ISD,Campbelementary Schooll Elementary School,253,243,253,149,Elementary,100.0,,,,2613 ROGERS AVE,78722.0,Campbelementary Schooll Elementary School
2014-2015,AUSTIN ISD,Casis Elementary School,806,23,0,124,Elementary,0.0,30.304344,-97.76505,public,2710 EXPOSITION BLVD,78703.0,Casis Elementary School
2014-2015,AUSTIN ISD,Cunningham Elementary School,405,278,36,220,Elementary,8.888888888888891,30.210476,-97.80581,public,2200 BERKELEY AVE,78745.0,Cunningham Elementary School
2014-2015,AUSTIN ISD,Dawson Elementary School,335,289,335,195,Elementary,100.0,30.234061999999998,-97.76337,public,3001 S 1ST ST,78704.0,Dawson Elementary School
2014-2015,AUSTIN ISD,Daep- Elementary School,10,9,2,10,Elementary,20.0,,,,906 W MILTON,78704.0,Daep- Elementary School
2014-2015,AUSTIN ISD,Govalle Elementary School,547,497,547,394,Elementary,100.0,30.210511999999998,-97.65354,public,3601 VALLE AVE,78702.0,Govalle Elementary School
2014-2015,AUSTIN ISD,Gullett Elementary School,557,43,2,75,Elementary,0.3590664272890485,30.343542,-97.74866999999999,public,6310 TREADWELL BLVD,78731.0,Gullett Elementary School
2014-2015,AUSTIN ISD,Harris Elementary School,667,651,667,568,Elementary,100.0,30.314829,-97.690765,public,1711 WHELESS LN,78723.0,Harris Elementary School
2014-2015,AUSTIN ISD,Highland Park Elementary School,640,37,0,98,Elementary,0.0,30.330692,-97.76005,public,4900 FAIRVIEW DR,78731.0,Highland Park Elementary School
2014-2015,AUSTIN ISD,Joslin Elementary School,289,236,289,167,Elementary,100.0,30.228037,-97.79054000000001,public,4500 MANCHACA RD,78745.0,Joslin Elementary School
2014-2015,AUSTIN ISD,Lee Elementary School,390,68,2,97,Elementary,0.5128205128205128,30.29305,-97.72763,public,3308 HAMPTON RD,78705.0,Lee Elementary School
2014-2015,AUSTIN ISD,Maplewood Elementary School,417,192,8,125,Elementary,1.9184652278177456,30.293337,-97.714905,public,3808 MAPLEWOOD AVE,78722.0,Maplewood Elementary School
2014-2015,AUSTIN ISD,Mathews Elementary School,410,156,73,131,Elementary,17.804878048780488,30.278215000000003,-97.760796,public,906 W LYNN ST,78703.0,Mathews Elementary School
2014-2015,AUSTIN ISD,Metz Elementary School,360,324,360,260,Elementary,100.0,30.254284000000002,-97.721725,public,84 ROBERT MARTINEZ JR ST,78702.0,Metz Elementary School
2014-2015,AUSTIN ISD,Oak Springs Elementary School,306,303,306,170,Elementary,100.0,30.271786,-97.70484,public,3601 WEBBERVILLE RD,78702.0,Oak Springs Elementary School
2014-2015,AUSTIN ISD,Ortega Elementary School,326,308,326,192,Elementary,100.0,30.269996999999996,-97.68428,public,1135 GARLAND AVE,78721.0,Ortega Elementary School
2014-2015,AUSTIN ISD,Sanchez Elementary School,436,418,436,363,Elementary,100.0,30.257991999999998,-97.735054,public,73 SAN MARCOS ST,78702.0,Sanchez Elementary School
2014-2015,AUSTIN ISD,Pease Elementary School,257,49,2,72,Elementary,0.7782101167315175,30.275290999999996,-97.74803,public,1106 RIO GRANDE ST,78701.0,Pease Elementary School
2014-2015,AUSTIN ISD,Pecan Springs Elementary School,452,439,452,336,Elementary,100.0,30.303139,-97.676315,public,3100 ROGGE LN,78723.0,Pecan Springs Elementary School
2014-2015,AUSTIN ISD,Pleasant Hill Elementary School,527,475,527,359,Elementary,100.0,30.196213,-97.77649,public,6405 CIR S RD,78745.0,Pleasant Hill Elementary School
2014-2015,AUSTIN ISD,Read Pre-K Demonstration Sch,314,304,2,210,Other,0.6369426751592356,,,,,,
2014-2015,AUSTIN ISD,Reilly Elementary School,277,249,277,216,Elementary,100.0,30.327883,-97.71982,public,405 DENSON DR,78752.0,Reilly Elementary School
2014-2015,AUSTIN ISD,Ridgetop Elementary School,302,135,16,177,Elementary,5.298013245033113,30.311796,-97.716255,public,5005 CASWELL AVE,78751.0,Ridgetop Elementary School
2014-2015,AUSTIN ISD,St Elementary Schoolmo Elementary School,292,262,292,179,Elementary,100.0,,,,600 W ST ELMO RD,78745.0,St Elementary Schoolmo Elementary School
2014-2015,AUSTIN ISD,Summitt Elementary School,774,271,2,369,Elementary,0.25839793281653745,30.418608000000003,-97.71907,public,12207 BRIGADOON LN,78727.0,Summitt Elementary School
2014-2015,AUSTIN ISD,Sims Elementary School,228,217,228,139,Elementary,100.0,30.27941,-97.6854,public,1203 SPRINGDALE RD,78721.0,Sims Elementary School
2014-2015,AUSTIN ISD,Travis Hts Elementary School,498,363,498,306,Elementary,100.0,,,,2010 ALAMEDA DR,78704.0,Travis Hts Elementary School
2014-2015,AUSTIN ISD,Walnut Creek Elementary School,661,605,661,554,Elementary,100.0,30.379194000000002,-97.68413000000001,public,401 W BRAKER LN,78753.0,Walnut Creek Elementary School
2014-2015,AUSTIN ISD,Patton Elementary School,945,215,2,346,Elementary,0.21164021164021166,30.2318,-97.84553000000001,public,6001 WESTCREEK DR,78749.0,Patton Elementary School
2014-2015,AUSTIN ISD,Wooten Elementary School,725,683,725,628,Elementary,100.0,30.352916999999998,-97.71915,public,1406 DALE DR,78757.0,Wooten Elementary School
2014-2015,AUSTIN ISD,Zavala Elementary School,400,388,400,233,Elementary,100.0,30.258271999999998,-97.71954000000001,public,310 ROBERT MARTINEZ JR ST,78702.0,Zavala Elementary School
2014-2015,AUSTIN ISD,Zilker Elementary School,567,156,5,150,Elementary,0.8818342151675485,30.252544,-97.77457,public,1900 BLUEBONNET LN,78704.0,Zilker Elementary School
2014-2015,AUSTIN ISD,Menchaca Elementary School,717,354,33,279,Elementary,4.602510460251046,,,,P O BOX 759,78652.0,Menchaca Elementary School
2014-2015,AUSTIN ISD,Oak Hill Elementary School,803,330,282,366,Elementary,35.118306351183065,30.237990999999997,-97.858765,public,6101 PATTON RANCH RD,78735.0,Oak Hill Elementary School
2014-2015,AUSTIN ISD,Barrington Elementary School,588,571,588,477,Elementary,100.0,30.360529,-97.69606999999999,public,400 COOPER DR,78753.0,Barrington Elementary School
2014-2015,AUSTIN ISD,Norman Elementary School,299,287,299,183,Elementary,100.0,30.278323999999998,-97.67397,public,4001 TANNEHILL LN,78721.0,Norman Elementary School
2014-2015,AUSTIN ISD,Pillow Elementary School,582,422,139,369,Elementary,23.88316151202749,30.369263,-97.73339,public,3025 CROSSCREEK DR,78757.0,Pillow Elementary School
2014-2015,AUSTIN ISD,Wooldridge Elementary School,572,550,572,497,Elementary,100.0,30.364952000000002,-97.70985,public,1412 NORSEMAN TER,78758.0,Wooldridge Elementary School
2014-2015,AUSTIN ISD,Doss Elementary School,919,120,2,224,Elementary,0.2176278563656148,30.356087,-97.76281,public,7005 NORTHLEDGE DR,78731.0,Doss Elementary School
2014-2015,AUSTIN ISD,Hill Elementary School,890,82,0,177,Elementary,0.0,30.376625,-97.74854,public,8601 TALLWOOD DR,78759.0,Hill Elementary School
2014-2015,AUSTIN ISD,Odom Elementary School,546,499,546,352,Elementary,100.0,30.20562,-97.78878,public,1010 TURTLE CREEK BLVD,78745.0,Odom Elementary School
2014-2015,AUSTIN ISD,Winn Elementary School,338,328,338,261,Elementary,100.0,30.314882,-97.66498,public,3500 SUSQUEHANNA LN,78723.0,Winn Elementary School
2014-2015,AUSTIN ISD,Sunset Valley Elementary School,518,339,123,300,Elementary,23.745173745173744,,,,3000 JONES RD,78745.0,Sunset Valley Elementary School
2014-2015,AUSTIN ISD,Graham Elementary School,768,674,768,539,Elementary,100.0,30.372359999999997,-97.66886,public,11211 TOM ADAMS DR,78753.0,Graham Elementary School
2014-2015,AUSTIN ISD,Linder Elementary School,412,396,412,314,Elementary,100.0,30.224209000000002,-97.73794000000001,public,2800 METCALFE RD,78741.0,Linder Elementary School
2014-2015,AUSTIN ISD,Cook Elementary School,643,619,643,556,Elementary,100.0,30.378002000000002,-97.70482,public,1511 CRIPPLE CREEK DR,78758.0,Cook Elementary School
2014-2015,AUSTIN ISD,Houston Elementary School,765,743,765,563,Elementary,100.0,30.196468,-97.75506999999999,public,5409 PONCIANA DR,78744.0,Houston Elementary School
2014-2015,AUSTIN ISD,Hart Elementary School,717,695,717,638,Elementary,100.0,30.342451,-97.68871,public,8301 FURNESS,78753.0,Hart Elementary School
2014-2015,AUSTIN ISD,Pickle Elementary School,746,725,746,670,Elementary,100.0,30.333408000000002,-97.693825,public,1101 WHEATLEY,78752.0,Pickle Elementary School
2014-2015,AUSTIN ISD,Mcbee Elementary School,531,507,531,451,Elementary,100.0,30.38325,-97.69106,public,1101 W BRAKER LN,78758.0,Mcbee Elementary School
2014-2015,AUSTIN ISD,Williams Elementary School,513,429,513,282,Elementary,100.0,30.180972999999998,-97.79151,public,500 MAIRO ST,78748.0,Williams Elementary School
2014-2015,AUSTIN ISD,Langford Elementary School,741,701,741,587,Elementary,100.0,30.182083000000002,-97.76337,public,2206 BLUE MEADOW DR,78744.0,Langford Elementary School
2014-2015,AUSTIN ISD,Boone Elementary School,499,219,5,114,Elementary,1.002004008016032,30.203723999999998,-97.840225,public,8101 CROFTWOOD RD,78749.0,Boone Elementary School
2014-2015,AUSTIN ISD,Palm Elementary School,516,430,516,327,Elementary,100.0,30.164824,-97.743675,public,7601 DIXIE DR,78744.0,Palm Elementary School
2014-2015,AUSTIN ISD,Kocurek Elementary School,539,379,2,258,Elementary,0.3710575139146568,30.177746000000003,-97.83525,public,9800 CURLEW DR,78748.0,Kocurek Elementary School
2014-2015,AUSTIN ISD,Casey Elementary School,665,451,127,287,Elementary,19.097744360902254,30.177266999999997,-97.81461,public,9400 TEXAS OAKS DR,78748.0,Casey Elementary School
2014-2015,AUSTIN ISD,Rodriguez Elementary School,793,772,793,633,Elementary,100.0,30.200659,-97.74725,public,4400 FRANKLIN PARK DR,78744.0,Rodriguez Elementary School
2014-2015,AUSTIN ISD,Widen Elementary School,589,559,589,447,Elementary,100.0,30.188713,-97.74008,public,5605 NUCKOLS CROSSING RD,78744.0,Widen Elementary School
2014-2015,AUSTIN ISD,Galindo Elementary School,591,544,591,429,Elementary,100.0,30.229516999999998,-97.7719,public,3800 S 2ND ST,78704.0,Galindo Elementary School
2014-2015,AUSTIN ISD,Uphaus Early Childhood Center,236,225,236,168,Elementary,100.0,,,,5200 FREIDRICH LN,78744.0,Uphaus Early Childhood Center
2014-2015,AUSTIN ISD,Jordan Elementary School,762,739,762,605,Elementary,100.0,30.301088,-97.646774,public,6711 JOHNNY MORRIS RD,78724.0,Jordan Elementary School
2014-2015,AUSTIN ISD,Davis Elementary School,739,176,2,237,Elementary,0.2706359945872801,30.418246999999997,-97.74218,public,5214 DUVAL RD,78727.0,Davis Elementary School
2014-2015,AUSTIN ISD,Kiker Elementary School,1022,31,0,211,Elementary,0.0,30.191557,-97.88125600000001,public,5913 LA CROSSE AVE,78739.0,Kiker Elementary School
2014-2015,AUSTIN ISD,Mills Elementary School,802,57,0,195,Elementary,0.0,30.210917,-97.8782,public,6201 DAVIS LN,78749.0,Mills Elementary School
2014-2015,AUSTIN ISD,Baranoff Elementary School,994,112,2,249,Elementary,0.2012072434607646,30.153902000000002,-97.852165,public,12009 BUCKINGHAM GATE RD,78748.0,Baranoff Elementary School
2014-2015,AUSTIN ISD,Cowan Elementary School,800,253,7,218,Elementary,0.875,30.188688,-97.83348000000001,public,2817 KENTISH DR,78748.0,Cowan Elementary School
2014-2015,AUSTIN ISD,Clayton Elementary School,881,27,0,140,Elementary,0.0,30.194855,-97.906334,public,7525 LA CROSSE AVE,78739.0,Clayton Elementary School
2014-2015,AUSTIN ISD,Blazier Elementary School,967,738,967,580,Elementary,100.0,30.158,-97.754295,public,8601 NUCKOLS CROSSING RD,78744.0,Blazier Elementary School
2014-2015,AUSTIN ISD,Guerrero Thompson,690,675,2,615,Middle,0.2898550724637681,30.363888,-97.691666,public,102 E RUNDBERG,78753.0,Guerrero Thompson
2014-2015,AUSTIN ISD,Baldwin Elementary School,742,85,0,176,Elementary,0.0,30.184890000000003,-97.923454,public,12200 MERIDIAN PARK BLVD,78739.0,Baldwin Elementary School
2014-2015,AUSTIN ISD,Padron Elementary School,693,676,224,603,Elementary,32.323232323232325,30.272375,-97.756516,public,1111 W 6TH ST,78703.0,Padron Elementary School
2014-2015,AUSTIN ISD,Overton Elementary School,650,623,650,503,Elementary,100.0,30.300186,-97.6367,public,7201 COLONY LOOP DR,78724.0,Overton Elementary School
2014-2015,AUSTIN ISD,Perez Elementary School,804,739,804,579,Elementary,100.0,30.17085,-97.75624,public,7500 S PLEASANT VLY RD,78744.0,Perez Elementary School
2014-2015,AUSTIN ISD,Dobie Pk Center,256,252,0,196,Other,0.0,,,,1200 RUNDBERG LN,78753.0,Dobie Pk Center
2014-2015,AUSTIN ISD,Webb Pri Center,249,242,249,231,Elementary,100.0,,,,601 E ST JOHNS AVE,78752.0,Webb Pri Center
2014-2015,AUSTIN ISD,Delementary Schooll Children'S Medical Center,2,0,0,2,Elementary,0.0,,,,4900 MUELLER BLVD,78723.0,Delementary Schooll Children'S Medical Center
2014-2015,AUSTIN ISD,Austin St Hospital,20,0,0,20,High,0.0,30.272375,-97.756516,public,1111 W 6TH ST,78703.0,Austin St Hospital
2014-2015,AUSTIN ISD,Rosedale,239,94,0,132,Elementary,0.0,30.320051,-97.74019,public,2117 W 49TH ST,78756.0,Rosedale
2015-2016,AUSTIN ISD,Austin High School,2084,597,15,871,High,0.7197696737044146,30.273598,-97.76814,public,1715 W CESAR CHAVEZ,78703.0,Austin High School
2015-2016,AUSTIN ISD,Lanier High School,1615,1407,1615,1247,High,100.0,30.360209,-97.70832,public,1201 PEYTON GIN RD,78758.0,Lanier High School
2015-2016,AUSTIN ISD,Mccallum High School,1738,502,19,736,High,1.093210586881473,30.327484000000002,-97.72887,public,5600 SUNSHINE DR,78756.0,Mccallum High School
2015-2016,AUSTIN ISD,Reagan High School,1302,1040,1302,1001,High,100.0,30.324188,-97.69135,public,7104 BERKMAN DR,78752.0,Reagan High School
2015-2016,AUSTIN ISD,Travis High School,1291,1059,1290,1008,High,99.92254066615028,30.233839,-97.743256,public,1211 E OLTORF ST,78704.0,Travis High School
2015-2016,AUSTIN ISD,Crockett High School,1462,870,38,894,High,2.5991792065663475,30.214724,-97.79739000000001,public,5601 MANCHACA RD,78745.0,Crockett High School
2015-2016,AUSTIN ISD,Anderson High School,2270,518,16,756,High,0.7048458149779736,30.37575,-97.75371,public,8403 MESA DR,78759.0,Anderson High School
2015-2016,AUSTIN ISD,Alternative Learning Center,116,94,2,110,High,1.7241379310344829,30.268434999999997,-97.71007,public,900 NEAL ST,78702.0,Alternative Learning Center
2015-2016,AUSTIN ISD,Bowie High School,2912,346,9,764,High,0.3090659340659341,30.186369,-97.85873000000001,public,4103 SLAUGHTER LN,78749.0,Bowie High School
2015-2016,AUSTIN ISD,Lbj Highigh Schoolchool,874,680,874,641,High,100.0,,,,7309 LAZY CREEK DR,78724.0,Lbj Highigh Schoolchool
2015-2016,AUSTIN ISD,Garza Independence High School,192,56,8,154,High,4.166666666666667,30.277237,-97.72139,public,1600 CHICON,78702.0,Garza Independence High School
2015-2016,AUSTIN ISD,Akins High School,2713,1798,43,1712,High,1.58496129745669,30.148984999999996,-97.80185999999999,public,10701 S 1ST ST,78748.0,Akins High School
2015-2016,AUSTIN ISD,Lasa High School,1016,89,0,29,High,0.0,30.313496,-97.65666999999999,public,7309 LAZY CREEK DR,78724.0,Lasa High School
2015-2016,AUSTIN ISD,Eastside Memorial At The Johnston,551,479,551,458,High,100.0,,,,,,
2015-2016,AUSTIN ISD,Graduation Prep Academy Travis,123,95,6,119,Other,4.878048780487805,,,,1211 E OLTORF,78704.0,Graduation Prep Academy Travis
2015-2016,AUSTIN ISD,Graduation Prep Academy Lanier,124,98,10,120,Other,8.064516129032258,,,,1201 PAYTON GIN RD,78758.0,Graduation Prep Academy Lanier
2015-2016,AUSTIN ISD,Travis County Day School,6,2,2,6,High,33.333333333333336,30.335696999999996,-97.68336,public,8011 CAMERON RD STE B,78754.0,Travis County Day School
2015-2016,AUSTIN ISD,Richards Sch For Young Women Leade,787,457,0,122,High,0.0,,,,,,
2015-2016,AUSTIN ISD,International High School,294,284,12,291,High,4.081632653061225,30.257113,-97.68205999999999,public,1012 ARTHUR STILES,78721.0,International High School
2015-2016,AUSTIN ISD,Travis County Juvenile Detention C,41,20,2,41,Other,4.878048780487805,,,,,,
2015-2016,AUSTIN ISD,Phoenix Academy,34,5,2,34,High,5.882352941176472,30.24414,-97.75614,public,400 W LIVE OAK,78704.0,Phoenix Academy
2015-2016,AUSTIN ISD,Leadership Academy,27,13,0,27,High,0.0,30.235638,-97.75366,public,2515 S CONGRESS,78704.0,Leadership Academy
2015-2016,AUSTIN ISD,Travis County J J A E P,2,2,0,2,Other,0.0,,,,1111 W 6TH ST,78703.0,Travis County J J A E P
2015-2016,AUSTIN ISD,Fulmore Middle School,1007,684,1007,512,Middle,100.0,30.243927000000003,-97.750465,public,201 E MARY ST,78704.0,Fulmore Middle School
2015-2016,AUSTIN ISD,Kealing Middle School,1203,367,1203,287,Middle,100.0,30.270937,-97.72178000000001,public,1607 PENNSYLVANIA AVE,78702.0,Kealing Middle School
2015-2016,AUSTIN ISD,Lamar Middle School,972,290,2,307,Middle,0.20576131687242802,30.337774,-97.74058000000001,public,6201 WYNONA AVE,78757.0,Lamar Middle School
2015-2016,AUSTIN ISD,Burnet Middle School,1020,925,1020,815,Middle,100.0,30.365074,-97.7256,public,8401 HATHAWAY DR,78757.0,Burnet Middle School
2015-2016,AUSTIN ISD,O Henry Middle School,931,221,2,273,Middle,0.21482277121374865,30.285491999999998,-97.77376,public,,,
2015-2016,AUSTIN ISD,Martin Middle School,456,419,456,364,Middle,100.0,30.253086,-97.72986999999999,public,,,
2015-2016,AUSTIN ISD,Murchison Middle,1365,347,2,420,Middle,0.14652014652014653,,,,3700 N HILLS DR,78731.0,Murchison Middle
2015-2016,AUSTIN ISD,Webb Middle School,699,666,699,575,Middle,100.0,30.332413,-97.70740500000001,public,601 E ST JOHNS AVE,78752.0,Webb Middle School
2015-2016,AUSTIN ISD,Bedichek Middle,908,731,908,603,Middle,100.0,,,,6800 BILL HUGHES RD,78745.0,Bedichek Middle
2015-2016,AUSTIN ISD,Dobie Middle,634,579,634,492,Middle,100.0,,,,1200 RUNDBERG LN,78753.0,Dobie Middle
2015-2016,AUSTIN ISD,Covington Middle School,641,400,7,354,Middle,1.0920436817472698,30.211359,-97.83413,public,,,
2015-2016,AUSTIN ISD,Mendez Middle School,790,741,790,652,Middle,100.0,30.188675,-97.74306,public,5106 VILLAGE SQ DR,78744.0,Mendez Middle School
2015-2016,AUSTIN ISD,Bailey Middle School,872,234,2,288,Middle,0.22935779816513766,30.164225,-97.87241999999999,public,4020 LOST OASIS HOLLOW,78739.0,Bailey Middle School
2015-2016,AUSTIN ISD,Small Middle School,1006,310,5,351,Middle,0.4970178926441352,30.233706,-97.84200000000001,public,4801 MONTEREY OAKS BLVD,78749.0,Small Middle School
2015-2016,AUSTIN ISD,Paredes Middle School,997,723,997,613,Middle,100.0,30.165659,-97.81159,public,10100 S MARY MOORE SEARIGHT DR,78748.0,Paredes Middle School
2015-2016,AUSTIN ISD,Gorzycki Middle,1341,64,0,192,Middle,0.0,,,,7412 SLAUGHTER LN,78749.0,Gorzycki Middle
2015-2016,AUSTIN ISD,Garcia Ymla,425,399,425,339,Other,100.0,30.311397999999997,-97.64303000000001,public,7414 JOHNNY MORRIS RD,78724.0,Garcia Ymla
2015-2016,AUSTIN ISD,Sadler Means Ywla,369,328,369,297,Middle,100.0,30.313578000000003,-97.68073000000001,public,6401 N HAMPTON DR,78723.0,Sadler Means Ywla
2015-2016,AUSTIN ISD,Allison Elementary School,545,521,545,412,Elementary,100.0,30.235784999999996,-97.69203,public,515 VARGAS RD,78741.0,Allison Elementary School
2015-2016,AUSTIN ISD,Andrews Elementary School,594,570,594,524,Elementary,100.0,30.317553999999998,-97.679665,public,6801 NE DR,78723.0,Andrews Elementary School
2015-2016,AUSTIN ISD,Barton Hills Elementary School,407,31,2,81,Elementary,0.4914004914004914,30.254395000000002,-97.78335600000001,public,2108 BARTON HILLS DR,78704.0,Barton Hills Elementary School
2015-2016,AUSTIN ISD,Becker Elementary School,377,161,377,153,Elementary,100.0,30.250395,-97.75945,public,906 W MILTON,78704.0,Becker Elementary School
2015-2016,AUSTIN ISD,Blackshear Elementary School,291,236,291,158,Elementary,100.0,30.266968,-97.72216999999999,public,1712 E 11TH ST,78702.0,Blackshear Elementary School
2015-2016,AUSTIN ISD,Blanton Elementary School,479,392,479,368,Elementary,100.0,30.306929999999998,-97.69063,public,5408 WESTMINSTER DR,78723.0,Blanton Elementary School
2015-2016,AUSTIN ISD,Brentwood Elementary School,617,161,2,242,Elementary,0.3241491085899514,30.339640000000003,-97.731445,public,6700 ARROYO SECO ST,78757.0,Brentwood Elementary School
2015-2016,AUSTIN ISD,Brooke Elementary School,254,239,254,172,Elementary,100.0,30.254821999999997,-97.70851,public,3100 E 4TH ST,78702.0,Brooke Elementary School
2015-2016,AUSTIN ISD,Brown Elementary School,358,343,358,313,Elementary,100.0,30.344769,-97.71034,public,505 W ANDERSON LN,78752.0,Brown Elementary School
2015-2016,AUSTIN ISD,Bryker Woods Elementary School,400,39,0,99,Elementary,0.0,30.304869,-97.750626,public,3309 KERBEY LN,78703.0,Bryker Woods Elementary School
2015-2016,AUSTIN ISD,Campbelementary Schooll Elementary School,220,206,220,130,Elementary,100.0,,,,2613 ROGERS AVE,78722.0,Campbelementary Schooll Elementary School
2015-2016,AUSTIN ISD,Casis Elementary School,793,17,2,119,Elementary,0.2522068095838588,30.304344,-97.76505,public,2710 EXPOSITION BLVD,78703.0,Casis Elementary School
2015-2016,AUSTIN ISD,Cunningham Elementary School,415,262,415,211,Elementary,100.0,30.210476,-97.80581,public,2200 BERKELEY AVE,78745.0,Cunningham Elementary School
2015-2016,AUSTIN ISD,Dawson Elementary School,382,316,382,234,Elementary,100.0,30.234061999999998,-97.76337,public,3001 S 1ST ST,78704.0,Dawson Elementary School
2015-2016,AUSTIN ISD,Daep- Elementary School,16,14,0,13,Elementary,0.0,,,,906 W MILTON,78704.0,Daep- Elementary School
2015-2016,AUSTIN ISD,Govalle Elementary School,501,449,501,336,Elementary,100.0,30.210511999999998,-97.65354,public,3601 VALLE AVE,78702.0,Govalle Elementary School
2015-2016,AUSTIN ISD,Gullett Elementary School,574,37,2,97,Elementary,0.3484320557491289,30.343542,-97.74866999999999,public,6310 TREADWELL BLVD,78731.0,Gullett Elementary School
2015-2016,AUSTIN ISD,Harris Elementary School,629,607,629,561,Elementary,100.0,30.314829,-97.690765,public,1711 WHELESS LN,78723.0,Harris Elementary School
2015-2016,AUSTIN ISD,Highland Park Elementary School,622,30,0,134,Elementary,0.0,30.330692,-97.76005,public,4900 FAIRVIEW DR,78731.0,Highland Park Elementary School
2015-2016,AUSTIN ISD,Joslin Elementary School,282,210,282,163,Elementary,100.0,30.228037,-97.79054000000001,public,4500 MANCHACA RD,78745.0,Joslin Elementary School
2015-2016,AUSTIN ISD,Lee Elementary School,375,51,0,87,Elementary,0.0,30.29305,-97.72763,public,3308 HAMPTON RD,78705.0,Lee Elementary School
2015-2016,AUSTIN ISD,Maplewood Elementary School,462,199,8,150,Elementary,1.7316017316017316,30.293337,-97.714905,public,3808 MAPLEWOOD AVE,78722.0,Maplewood Elementary School
2015-2016,AUSTIN ISD,Mathews Elementary School,425,153,425,164,Elementary,100.0,30.278215000000003,-97.760796,public,906 W LYNN ST,78703.0,Mathews Elementary School
2015-2016,AUSTIN ISD,Metz Elementary School,305,265,305,222,Elementary,100.0,30.254284000000002,-97.721725,public,84 ROBERT MARTINEZ JR ST,78702.0,Metz Elementary School
2015-2016,AUSTIN ISD,Oak Springs Elementary School,333,315,333,200,Elementary,100.0,30.271786,-97.70484,public,3601 WEBBERVILLE RD,78702.0,Oak Springs Elementary School
2015-2016,AUSTIN ISD,Ortega Elementary School,316,283,316,216,Elementary,100.0,30.269996999999996,-97.68428,public,1135 GARLAND AVE,78721.0,Ortega Elementary School
2015-2016,AUSTIN ISD,Sanchez Elementary School,407,384,407,355,Elementary,100.0,30.257991999999998,-97.735054,public,73 SAN MARCOS ST,78702.0,Sanchez Elementary School
2015-2016,AUSTIN ISD,Pease Elementary School,267,41,0,67,Elementary,0.0,30.275290999999996,-97.74803,public,1106 RIO GRANDE ST,78701.0,Pease Elementary School
2015-2016,AUSTIN ISD,Pecan Springs Elementary School,464,447,464,359,Elementary,100.0,30.303139,-97.676315,public,3100 ROGGE LN,78723.0,Pecan Springs Elementary School
2015-2016,AUSTIN ISD,Pleasant Hill Elementary School,566,495,566,386,Elementary,100.0,30.196213,-97.77649,public,6405 CIR S RD,78745.0,Pleasant Hill Elementary School
2015-2016,AUSTIN ISD,Read Pre-K Center,304,278,0,229,Other,0.0,,,,2608 RICHCREEK RD,78757.0,Read Pre-K Center
2015-2016,AUSTIN ISD,Reilly Elementary School,274,249,274,224,Elementary,100.0,30.327883,-97.71982,public,405 DENSON DR,78752.0,Reilly Elementary School
2015-2016,AUSTIN ISD,Ridgetop Elementary School,292,123,292,169,Elementary,100.0,30.311796,-97.716255,public,5005 CASWELL AVE,78751.0,Ridgetop Elementary School
2015-2016,AUSTIN ISD,St Elementary Schoolmo Elementary School,307,262,307,206,Elementary,100.0,,,,600 W ST ELMO RD,78745.0,St Elementary Schoolmo Elementary School
2015-2016,AUSTIN ISD,Summitt Elementary School,815,301,2,430,Elementary,0.24539877300613494,30.418608000000003,-97.71907,public,12207 BRIGADOON LN,78727.0,Summitt Elementary School
2015-2016,AUSTIN ISD,Sims Elementary School,267,251,267,187,Elementary,100.0,30.27941,-97.6854,public,1203 SPRINGDALE RD,78721.0,Sims Elementary School
2015-2016,AUSTIN ISD,Travis Hts Elementary School,522,348,522,337,Elementary,100.0,,,,2010 ALAMEDA DR,78704.0,Travis Hts Elementary School
2015-2016,AUSTIN ISD,Walnut Creek Elementary School,634,562,634,550,Elementary,100.0,30.379194000000002,-97.68413000000001,public,401 W BRAKER LN,78753.0,Walnut Creek Elementary School
2015-2016,AUSTIN ISD,Patton Elementary School,973,233,2,411,Elementary,0.2055498458376156,30.2318,-97.84553000000001,public,6001 WESTCREEK DR,78749.0,Patton Elementary School
2015-2016,AUSTIN ISD,Wooten Elementary School,613,572,613,546,Elementary,100.0,30.352916999999998,-97.71915,public,1406 DALE DR,78757.0,Wooten Elementary School
2015-2016,AUSTIN ISD,Zavala Elementary School,382,371,382,265,Elementary,100.0,30.258271999999998,-97.71954000000001,public,310 ROBERT MARTINEZ JR ST,78702.0,Zavala Elementary School
2015-2016,AUSTIN ISD,Zilker Elementary School,538,111,2,158,Elementary,0.3717472118959108,30.252544,-97.77457,public,1900 BLUEBONNET LN,78704.0,Zilker Elementary School
2015-2016,AUSTIN ISD,Menchaca Elementary School,719,340,719,276,Elementary,100.0,,,,P O BOX 759,78652.0,Menchaca Elementary School
2015-2016,AUSTIN ISD,Oak Hill Elementary School,841,332,841,426,Elementary,100.0,30.237990999999997,-97.858765,public,6101 PATTON RANCH RD,78735.0,Oak Hill Elementary School
2015-2016,AUSTIN ISD,Barrington Elementary School,627,594,627,527,Elementary,100.0,30.360529,-97.69606999999999,public,400 COOPER DR,78753.0,Barrington Elementary School
2015-2016,AUSTIN ISD,Norman Elementary School,319,309,319,205,Elementary,100.0,30.278323999999998,-97.67397,public,4001 TANNEHILL LN,78721.0,Norman Elementary School
2015-2016,AUSTIN ISD,Pillow Elementary School,518,392,518,332,Elementary,100.0,30.369263,-97.73339,public,3025 CROSSCREEK DR,78757.0,Pillow Elementary School
2015-2016,AUSTIN ISD,Wooldridge Elementary School,630,603,630,563,Elementary,100.0,30.364952000000002,-97.70985,public,1412 NORSEMAN TER,78758.0,Wooldridge Elementary School
2015-2016,AUSTIN ISD,Doss Elementary School,884,144,0,247,Elementary,0.0,30.356087,-97.76281,public,7005 NORTHLEDGE DR,78731.0,Doss Elementary School
2015-2016,AUSTIN ISD,Hill Elementary School,970,95,2,245,Elementary,0.20618556701030927,30.376625,-97.74854,public,8601 TALLWOOD DR,78759.0,Hill Elementary School
2015-2016,AUSTIN ISD,Odom Elementary School,542,496,542,370,Elementary,100.0,30.20562,-97.78878,public,1010 TURTLE CREEK BLVD,78745.0,Odom Elementary School
2015-2016,AUSTIN ISD,Winn Elementary School,304,295,304,243,Elementary,100.0,30.314882,-97.66498,public,3500 SUSQUEHANNA LN,78723.0,Winn Elementary School
2015-2016,AUSTIN ISD,Sunset Valley Elementary School,531,328,531,319,Elementary,100.0,,,,3000 JONES RD,78745.0,Sunset Valley Elementary School
2015-2016,AUSTIN ISD,Graham Elementary School,697,609,697,526,Elementary,100.0,30.372359999999997,-97.66886,public,11211 TOM ADAMS DR,78753.0,Graham Elementary School
2015-2016,AUSTIN ISD,Linder Elementary School,364,326,364,292,Elementary,100.0,30.224209000000002,-97.73794000000001,public,2800 METCALFE RD,78741.0,Linder Elementary School
2015-2016,AUSTIN ISD,Cook Elementary School,553,537,553,473,Elementary,100.0,30.378002000000002,-97.70482,public,1511 CRIPPLE CREEK DR,78758.0,Cook Elementary School
2015-2016,AUSTIN ISD,Houston Elementary School,705,671,705,557,Elementary,100.0,30.196468,-97.75506999999999,public,5409 PONCIANA DR,78744.0,Houston Elementary School
2015-2016,AUSTIN ISD,Hart Elementary School,692,668,692,638,Elementary,100.0,30.342451,-97.68871,public,8301 FURNESS,78753.0,Hart Elementary School
2015-2016,AUSTIN ISD,Pickle Elementary School,695,669,695,630,Elementary,100.0,30.333408000000002,-97.693825,public,1101 WHEATLEY,78752.0,Pickle Elementary School
2015-2016,AUSTIN ISD,Mcbee Elementary School,490,467,490,438,Elementary,100.0,30.38325,-97.69106,public,1101 W BRAKER LN,78758.0,Mcbee Elementary School
2015-2016,AUSTIN ISD,Williams Elementary School,458,376,458,293,Elementary,100.0,30.180972999999998,-97.79151,public,500 MAIRO ST,78748.0,Williams Elementary School
2015-2016,AUSTIN ISD,Langford Elementary School,687,651,687,571,Elementary,100.0,30.182083000000002,-97.76337,public,2206 BLUE MEADOW DR,78744.0,Langford Elementary School
2015-2016,AUSTIN ISD,Boone Elementary School,573,276,573,188,Elementary,100.0,30.203723999999998,-97.840225,public,8101 CROFTWOOD RD,78749.0,Boone Elementary School
2015-2016,AUSTIN ISD,Palm Elementary School,481,400,481,331,Elementary,100.0,30.164824,-97.743675,public,7601 DIXIE DR,78744.0,Palm Elementary School
2015-2016,AUSTIN ISD,Kocurek Elementary School,491,317,491,253,Elementary,100.0,30.177746000000003,-97.83525,public,9800 CURLEW DR,78748.0,Kocurek Elementary School
2015-2016,AUSTIN ISD,Casey Elementary School,606,377,606,277,Elementary,100.0,30.177266999999997,-97.81461,public,9400 TEXAS OAKS DR,78748.0,Casey Elementary School
2015-2016,AUSTIN ISD,Rodriguez Elementary School,701,680,701,586,Elementary,100.0,30.200659,-97.74725,public,4400 FRANKLIN PARK DR,78744.0,Rodriguez Elementary School
2015-2016,AUSTIN ISD,Widen Elementary School,566,535,566,434,Elementary,100.0,30.188713,-97.74008,public,5605 NUCKOLS CROSSING RD,78744.0,Widen Elementary School
2015-2016,AUSTIN ISD,Galindo Elementary School,585,551,585,440,Elementary,100.0,30.229516999999998,-97.7719,public,3800 S 2ND ST,78704.0,Galindo Elementary School
2015-2016,AUSTIN ISD,Uphaus Early Childhood Center,271,258,271,186,Elementary,100.0,,,,5200 FREIDRICH LN,78744.0,Uphaus Early Childhood Center
2015-2016,AUSTIN ISD,Jordan Elementary School,674,654,674,563,Elementary,100.0,30.301088,-97.646774,public,6711 JOHNNY MORRIS RD,78724.0,Jordan Elementary School
2015-2016,AUSTIN ISD,Davis Elementary School,798,233,2,310,Elementary,0.2506265664160401,30.418246999999997,-97.74218,public,5214 DUVAL RD,78727.0,Davis Elementary School
2015-2016,AUSTIN ISD,Kiker Elementary School,998,44,0,268,Elementary,0.0,30.191557,-97.88125600000001,public,5913 LA CROSSE AVE,78739.0,Kiker Elementary School
2015-2016,AUSTIN ISD,Mills Elementary School,812,67,2,212,Elementary,0.24630541871921185,30.210917,-97.8782,public,6201 DAVIS LN,78749.0,Mills Elementary School
2015-2016,AUSTIN ISD,Baranoff Elementary School,984,112,7,301,Elementary,0.7113821138211383,30.153902000000002,-97.852165,public,12009 BUCKINGHAM GATE RD,78748.0,Baranoff Elementary School
2015-2016,AUSTIN ISD,Cowan Elementary School,790,240,11,269,Elementary,1.3924050632911391,30.188688,-97.83348000000001,public,2817 KENTISH DR,78748.0,Cowan Elementary School
2015-2016,AUSTIN ISD,Clayton Elementary School,876,13,0,160,Elementary,0.0,30.194855,-97.906334,public,7525 LA CROSSE AVE,78739.0,Clayton Elementary School
2015-2016,AUSTIN ISD,Blazier Elementary School,842,627,842,543,Elementary,100.0,30.158,-97.754295,public,8601 NUCKOLS CROSSING RD,78744.0,Blazier Elementary School
2015-2016,AUSTIN ISD,Guerrero Thompson,673,655,673,624,Middle,100.0,30.363888,-97.691666,public,102 E RUNDBERG,78753.0,Guerrero Thompson
2015-2016,AUSTIN ISD,Baldwin Elementary School,787,103,2,221,Elementary,0.25412960609911056,30.184890000000003,-97.923454,public,12200 MERIDIAN PARK BLVD,78739.0,Baldwin Elementary School
2015-2016,AUSTIN ISD,Padron Elementary School,772,754,772,668,Elementary,100.0,30.272375,-97.756516,public,1111 W 6TH ST,78703.0,Padron Elementary School
2015-2016,AUSTIN ISD,Overton Elementary School,718,675,718,600,Elementary,100.0,30.300186,-97.6367,public,7201 COLONY LOOP DR,78724.0,Overton Elementary School
2015-2016,AUSTIN ISD,Perez Elementary School,752,678,752,564,Elementary,100.0,30.17085,-97.75624,public,7500 S PLEASANT VLY RD,78744.0,Perez Elementary School
2015-2016,AUSTIN ISD,Dobie Pk Center,274,264,2,173,Other,0.7299270072992701,,,,1200 RUNDBERG LN,78753.0,Dobie Pk Center
2015-2016,AUSTIN ISD,Webb Pri Center,217,211,217,206,Elementary,100.0,,,,601 E ST JOHNS AVE,78752.0,Webb Pri Center
2015-2016,AUSTIN ISD,Austin Isd Child Develementary Schoolopment Cente,62,61,0,0,Elementary,0.0,,,,,,
2015-2016,AUSTIN ISD,Delementary Schooll Children'S Medical Center,2,0,0,2,Elementary,0.0,,,,4900 MUELLER BLVD,78723.0,Delementary Schooll Children'S Medical Center
2015-2016,AUSTIN ISD,Austin St Hospital,19,0,0,19,High,0.0,30.272375,-97.756516,public,1111 W 6TH ST,78703.0,Austin St Hospital
2015-2016,AUSTIN ISD,Rosedale,263,65,2,128,Elementary,0.7604562737642585,30.320051,-97.74019,public,2117 W 49TH ST,78756.0,Rosedale
2016-2017,AUSTIN ISD,Allison Elementary School,460,392,460,332,Elementary,100.0,30.235784999999996,-97.69203,public,515 VARGAS RD,78741.0,Allison Elementary School
2016-2017,AUSTIN ISD,Andrews Elementary School,572,537,572,495,Elementary,100.0,30.317553999999998,-97.679665,public,6801 NE DR,78723.0,Andrews Elementary School
2016-2017,AUSTIN ISD,Barton Hills Elementary School,427,25,0,81,Elementary,0.0,30.254395000000002,-97.78335600000001,public,2108 BARTON HILLS DR,78704.0,Barton Hills Elementary School
2016-2017,AUSTIN ISD,Becker Elementary School,431,166,431,176,Elementary,100.0,30.250395,-97.75945,public,906 W MILTON,78704.0,Becker Elementary School
2016-2017,AUSTIN ISD,Blackshear Elementary School,381,268,381,197,Elementary,100.0,30.266968,-97.72216999999999,public,1712 E 11TH ST,78702.0,Blackshear Elementary School
2016-2017,AUSTIN ISD,Blanton Elementary School,486,363,486,325,Elementary,100.0,30.306929999999998,-97.69063,public,5408 WESTMINSTER DR,78723.0,Blanton Elementary School
2016-2017,AUSTIN ISD,Brentwood Elementary School,644,140,2,192,Elementary,0.3105590062111801,30.339640000000003,-97.731445,public,6700 ARROYO SECO ST,78757.0,Brentwood Elementary School
2016-2017,AUSTIN ISD,Brooke Elementary School,272,250,272,168,Elementary,100.0,30.254821999999997,-97.70851,public,3100 E 4TH ST,78702.0,Brooke Elementary School
2016-2017,AUSTIN ISD,Brown Elementary School,354,306,354,297,Elementary,100.0,30.344769,-97.71034,public,505 W ANDERSON LN,78752.0,Brown Elementary School
2016-2017,AUSTIN ISD,Bryker Woods Elementary School,443,43,0,95,Elementary,0.0,30.304869,-97.750626,public,3309 KERBEY LN,78703.0,Bryker Woods Elementary School
2016-2017,AUSTIN ISD,Campbelementary Schooll Elementary School,194,171,194,120,Elementary,100.0,,,,2613 ROGERS AVE,78722.0,Campbelementary Schooll Elementary School
2016-2017,AUSTIN ISD,Casis Elementary School,817,21,0,85,Elementary,0.0,30.304344,-97.76505,public,2710 EXPOSITION BLVD,78703.0,Casis Elementary School
2016-2017,AUSTIN ISD,Cunningham Elementary School,412,233,412,188,Elementary,100.0,30.210476,-97.80581,public,2200 BERKELEY AVE,78745.0,Cunningham Elementary School
2016-2017,AUSTIN ISD,Dawson Elementary School,340,272,340,194,Elementary,100.0,30.234061999999998,-97.76337,public,3001 S 1ST ST,78704.0,Dawson Elementary School
2016-2017,AUSTIN ISD,Daep- Elementary School,5,5,0,5,Elementary,0.0,,,,906 W MILTON,78704.0,Daep- Elementary School
2016-2017,AUSTIN ISD,Govalle Elementary School,470,415,470,329,Elementary,100.0,30.210511999999998,-97.65354,public,3601 VALLE AVE,78702.0,Govalle Elementary School
2016-2017,AUSTIN ISD,Gullett Elementary School,554,49,2,58,Elementary,0.36101083032490977,30.343542,-97.74866999999999,public,6310 TREADWELL BLVD,78731.0,Gullett Elementary School
2016-2017,AUSTIN ISD,Harris Elementary School,615,586,615,509,Elementary,100.0,30.314829,-97.690765,public,1711 WHELESS LN,78723.0,Harris Elementary School
2016-2017,AUSTIN ISD,Highland Park Elementary School,652,29,0,94,Elementary,0.0,30.330692,-97.76005,public,4900 FAIRVIEW DR,78731.0,Highland Park Elementary School
2016-2017,AUSTIN ISD,Joslin Elementary School,261,174,261,130,Elementary,100.0,30.228037,-97.79054000000001,public,4500 MANCHACA RD,78745.0,Joslin Elementary School
2016-2017,AUSTIN ISD,Lee Elementary School,402,62,2,99,Elementary,0.4975124378109453,30.29305,-97.72763,public,3308 HAMPTON RD,78705.0,Lee Elementary School
2016-2017,AUSTIN ISD,Maplewood Elementary School,498,201,9,186,Elementary,1.8072289156626504,30.293337,-97.714905,public,3808 MAPLEWOOD AVE,78722.0,Maplewood Elementary School
2016-2017,AUSTIN ISD,Mathews Elementary School,442,126,442,151,Elementary,100.0,30.278215000000003,-97.760796,public,906 W LYNN ST,78703.0,Mathews Elementary School
2016-2017,AUSTIN ISD,Metz Elementary School,305,251,305,221,Elementary,100.0,30.254284000000002,-97.721725,public,84 ROBERT MARTINEZ JR ST,78702.0,Metz Elementary School
2016-2017,AUSTIN ISD,Oak Springs Elementary School,324,298,324,198,Elementary,100.0,30.271786,-97.70484,public,3601 WEBBERVILLE RD,78702.0,Oak Springs Elementary School
2016-2017,AUSTIN ISD,Ortega Elementary School,306,256,306,181,Elementary,100.0,30.269996999999996,-97.68428,public,1135 GARLAND AVE,78721.0,Ortega Elementary School
2016-2017,AUSTIN ISD,Sanchez Elementary School,353,331,353,290,Elementary,100.0,30.257991999999998,-97.735054,public,73 SAN MARCOS ST,78702.0,Sanchez Elementary School
2016-2017,AUSTIN ISD,Pease Elementary School,242,39,2,48,Elementary,0.8264462809917356,30.275290999999996,-97.74803,public,1106 RIO GRANDE ST,78701.0,Pease Elementary School
2016-2017,AUSTIN ISD,Pecan Springs Elementary School,470,420,470,318,Elementary,100.0,30.303139,-97.676315,public,3100 ROGGE LN,78723.0,Pecan Springs Elementary School
2016-2017,AUSTIN ISD,Pleasant Hill Elementary School,502,410,502,336,Elementary,100.0,30.196213,-97.77649,public,6405 CIR S RD,78745.0,Pleasant Hill Elementary School
2016-2017,AUSTIN ISD,Read Pre-K Center,320,243,0,215,Other,0.0,,,,2608 RICHCREEK RD,78757.0,Read Pre-K Center
2016-2017,AUSTIN ISD,Reilly Elementary School,268,186,268,230,Elementary,100.0,30.327883,-97.71982,public,405 DENSON DR,78752.0,Reilly Elementary School
2016-2017,AUSTIN ISD,Ridgetop Elementary School,331,112,331,151,Elementary,100.0,30.311796,-97.716255,public,5005 CASWELL AVE,78751.0,Ridgetop Elementary School
2016-2017,AUSTIN ISD,St Elementary Schoolmo Elementary School,284,223,284,181,Elementary,100.0,,,,600 W ST ELMO RD,78745.0,St Elementary Schoolmo Elementary School
2016-2017,AUSTIN ISD,Summitt Elementary School,833,253,5,370,Elementary,0.6002400960384153,30.418608000000003,-97.71907,public,12207 BRIGADOON LN,78727.0,Summitt Elementary School
2016-2017,AUSTIN ISD,Sims Elementary School,232,214,232,139,Elementary,100.0,30.27941,-97.6854,public,1203 SPRINGDALE RD,78721.0,Sims Elementary School
2016-2017,AUSTIN ISD,Travis Hts Elementary School,548,347,548,290,Elementary,100.0,,,,2010 ALAMEDA DR,78704.0,Travis Hts Elementary School
2016-2017,AUSTIN ISD,Walnut Creek Elementary School,605,501,605,513,Elementary,100.0,30.379194000000002,-97.68413000000001,public,401 W BRAKER LN,78753.0,Walnut Creek Elementary School
2016-2017,AUSTIN ISD,Patton Elementary School,982,196,2,288,Elementary,0.20366598778004075,30.2318,-97.84553000000001,public,6001 WESTCREEK DR,78749.0,Patton Elementary School
2016-2017,AUSTIN ISD,Wooten Elementary School,568,475,568,489,Elementary,100.0,30.352916999999998,-97.71915,public,1406 DALE DR,78757.0,Wooten Elementary School
2016-2017,AUSTIN ISD,Zavala Elementary School,357,297,357,214,Elementary,100.0,30.258271999999998,-97.71954000000001,public,310 ROBERT MARTINEZ JR ST,78702.0,Zavala Elementary School
2016-2017,AUSTIN ISD,Zilker Elementary School,562,114,0,110,Elementary,0.0,30.252544,-97.77457,public,1900 BLUEBONNET LN,78704.0,Zilker Elementary School
2016-2017,AUSTIN ISD,Menchaca Elementary School,740,290,740,340,Elementary,100.0,,,,P O BOX 759,78652.0,Menchaca Elementary School
2016-2017,AUSTIN ISD,Oak Hill Elementary School,832,298,832,402,Elementary,100.0,30.237990999999997,-97.858765,public,6101 PATTON RANCH RD,78735.0,Oak Hill Elementary School
2016-2017,AUSTIN ISD,Barrington Elementary School,542,420,542,446,Elementary,100.0,30.360529,-97.69606999999999,public,400 COOPER DR,78753.0,Barrington Elementary School
2016-2017,AUSTIN ISD,Norman Elementary School,263,244,263,169,Elementary,100.0,30.278323999999998,-97.67397,public,4001 TANNEHILL LN,78721.0,Norman Elementary School
2016-2017,AUSTIN ISD,Pillow Elementary School,509,365,509,329,Elementary,100.0,30.369263,-97.73339,public,3025 CROSSCREEK DR,78757.0,Pillow Elementary School
2016-2017,AUSTIN ISD,Wooldridge Elementary School,612,568,612,508,Elementary,100.0,30.364952000000002,-97.70985,public,1412 NORSEMAN TER,78758.0,Wooldridge Elementary School
2016-2017,AUSTIN ISD,Doss Elementary School,882,128,2,204,Elementary,0.2267573696145125,30.356087,-97.76281,public,7005 NORTHLEDGE DR,78731.0,Doss Elementary School
2016-2017,AUSTIN ISD,Hill Elementary School,939,71,5,183,Elementary,0.5324813631522897,30.376625,-97.74854,public,8601 TALLWOOD DR,78759.0,Hill Elementary School
2016-2017,AUSTIN ISD,Odom Elementary School,509,437,509,343,Elementary,100.0,30.20562,-97.78878,public,1010 TURTLE CREEK BLVD,78745.0,Odom Elementary School
2016-2017,AUSTIN ISD,Winn Elementary School,241,205,241,199,Elementary,100.0,30.314882,-97.66498,public,3500 SUSQUEHANNA LN,78723.0,Winn Elementary School
2016-2017,AUSTIN ISD,Sunset Valley Elementary School,533,269,533,309,Elementary,100.0,,,,3000 JONES RD,78745.0,Sunset Valley Elementary School
2016-2017,AUSTIN ISD,Graham Elementary School,686,575,686,523,Elementary,100.0,30.372359999999997,-97.66886,public,11211 TOM ADAMS DR,78753.0,Graham Elementary School
2016-2017,AUSTIN ISD,Linder Elementary School,320,296,320,245,Elementary,100.0,30.224209000000002,-97.73794000000001,public,2800 METCALFE RD,78741.0,Linder Elementary School
2016-2017,AUSTIN ISD,Cook Elementary School,521,492,521,446,Elementary,100.0,30.378002000000002,-97.70482,public,1511 CRIPPLE CREEK DR,78758.0,Cook Elementary School
2016-2017,AUSTIN ISD,Houston Elementary School,680,565,680,532,Elementary,100.0,30.196468,-97.75506999999999,public,5409 PONCIANA DR,78744.0,Houston Elementary School
2016-2017,AUSTIN ISD,Hart Elementary School,700,672,700,631,Elementary,100.0,30.342451,-97.68871,public,8301 FURNESS,78753.0,Hart Elementary School
2016-2017,AUSTIN ISD,Pickle Elementary School,638,577,638,570,Elementary,100.0,30.333408000000002,-97.693825,public,1101 WHEATLEY,78752.0,Pickle Elementary School
2016-2017,AUSTIN ISD,Mcbee Elementary School,450,424,450,397,Elementary,100.0,30.38325,-97.69106,public,1101 W BRAKER LN,78758.0,Mcbee Elementary School
2016-2017,AUSTIN ISD,Williams Elementary School,458,355,458,255,Elementary,100.0,30.180972999999998,-97.79151,public,500 MAIRO ST,78748.0,Williams Elementary School
2016-2017,AUSTIN ISD,Langford Elementary School,619,581,619,520,Elementary,100.0,30.182083000000002,-97.76337,public,2206 BLUE MEADOW DR,78744.0,Langford Elementary School
2016-2017,AUSTIN ISD,Boone Elementary School,568,225,568,186,Elementary,100.0,30.203723999999998,-97.840225,public,8101 CROFTWOOD RD,78749.0,Boone Elementary School
2016-2017,AUSTIN ISD,Palm Elementary School,470,378,470,306,Elementary,100.0,30.164824,-97.743675,public,7601 DIXIE DR,78744.0,Palm Elementary School
2016-2017,AUSTIN ISD,Kocurek Elementary School,539,334,539,244,Elementary,100.0,30.177746000000003,-97.83525,public,9800 CURLEW DR,78748.0,Kocurek Elementary School
2016-2017,AUSTIN ISD,Casey Elementary School,633,377,633,275,Elementary,100.0,30.177266999999997,-97.81461,public,9400 TEXAS OAKS DR,78748.0,Casey Elementary School
2016-2017,AUSTIN ISD,Rodriguez Elementary School,591,563,591,446,Elementary,100.0,30.200659,-97.74725,public,4400 FRANKLIN PARK DR,78744.0,Rodriguez Elementary School
2016-2017,AUSTIN ISD,Widen Elementary School,558,479,558,418,Elementary,100.0,30.188713,-97.74008,public,5605 NUCKOLS CROSSING RD,78744.0,Widen Elementary School
2016-2017,AUSTIN ISD,Galindo Elementary School,590,500,590,436,Elementary,100.0,30.229516999999998,-97.7719,public,3800 S 2ND ST,78704.0,Galindo Elementary School
2016-2017,AUSTIN ISD,Uphaus Early Childhood Center,299,249,299,207,Elementary,100.0,,,,5200 FREIDRICH LN,78744.0,Uphaus Early Childhood Center
2016-2017,AUSTIN ISD,Jordan Elementary School,712,626,712,577,Elementary,100.0,30.301088,-97.646774,public,6711 JOHNNY MORRIS RD,78724.0,Jordan Elementary School
2016-2017,AUSTIN ISD,Davis Elementary School,815,172,2,303,Elementary,0.24539877300613494,30.418246999999997,-97.74218,public,5214 DUVAL RD,78727.0,Davis Elementary School
2016-2017,AUSTIN ISD,Kiker Elementary School,1049,28,0,192,Elementary,0.0,30.191557,-97.88125600000001,public,5913 LA CROSSE AVE,78739.0,Kiker Elementary School
2016-2017,AUSTIN ISD,Mills Elementary School,843,61,0,158,Elementary,0.0,30.210917,-97.8782,public,6201 DAVIS LN,78749.0,Mills Elementary School
2016-2017,AUSTIN ISD,Baranoff Elementary School,1020,118,2,222,Elementary,0.19607843137254904,30.153902000000002,-97.852165,public,12009 BUCKINGHAM GATE RD,78748.0,Baranoff Elementary School
2016-2017,AUSTIN ISD,Cowan Elementary School,839,246,268,246,Elementary,31.942789034564964,30.188688,-97.83348000000001,public,2817 KENTISH DR,78748.0,Cowan Elementary School
2016-2017,AUSTIN ISD,Clayton Elementary School,855,10,0,134,Elementary,0.0,30.194855,-97.906334,public,7525 LA CROSSE AVE,78739.0,Clayton Elementary School
2016-2017,AUSTIN ISD,Blazier Elementary School,813,572,813,454,Elementary,100.0,30.158,-97.754295,public,8601 NUCKOLS CROSSING RD,78744.0,Blazier Elementary School
2016-2017,AUSTIN ISD,Guerrero Thompson,667,545,667,601,Middle,100.0,30.363888,-97.691666,public,102 E RUNDBERG,78753.0,Guerrero Thompson
2016-2017,AUSTIN ISD,Baldwin Elementary School,794,88,0,183,Elementary,0.0,30.184890000000003,-97.923454,public,12200 MERIDIAN PARK BLVD,78739.0,Baldwin Elementary School
2016-2017,AUSTIN ISD,Padron Elementary School,797,647,797,701,Elementary,100.0,30.272375,-97.756516,public,1111 W 6TH ST,78703.0,Padron Elementary School
2016-2017,AUSTIN ISD,Overton Elementary School,667,566,667,543,Elementary,100.0,30.300186,-97.6367,public,7201 COLONY LOOP DR,78724.0,Overton Elementary School
2016-2017,AUSTIN ISD,Perez Elementary School,723,590,723,506,Elementary,100.0,30.17085,-97.75624,public,7500 S PLEASANT VLY RD,78744.0,Perez Elementary School
2016-2017,AUSTIN ISD,Dobie Pk Center,208,190,2,154,Other,0.9615384615384616,,,,1200 RUNDBERG LN,78753.0,Dobie Pk Center
2016-2017,AUSTIN ISD,Webb Pri Center,262,252,262,237,Elementary,100.0,,,,601 E ST JOHNS AVE,78752.0,Webb Pri Center
2016-2017,AUSTIN ISD,Austin Isd Child Develementary Schoolopment Cente,78,73,0,5,Elementary,0.0,,,,,,
2016-2017,AUSTIN ISD,Alternative Learning Center,107,74,2,107,High,1.8691588785046729,30.268434999999997,-97.71007,public,900 NEAL ST,78702.0,Alternative Learning Center
2016-2017,AUSTIN ISD,Travis County Day School,11,6,0,11,High,0.0,30.335696999999996,-97.68336,public,8011 CAMERON RD STE B,78754.0,Travis County Day School
2016-2017,AUSTIN ISD,Richards Sch For Young Women Leade,785,436,8,127,High,1.0191082802547768,,,,,,
2016-2017,AUSTIN ISD,Travis County Juvenile Detention C,44,23,0,44,Other,0.0,,,,,,
2016-2017,AUSTIN ISD,Phoenix Academy,34,5,0,34,High,0.0,30.24414,-97.75614,public,400 W LIVE OAK,78704.0,Phoenix Academy
2016-2017,AUSTIN ISD,Leadership Academy,40,24,0,40,High,0.0,30.235638,-97.75366,public,2515 S CONGRESS,78704.0,Leadership Academy
2016-2017,AUSTIN ISD,Travis County J J A E P,5,2,0,5,Other,0.0,,,,1111 W 6TH ST,78703.0,Travis County J J A E P
2016-2017,AUSTIN ISD,Delementary Schooll Children'S Medical Center,2,0,0,2,Elementary,0.0,,,,4900 MUELLER BLVD,78723.0,Delementary Schooll Children'S Medical Center
2016-2017,AUSTIN ISD,Austin St Hospital,23,0,0,23,High,0.0,30.272375,-97.756516,public,1111 W 6TH ST,78703.0,Austin St Hospital
2016-2017,AUSTIN ISD,Rosedale,210,77,0,122,Elementary,0.0,30.320051,-97.74019,public,2117 W 49TH ST,78756.0,Rosedale
2016-2017,AUSTIN ISD,Austin High School,2145,598,10,831,High,0.4662004662004662,30.273598,-97.76814,public,1715 W CESAR CHAVEZ,78703.0,Austin High School
2016-2017,AUSTIN ISD,Lanier High School,1659,1391,1659,1310,High,100.0,30.360209,-97.70832,public,1201 PEYTON GIN RD,78758.0,Lanier High School
2016-2017,AUSTIN ISD,Mccallum High School,1759,468,26,707,High,1.4781125639567936,30.327484000000002,-97.72887,public,5600 SUNSHINE DR,78756.0,Mccallum High School
2016-2017,AUSTIN ISD,Reagan High School,1255,1019,1255,950,High,100.0,30.324188,-97.69135,public,7104 BERKMAN DR,78752.0,Reagan High School
2016-2017,AUSTIN ISD,Travis High School,1332,1029,1332,1017,High,100.0,30.233839,-97.743256,public,1211 E OLTORF ST,78704.0,Travis High School
2016-2017,AUSTIN ISD,Crockett High School,1515,940,31,951,High,2.046204620462046,30.214724,-97.79739000000001,public,5601 MANCHACA RD,78745.0,Crockett High School
2016-2017,AUSTIN ISD,Anderson High School,2217,501,11,714,High,0.4961659900766802,30.37575,-97.75371,public,8403 MESA DR,78759.0,Anderson High School
2016-2017,AUSTIN ISD,Bowie High School,2894,345,11,715,High,0.38009675190048375,30.186369,-97.85873000000001,public,4103 SLAUGHTER LN,78749.0,Bowie High School
2016-2017,AUSTIN ISD,Lbj Highigh Schoolchool,804,624,804,537,High,100.0,,,,7309 LAZY CREEK DR,78724.0,Lbj Highigh Schoolchool
2016-2017,AUSTIN ISD,Garza Independence High School,205,69,11,171,High,5.365853658536587,30.277237,-97.72139,public,1600 CHICON,78702.0,Garza Independence High School
2016-2017,AUSTIN ISD,Akins High School,2680,1673,29,1590,High,1.082089552238806,30.148984999999996,-97.80185999999999,public,10701 S 1ST ST,78748.0,Akins High School
2016-2017,AUSTIN ISD,Lasa High School,1111,78,0,24,High,0.0,30.313496,-97.65666999999999,public,7309 LAZY CREEK DR,78724.0,Lasa High School
2016-2017,AUSTIN ISD,Eastside Memorial At The Johnston,553,471,553,451,High,100.0,,,,,,
2016-2017,AUSTIN ISD,Graduation Prep Academy Travis,157,131,17,155,Other,10.828025477707007,,,,1211 E OLTORF,78704.0,Graduation Prep Academy Travis
2016-2017,AUSTIN ISD,Graduation Prep Academy Lanier,122,91,7,121,Other,5.737704918032787,,,,1201 PAYTON GIN RD,78758.0,Graduation Prep Academy Lanier
2016-2017,AUSTIN ISD,International High School,261,250,18,220,High,6.896551724137932,30.257113,-97.68205999999999,public,1012 ARTHUR STILES,78721.0,International High School
2016-2017,AUSTIN ISD,Fulmore Middle School,1024,632,1024,534,Middle,100.0,30.243927000000003,-97.750465,public,201 E MARY ST,78704.0,Fulmore Middle School
2016-2017,AUSTIN ISD,Kealing Middle School,1224,326,1224,257,Middle,100.0,30.270937,-97.72178000000001,public,1607 PENNSYLVANIA AVE,78702.0,Kealing Middle School
2016-2017,AUSTIN ISD,Lamar Middle School,1015,252,9,315,Middle,0.8866995073891626,30.337774,-97.74058000000001,public,6201 WYNONA AVE,78757.0,Lamar Middle School
2016-2017,AUSTIN ISD,Burnet Middle School,1040,939,1040,874,Middle,100.0,30.365074,-97.7256,public,8401 HATHAWAY DR,78757.0,Burnet Middle School
2016-2017,AUSTIN ISD,O Henry Middle,867,230,2,291,Middle,0.2306805074971165,,,,2610 W 10TH ST,78703.0,O Henry Middle
2016-2017,AUSTIN ISD,Martin Middle,432,408,432,345,Middle,100.0,,,,1601 HASKELL ST,78702.0,Martin Middle
2016-2017,AUSTIN ISD,Murchison Middle,1328,296,0,440,Middle,0.0,,,,3700 N HILLS DR,78731.0,Murchison Middle
2016-2017,AUSTIN ISD,Webb Middle School,677,631,677,553,Middle,100.0,30.332413,-97.70740500000001,public,601 E ST JOHNS AVE,78752.0,Webb Middle School
2016-2017,AUSTIN ISD,Bedichek Middle,883,725,883,614,Middle,100.0,,,,6800 BILL HUGHES RD,78745.0,Bedichek Middle
2016-2017,AUSTIN ISD,Dobie Middle,598,540,598,503,Middle,100.0,,,,1200 RUNDBERG LN,78753.0,Dobie Middle
2016-2017,AUSTIN ISD,Covington Middle,615,386,7,344,Middle,1.1382113821138211,,,,3700 CONVICT HILL RD,78749.0,Covington Middle
2016-2017,AUSTIN ISD,Mendez Middle School,711,660,711,597,Middle,100.0,30.188675,-97.74306,public,5106 VILLAGE SQ DR,78744.0,Mendez Middle School
2016-2017,AUSTIN ISD,Bailey Middle School,899,272,8,302,Middle,0.8898776418242491,30.164225,-97.87241999999999,public,4020 LOST OASIS HOLLOW,78739.0,Bailey Middle School
2016-2017,AUSTIN ISD,Small Middle School,1179,322,5,425,Middle,0.4240882103477524,30.233706,-97.84200000000001,public,4801 MONTEREY OAKS BLVD,78749.0,Small Middle School
2016-2017,AUSTIN ISD,Paredes Middle School,957,698,957,604,Middle,100.0,30.165659,-97.81159,public,10100 S MARY MOORE SEARIGHT DR,78748.0,Paredes Middle School
2016-2017,AUSTIN ISD,Gorzycki Middle,1279,58,2,186,Middle,0.1563721657544957,,,,7412 SLAUGHTER LN,78749.0,Gorzycki Middle
2016-2017,AUSTIN ISD,Garcia Ymla,421,396,421,344,Other,100.0,30.311397999999997,-97.64303000000001,public,7414 JOHNNY MORRIS RD,78724.0,Garcia Ymla
2016-2017,AUSTIN ISD,Sadler Means Ywla,399,361,399,312,Middle,100.0,30.313578000000003,-97.68073000000001,public,6401 N HAMPTON DR,78723.0,Sadler Means Ywla
2017-2018,AUSTIN ISD,Allison Elementary School,479,458,479,362,Elementary,100.0,30.235784999999996,-97.69203,public,515 VARGAS RD,78741.0,Allison Elementary School
2017-2018,AUSTIN ISD,Andrews Elementary School,504,470,504,439,Elementary,100.0,30.317553999999998,-97.679665,public,6801 NE DR,78723.0,Andrews Elementary School
2017-2018,AUSTIN ISD,Barton Hills Elementary School,455,41,2,91,Elementary,0.4395604395604396,30.254395000000002,-97.78335600000001,public,2108 BARTON HILLS DR,78704.0,Barton Hills Elementary School
2017-2018,AUSTIN ISD,Becker Elementary School,437,139,437,169,Elementary,100.0,30.250395,-97.75945,public,906 W MILTON,78704.0,Becker Elementary School
2017-2018,AUSTIN ISD,Blackshear Elementary School,378,251,378,179,Elementary,100.0,30.266968,-97.72216999999999,public,1712 E 11TH ST,78702.0,Blackshear Elementary School
2017-2018,AUSTIN ISD,Blanton Elementary School,516,357,516,305,Elementary,100.0,30.306929999999998,-97.69063,public,5408 WESTMINSTER DR,78723.0,Blanton Elementary School
2017-2018,AUSTIN ISD,Brentwood Elementary School,675,131,2,171,Elementary,0.2962962962962963,30.339640000000003,-97.731445,public,6700 ARROYO SECO ST,78757.0,Brentwood Elementary School
2017-2018,AUSTIN ISD,Brooke Elementary School,246,240,246,166,Elementary,100.0,30.254821999999997,-97.70851,public,3100 E 4TH ST,78702.0,Brooke Elementary School
2017-2018,AUSTIN ISD,Brown Elementary School,272,269,272,229,Elementary,100.0,30.344769,-97.71034,public,505 W ANDERSON LN,78752.0,Brown Elementary School
2017-2018,AUSTIN ISD,Bryker Woods Elementary School,458,36,0,91,Elementary,0.0,30.304869,-97.750626,public,3309 KERBEY LN,78703.0,Bryker Woods Elementary School
2017-2018,AUSTIN ISD,Campbelementary Schooll Elementary School,187,167,187,118,Elementary,100.0,,,,2613 ROGERS AVE,78722.0,Campbelementary Schooll Elementary School
2017-2018,AUSTIN ISD,Casis Elementary School,765,20,2,87,Elementary,0.26143790849673204,30.304344,-97.76505,public,2710 EXPOSITION BLVD,78703.0,Casis Elementary School
2017-2018,AUSTIN ISD,Cunningham Elementary School,394,236,394,194,Elementary,100.0,30.210476,-97.80581,public,2200 BERKELEY AVE,78745.0,Cunningham Elementary School
2017-2018,AUSTIN ISD,Dawson Elementary School,352,258,352,193,Elementary,100.0,30.234061999999998,-97.76337,public,3001 S 1ST ST,78704.0,Dawson Elementary School
2017-2018,AUSTIN ISD,Daep- Elementary School,7,6,0,6,Elementary,0.0,,,,906 W MILTON,78704.0,Daep- Elementary School
2017-2018,AUSTIN ISD,Govalle Elementary School,408,388,408,314,Elementary,100.0,30.210511999999998,-97.65354,public,3601 VALLE AVE,78702.0,Govalle Elementary School
2017-2018,AUSTIN ISD,Gullett Elementary School,569,37,0,65,Elementary,0.0,30.343542,-97.74866999999999,public,6310 TREADWELL BLVD,78731.0,Gullett Elementary School
2017-2018,AUSTIN ISD,Harris Elementary School,630,614,630,499,Elementary,100.0,30.314829,-97.690765,public,1711 WHELESS LN,78723.0,Harris Elementary School
2017-2018,AUSTIN ISD,Highland Park Elementary School,641,36,2,87,Elementary,0.31201248049922,30.330692,-97.76005,public,4900 FAIRVIEW DR,78731.0,Highland Park Elementary School
2017-2018,AUSTIN ISD,Joslin Elementary School,282,193,282,154,Elementary,100.0,30.228037,-97.79054000000001,public,4500 MANCHACA RD,78745.0,Joslin Elementary School
2017-2018,AUSTIN ISD,Lee Elementary School,443,65,0,108,Elementary,0.0,30.29305,-97.72763,public,3308 HAMPTON RD,78705.0,Lee Elementary School
2017-2018,AUSTIN ISD,Maplewood Elementary School,485,182,17,189,Elementary,3.5051546391752577,30.293337,-97.714905,public,3808 MAPLEWOOD AVE,78722.0,Maplewood Elementary School
2017-2018,AUSTIN ISD,Mathews Elementary School,437,135,437,148,Elementary,100.0,30.278215000000003,-97.760796,public,906 W LYNN ST,78703.0,Mathews Elementary School
2017-2018,AUSTIN ISD,Metz Elementary School,285,253,285,203,Elementary,100.0,30.254284000000002,-97.721725,public,84 ROBERT MARTINEZ JR ST,78702.0,Metz Elementary School
2017-2018,AUSTIN ISD,Oak Springs Elementary School,322,319,322,174,Elementary,100.0,30.271786,-97.70484,public,3601 WEBBERVILLE RD,78702.0,Oak Springs Elementary School
2017-2018,AUSTIN ISD,Ortega Elementary School,276,244,276,169,Elementary,100.0,30.269996999999996,-97.68428,public,1135 GARLAND AVE,78721.0,Ortega Elementary School
2017-2018,AUSTIN ISD,Sanchez Elementary School,258,254,258,220,Elementary,100.0,30.257991999999998,-97.735054,public,73 SAN MARCOS ST,78702.0,Sanchez Elementary School
2017-2018,AUSTIN ISD,Pease Elementary School,233,36,2,48,Elementary,0.8583690987124464,30.275290999999996,-97.74803,public,1106 RIO GRANDE ST,78701.0,Pease Elementary School
2017-2018,AUSTIN ISD,Pecan Springs Elementary School,454,439,454,305,Elementary,100.0,30.303139,-97.676315,public,3100 ROGGE LN,78723.0,Pecan Springs Elementary School
2017-2018,AUSTIN ISD,Pleasant Hill Elementary School,465,420,465,297,Elementary,100.0,30.196213,-97.77649,public,6405 CIR S RD,78745.0,Pleasant Hill Elementary School
2017-2018,AUSTIN ISD,Read Pre-K Center,304,270,2,227,Other,0.6578947368421053,,,,2608 RICHCREEK RD,78757.0,Read Pre-K Center
2017-2018,AUSTIN ISD,Reilly Elementary School,238,181,238,188,Elementary,100.0,30.327883,-97.71982,public,405 DENSON DR,78752.0,Reilly Elementary School
2017-2018,AUSTIN ISD,Ridgetop Elementary School,371,116,371,148,Elementary,100.0,30.311796,-97.716255,public,5005 CASWELL AVE,78751.0,Ridgetop Elementary School
2017-2018,AUSTIN ISD,St Elementary Schoolmo Elementary School,297,246,297,195,Elementary,100.0,,,,600 W ST ELMO RD,78745.0,St Elementary Schoolmo Elementary School
2017-2018,AUSTIN ISD,Summitt Elementary School,844,249,7,380,Elementary,0.8293838862559242,30.418608000000003,-97.71907,public,12207 BRIGADOON LN,78727.0,Summitt Elementary School
2017-2018,AUSTIN ISD,Sims Elementary School,204,197,204,122,Elementary,100.0,30.27941,-97.6854,public,1203 SPRINGDALE RD,78721.0,Sims Elementary School
2017-2018,AUSTIN ISD,Travis Hts Elementary School,518,328,518,274,Elementary,100.0,,,,2010 ALAMEDA DR,78704.0,Travis Hts Elementary School
2017-2018,AUSTIN ISD,Walnut Creek Elementary School,642,606,642,555,Elementary,100.0,30.379194000000002,-97.68413000000001,public,401 W BRAKER LN,78753.0,Walnut Creek Elementary School
2017-2018,AUSTIN ISD,Patton Elementary School,984,215,2,354,Elementary,0.2032520325203252,30.2318,-97.84553000000001,public,6001 WESTCREEK DR,78749.0,Patton Elementary School
2017-2018,AUSTIN ISD,Wooten Elementary School,503,464,503,445,Elementary,100.0,30.352916999999998,-97.71915,public,1406 DALE DR,78757.0,Wooten Elementary School
2017-2018,AUSTIN ISD,Zavala Elementary School,298,286,298,177,Elementary,100.0,30.258271999999998,-97.71954000000001,public,310 ROBERT MARTINEZ JR ST,78702.0,Zavala Elementary School
2017-2018,AUSTIN ISD,Zilker Elementary School,550,106,15,145,Elementary,2.727272727272727,30.252544,-97.77457,public,1900 BLUEBONNET LN,78704.0,Zilker Elementary School
2017-2018,AUSTIN ISD,Menchaca Elementary School,717,302,717,315,Elementary,100.0,,,,P O BOX 759,78652.0,Menchaca Elementary School
2017-2018,AUSTIN ISD,Oak Hill Elementary School,868,339,868,408,Elementary,100.0,30.237990999999997,-97.858765,public,6101 PATTON RANCH RD,78735.0,Oak Hill Elementary School
2017-2018,AUSTIN ISD,Barrington Elementary School,547,536,547,461,Elementary,100.0,30.360529,-97.69606999999999,public,400 COOPER DR,78753.0,Barrington Elementary School
2017-2018,AUSTIN ISD,Norman Elementary School,192,187,192,112,Elementary,100.0,30.278323999999998,-97.67397,public,4001 TANNEHILL LN,78721.0,Norman Elementary School
2017-2018,AUSTIN ISD,Pillow Elementary School,519,385,519,342,Elementary,100.0,30.369263,-97.73339,public,3025 CROSSCREEK DR,78757.0,Pillow Elementary School
2017-2018,AUSTIN ISD,Wooldridge Elementary School,532,506,532,443,Elementary,100.0,30.364952000000002,-97.70985,public,1412 NORSEMAN TER,78758.0,Wooldridge Elementary School
2017-2018,AUSTIN ISD,Doss Elementary School,835,126,5,212,Elementary,0.5988023952095808,30.356087,-97.76281,public,7005 NORTHLEDGE DR,78731.0,Doss Elementary School
2017-2018,AUSTIN ISD,Hill Elementary School,954,66,2,209,Elementary,0.20964360587002093,30.376625,-97.74854,public,8601 TALLWOOD DR,78759.0,Hill Elementary School
2017-2018,AUSTIN ISD,Odom Elementary School,463,400,463,319,Elementary,100.0,30.20562,-97.78878,public,1010 TURTLE CREEK BLVD,78745.0,Odom Elementary School
2017-2018,AUSTIN ISD,Winn Elementary School,259,218,259,179,Elementary,100.0,30.314882,-97.66498,public,3500 SUSQUEHANNA LN,78723.0,Winn Elementary School
2017-2018,AUSTIN ISD,Sunset Valley Elementary School,543,271,543,288,Elementary,100.0,,,,3000 JONES RD,78745.0,Sunset Valley Elementary School
2017-2018,AUSTIN ISD,Graham Elementary School,610,507,610,461,Elementary,100.0,30.372359999999997,-97.66886,public,11211 TOM ADAMS DR,78753.0,Graham Elementary School
2017-2018,AUSTIN ISD,Linder Elementary School,306,287,306,225,Elementary,100.0,30.224209000000002,-97.73794000000001,public,2800 METCALFE RD,78741.0,Linder Elementary School
2017-2018,AUSTIN ISD,Cook Elementary School,453,420,453,390,Elementary,100.0,30.378002000000002,-97.70482,public,1511 CRIPPLE CREEK DR,78758.0,Cook Elementary School
2017-2018,AUSTIN ISD,Houston Elementary School,642,600,642,496,Elementary,100.0,30.196468,-97.75506999999999,public,5409 PONCIANA DR,78744.0,Houston Elementary School
2017-2018,AUSTIN ISD,Hart Elementary School,682,640,682,620,Elementary,100.0,30.342451,-97.68871,public,8301 FURNESS,78753.0,Hart Elementary School
2017-2018,AUSTIN ISD,Pickle Elementary School,544,529,544,495,Elementary,100.0,30.333408000000002,-97.693825,public,1101 WHEATLEY,78752.0,Pickle Elementary School
2017-2018,AUSTIN ISD,Mcbee Elementary School,395,373,395,344,Elementary,100.0,30.38325,-97.69106,public,1101 W BRAKER LN,78758.0,Mcbee Elementary School
2017-2018,AUSTIN ISD,Williams Elementary School,466,362,466,257,Elementary,100.0,30.180972999999998,-97.79151,public,500 MAIRO ST,78748.0,Williams Elementary School
2017-2018,AUSTIN ISD,Langford Elementary School,540,505,540,436,Elementary,100.0,30.182083000000002,-97.76337,public,2206 BLUE MEADOW DR,78744.0,Langford Elementary School
2017-2018,AUSTIN ISD,Boone Elementary School,535,225,535,194,Elementary,100.0,30.203723999999998,-97.840225,public,8101 CROFTWOOD RD,78749.0,Boone Elementary School
2017-2018,AUSTIN ISD,Palm Elementary School,449,386,449,292,Elementary,100.0,30.164824,-97.743675,public,7601 DIXIE DR,78744.0,Palm Elementary School
2017-2018,AUSTIN ISD,Kocurek Elementary School,578,384,578,272,Elementary,100.0,30.177746000000003,-97.83525,public,9800 CURLEW DR,78748.0,Kocurek Elementary School
2017-2018,AUSTIN ISD,Casey Elementary School,616,370,616,302,Elementary,100.0,30.177266999999997,-97.81461,public,9400 TEXAS OAKS DR,78748.0,Casey Elementary School
2017-2018,AUSTIN ISD,Rodriguez Elementary School,503,485,503,405,Elementary,100.0,30.200659,-97.74725,public,4400 FRANKLIN PARK DR,78744.0,Rodriguez Elementary School
2017-2018,AUSTIN ISD,Widen Elementary School,522,478,522,408,Elementary,100.0,30.188713,-97.74008,public,5605 NUCKOLS CROSSING RD,78744.0,Widen Elementary School
2017-2018,AUSTIN ISD,Galindo Elementary School,586,528,586,435,Elementary,100.0,30.229516999999998,-97.7719,public,3800 S 2ND ST,78704.0,Galindo Elementary School
2017-2018,AUSTIN ISD,Uphaus Early Childhood Center,340,306,340,231,Elementary,100.0,,,,5200 FREIDRICH LN,78744.0,Uphaus Early Childhood Center
2017-2018,AUSTIN ISD,Jordan Elementary School,662,620,662,549,Elementary,100.0,30.301088,-97.646774,public,6711 JOHNNY MORRIS RD,78724.0,Jordan Elementary School
2017-2018,AUSTIN ISD,Davis Elementary School,807,186,6,310,Elementary,0.7434944237918215,30.418246999999997,-97.74218,public,5214 DUVAL RD,78727.0,Davis Elementary School
2017-2018,AUSTIN ISD,Kiker Elementary School,1111,29,2,219,Elementary,0.18001800180018002,30.191557,-97.88125600000001,public,5913 LA CROSSE AVE,78739.0,Kiker Elementary School
2017-2018,AUSTIN ISD,Mills Elementary School,854,50,0,167,Elementary,0.0,30.210917,-97.8782,public,6201 DAVIS LN,78749.0,Mills Elementary School
2017-2018,AUSTIN ISD,Baranoff Elementary School,1014,118,7,235,Elementary,0.6903353057199211,30.153902000000002,-97.852165,public,12009 BUCKINGHAM GATE RD,78748.0,Baranoff Elementary School
2017-2018,AUSTIN ISD,Cowan Elementary School,841,257,19,268,Elementary,2.2592152199762188,30.188688,-97.83348000000001,public,2817 KENTISH DR,78748.0,Cowan Elementary School
2017-2018,AUSTIN ISD,Clayton Elementary School,838,12,0,134,Elementary,0.0,30.194855,-97.906334,public,7525 LA CROSSE AVE,78739.0,Clayton Elementary School
2017-2018,AUSTIN ISD,Blazier Elementary School,860,577,860,490,Elementary,100.0,30.158,-97.754295,public,8601 NUCKOLS CROSSING RD,78744.0,Blazier Elementary School
2017-2018,AUSTIN ISD,Guerrero Thompson,633,618,633,575,Middle,100.0,30.363888,-97.691666,public,102 E RUNDBERG,78753.0,Guerrero Thompson
2017-2018,AUSTIN ISD,Baldwin Elementary School,810,106,2,211,Elementary,0.2469135802469136,30.184890000000003,-97.923454,public,12200 MERIDIAN PARK BLVD,78739.0,Baldwin Elementary School
2017-2018,AUSTIN ISD,Padron Elementary School,759,718,759,691,Elementary,100.0,30.272375,-97.756516,public,1111 W 6TH ST,78703.0,Padron Elementary School
2017-2018,AUSTIN ISD,Overton Elementary School,559,519,559,456,Elementary,100.0,30.300186,-97.6367,public,7201 COLONY LOOP DR,78724.0,Overton Elementary School
2017-2018,AUSTIN ISD,Perez Elementary School,650,581,650,467,Elementary,100.0,30.17085,-97.75624,public,7500 S PLEASANT VLY RD,78744.0,Perez Elementary School
2017-2018,AUSTIN ISD,Dobie Pk Center,209,199,2,163,Other,0.9569377990430622,,,,1200 RUNDBERG LN,78753.0,Dobie Pk Center
2017-2018,AUSTIN ISD,Webb Pri Center,246,227,246,210,Elementary,100.0,,,,601 E ST JOHNS AVE,78752.0,Webb Pri Center
2017-2018,AUSTIN ISD,Austin Isd Child Develementary Schoolopment Cente,170,170,2,59,Elementary,1.1764705882352942,,,,,,
2017-2018,AUSTIN ISD,Alternative Learning Center,101,82,2,95,High,1.98019801980198,30.268434999999997,-97.71007,public,900 NEAL ST,78702.0,Alternative Learning Center
2017-2018,AUSTIN ISD,Travis County Day School,8,5,0,8,High,0.0,30.335696999999996,-97.68336,public,8011 CAMERON RD STE B,78754.0,Travis County Day School
2017-2018,AUSTIN ISD,Richards Sch For Young Women Leade,827,445,7,137,High,0.8464328899637243,,,,,,
2017-2018,AUSTIN ISD,Travis County Juvenile Detention C,35,15,0,35,Other,0.0,,,,,,
2017-2018,AUSTIN ISD,Phoenix Academy,19,2,0,19,High,0.0,30.24414,-97.75614,public,400 W LIVE OAK,78704.0,Phoenix Academy
2017-2018,AUSTIN ISD,Leadership Academy,16,2,0,16,High,0.0,30.235638,-97.75366,public,2515 S CONGRESS,78704.0,Leadership Academy
2017-2018,AUSTIN ISD,Travis County J J A E P,2,2,0,2,Other,0.0,,,,1111 W 6TH ST,78703.0,Travis County J J A E P
2017-2018,AUSTIN ISD,Austin St Hospital,16,2,0,16,High,0.0,30.272375,-97.756516,public,1111 W 6TH ST,78703.0,Austin St Hospital
2017-2018,AUSTIN ISD,Rosedale,232,73,2,126,Elementary,0.8620689655172413,30.320051,-97.74019,public,2117 W 49TH ST,78756.0,Rosedale
2017-2018,AUSTIN ISD,Austin High School,2267,544,22,810,High,0.9704455227172476,30.273598,-97.76814,public,1715 W CESAR CHAVEZ,78703.0,Austin High School
2017-2018,AUSTIN ISD,Lanier High School,1586,1322,1586,1227,High,100.0,30.360209,-97.70832,public,1201 PEYTON GIN RD,78758.0,Lanier High School
2017-2018,AUSTIN ISD,Mccallum High School,1761,387,9,575,High,0.5110732538330494,30.327484000000002,-97.72887,public,5600 SUNSHINE DR,78756.0,Mccallum High School
2017-2018,AUSTIN ISD,Reagan High School,1252,1051,1252,931,High,100.0,30.324188,-97.69135,public,7104 BERKMAN DR,78752.0,Reagan High School
2017-2018,AUSTIN ISD,Travis High School,1233,954,1233,878,High,100.0,30.233839,-97.743256,public,1211 E OLTORF ST,78704.0,Travis High School
2017-2018,AUSTIN ISD,Crockett High School,1466,897,45,846,High,3.0695770804911318,30.214724,-97.79739000000001,public,5601 MANCHACA RD,78745.0,Crockett High School
2017-2018,AUSTIN ISD,Anderson High School,2222,493,24,732,High,1.08010801080108,30.37575,-97.75371,public,8403 MESA DR,78759.0,Anderson High School
2017-2018,AUSTIN ISD,Bowie High School,2880,301,13,636,High,0.4513888888888889,30.186369,-97.85873000000001,public,4103 SLAUGHTER LN,78749.0,Bowie High School
2017-2018,AUSTIN ISD,Lbj Highigh Schoolchool,799,596,799,538,High,100.0,,,,7309 LAZY CREEK DR,78724.0,Lbj Highigh Schoolchool
2017-2018,AUSTIN ISD,Garza Independence High School,169,56,9,138,High,5.325443786982248,30.277237,-97.72139,public,1600 CHICON,78702.0,Garza Independence High School
2017-2018,AUSTIN ISD,Akins High School,2765,1691,44,1621,High,1.5913200723327303,30.148984999999996,-97.80185999999999,public,10701 S 1ST ST,78748.0,Akins High School
2017-2018,AUSTIN ISD,Lasa High School,1186,98,2,29,High,0.16863406408094436,30.313496,-97.65666999999999,public,7309 LAZY CREEK DR,78724.0,Lasa High School
2017-2018,AUSTIN ISD,Eastside Memorial At The Johnston,491,436,491,384,High,100.0,,,,,,
2017-2018,AUSTIN ISD,Graduation Prep Academy Travis,164,121,2,159,Other,1.2195121951219512,,,,1211 E OLTORF,78704.0,Graduation Prep Academy Travis
2017-2018,AUSTIN ISD,Graduation Prep Academy Lanier,77,49,5,75,Other,6.493506493506493,,,,1201 PAYTON GIN RD,78758.0,Graduation Prep Academy Lanier
2017-2018,AUSTIN ISD,International High School,191,185,25,184,High,13.089005235602095,30.257113,-97.68205999999999,public,1012 ARTHUR STILES,78721.0,International High School
2017-2018,AUSTIN ISD,Fulmore Middle School,998,641,998,530,Middle,100.0,30.243927000000003,-97.750465,public,201 E MARY ST,78704.0,Fulmore Middle School
2017-2018,AUSTIN ISD,Kealing Middle School,1223,381,1223,261,Middle,100.0,30.270937,-97.72178000000001,public,1607 PENNSYLVANIA AVE,78702.0,Kealing Middle School
2017-2018,AUSTIN ISD,Lamar Middle School,1130,234,12,351,Middle,1.0619469026548674,30.337774,-97.74058000000001,public,6201 WYNONA AVE,78757.0,Lamar Middle School
2017-2018,AUSTIN ISD,Burnet Middle School,967,873,967,803,Middle,100.0,30.365074,-97.7256,public,8401 HATHAWAY DR,78757.0,Burnet Middle School
2017-2018,AUSTIN ISD,O Henry Middle,862,248,18,316,Middle,2.0881670533642693,,,,2610 W 10TH ST,78703.0,O Henry Middle
2017-2018,AUSTIN ISD,Martin Middle,450,419,450,366,Middle,100.0,,,,1601 HASKELL ST,78702.0,Martin Middle
2017-2018,AUSTIN ISD,Murchison Middle,1392,298,10,464,Middle,0.7183908045977011,,,,3700 N HILLS DR,78731.0,Murchison Middle
2017-2018,AUSTIN ISD,Webb Middle School,664,623,664,542,Middle,100.0,30.332413,-97.70740500000001,public,601 E ST JOHNS AVE,78752.0,Webb Middle School
2017-2018,AUSTIN ISD,Bedichek Middle,846,718,846,571,Middle,100.0,,,,6800 BILL HUGHES RD,78745.0,Bedichek Middle
2017-2018,AUSTIN ISD,Dobie Middle,579,534,579,465,Middle,100.0,,,,1200 RUNDBERG LN,78753.0,Dobie Middle
2017-2018,AUSTIN ISD,Covington Middle,660,389,165,368,Middle,25.0,,,,3700 CONVICT HILL RD,78749.0,Covington Middle
2017-2018,AUSTIN ISD,Mendez Middle School,646,583,646,554,Middle,100.0,30.188675,-97.74306,public,5106 VILLAGE SQ DR,78744.0,Mendez Middle School
2017-2018,AUSTIN ISD,Bailey Middle School,1006,316,9,404,Middle,0.8946322067594433,30.164225,-97.87241999999999,public,4020 LOST OASIS HOLLOW,78739.0,Bailey Middle School
2017-2018,AUSTIN ISD,Small Middle School,1231,316,14,443,Middle,1.1372867587327375,30.233706,-97.84200000000001,public,4801 MONTEREY OAKS BLVD,78749.0,Small Middle School
2017-2018,AUSTIN ISD,Paredes Middle School,892,653,892,586,Middle,100.0,30.165659,-97.81159,public,10100 S MARY MOORE SEARIGHT DR,78748.0,Paredes Middle School
2017-2018,AUSTIN ISD,Gorzycki Middle,1275,60,5,205,Middle,0.392156862745098,,,,7412 SLAUGHTER LN,78749.0,Gorzycki Middle
2017-2018,AUSTIN ISD,Garcia Ymla,390,357,390,323,Other,100.0,30.311397999999997,-97.64303000000001,public,7414 JOHNNY MORRIS RD,78724.0,Garcia Ymla
2017-2018,AUSTIN ISD,Sadler Means Ywla,388,359,388,309,Middle,100.0,30.313578000000003,-97.68073000000001,public,6401 N HAMPTON DR,78723.0,Sadler Means Ywla
